settlement_date,settlement_period,ssp,net_imbalance_volume,sell_price_adjustment,buy_price_adjustment,price_derivation_code,replacement_price,settlement_datetime,ssp_raw,is_spike,abs_imbalance_volume,price_derivation_code_P
2026-04-12,1,14.95,-480.82546296296294,0.0,0.0,N,14.95,2026-04-12 00:00:00,14.95,False,480.82546296296294,0
2026-04-12,2,10.63,-681.9143051990741,0.0,0.0,N,10.63,2026-04-12 00:30:00,10.63,False,681.9143051990741,0
2026-04-12,3,13.35,-646.8124538257575,0.0,0.0,N,13.35,2026-04-12 01:00:00,13.35,False,646.8124538257575,0
2026-04-12,4,1.94,-435.427641752892,0.0,0.0,N,1.94,2026-04-12 01:30:00,1.94,False,435.427641752892,0
2026-04-12,5,20.390548612775262,-324.42083337962964,0.0,0.0,N,20.821409361132044,2026-04-12 02:00:00,20.390548612775262,False,324.42083337962964,0
2026-04-12,6,14.24206777549455,-157.77798642045215,0.0,0.0,N,16.426225251795838,2026-04-12 02:30:00,14.24206777549455,False,157.77798642045215,0
2026-04-12,7,20.72,-475.14621759785354,0.0,0.0,N,20.72,2026-04-12 03:00:00,20.72,False,475.14621759785354,0
2026-04-12,8,12.93,-328.1776741861631,0.0,0.0,N,12.93,2026-04-12 03:30:00,12.93,False,328.1776741861631,0
2026-04-12,9,21.28,-288.9343996845324,0.0,0.0,N,21.28,2026-04-12 04:00:00,21.28,False,288.9343996845324,0
2026-04-12,10,21.69981247098466,-339.00397055555555,0.0,0.0,N,22.5766190749854,2026-04-12 04:30:00,21.69981247098466,False,339.00397055555555,0
2026-04-12,11,16.52975105458361,-456.7264711237374,0.0,0.0,N,16.659583333333334,2026-04-12 05:00:00,16.52975105458361,False,456.7264711237374,0
2026-04-12,12,12.437693300539976,-340.5584025453125,0.0,0.0,N,12.486875,2026-04-12 05:30:00,12.437693300539976,False,340.5584025453125,0
2026-04-12,13,29.02,-263.7563888587563,0.0,0.0,N,29.02,2026-04-12 06:00:00,29.02,False,263.7563888587563,0
2026-04-12,14,15.06762371217478,-208.52088355819996,0.0,0.0,N,15.089333333333334,2026-04-12 06:30:00,15.06762371217478,False,208.52088355819996,0
2026-04-12,15,66.2,131.54945922187122,0.0,0.0,P,66.2,2026-04-12 07:00:00,66.2,False,131.54945922187122,1
2026-04-12,16,80.0,47.794489408735494,0.0,0.0,P,80.0,2026-04-12 07:30:00,80.0,False,47.794489408735494,1
2026-04-12,17,50.61,-84.6773559920635,0.0,0.0,N,50.61,2026-04-12 08:00:00,50.61,False,84.6773559920635,0
2026-04-12,18,50.43,-368.89627083333335,0.0,0.0,N,50.43,2026-04-12 08:30:00,50.43,False,368.89627083333335,0
2026-04-12,19,-6.8561786147140635,-325.2317057306763,0.0,0.0,N,-5.717996783333334,2026-04-12 09:00:00,-6.8561786147140635,False,325.2317057306763,0
2026-04-12,20,24.82,-100.4455606999537,0.0,0.0,N,24.82,2026-04-12 09:30:00,24.82,False,100.4455606999537,0
2026-04-12,21,25.13,-144.82859094566416,0.0,0.0,N,25.13,2026-04-12 10:00:00,25.13,False,144.82859094566416,0
2026-04-12,22,55.0,227.14739510097223,0.0,0.0,P,55.0,2026-04-12 10:30:00,55.0,False,227.14739510097223,1
2026-04-12,23,49.87,119.85261772569444,0.0,0.0,P,49.87,2026-04-12 11:00:00,49.87,False,119.85261772569444,1
2026-04-12,24,44.2,9.500760462962964,0.0,0.0,P,44.2,2026-04-12 11:30:00,44.2,False,9.500760462962964,1
2026-04-12,25,46.42,19.927274212962963,0.0,0.0,P,46.42,2026-04-12 12:00:00,46.42,False,19.927274212962963,1
2026-04-12,26,49.6,4.882821547619048,0.0,0.0,P,49.6,2026-04-12 12:30:00,49.6,False,4.882821547619048,1
2026-04-12,27,65.3,313.59739143518516,0.0,0.0,P,65.3,2026-04-12 13:00:00,65.3,False,313.59739143518516,1
2026-04-12,28,-9.06145947275848,-124.6030699473351,0.0,0.0,N,-8.577926456742205,2026-04-12 13:30:00,-9.06145947275848,False,124.6030699473351,0
2026-04-12,29,0.0,-177.65795944614086,0.0,0.0,N,0.0,2026-04-12 14:00:00,0.0,False,177.65795944614086,0
2026-04-12,30,5.421680746889274,-44.81381311712743,0.0,0.0,N,8.138143688888889,2026-04-12 14:30:00,5.421680746889274,False,44.81381311712743,0
2026-04-12,31,24.07,-691.9583353086402,0.0,0.0,N,24.07,2026-04-12 15:00:00,24.07,False,691.9583353086402,0
2026-04-12,32,14.585173763593634,-679.5441029086667,0.0,0.0,N,16.410651224166667,2026-04-12 15:30:00,14.585173763593634,False,679.5441029086667,0
2026-04-12,33,20.0,-327.9139843027683,0.0,0.0,N,20.0,2026-04-12 16:00:00,20.0,False,327.9139843027683,0
2026-04-12,34,117.0,98.4870842546507,0.0,0.0,P,117.0,2026-04-12 16:30:00,117.0,False,98.4870842546507,1
2026-04-12,35,121.5,175.7891112037037,0.0,0.0,P,121.5,2026-04-12 17:00:00,121.5,False,175.7891112037037,1
2026-04-12,36,139.5,857.4488603024388,0.0,0.0,P,139.5,2026-04-12 17:30:00,139.5,False,857.4488603024388,1
2026-04-12,37,142.45,500.9663522325766,0.0,0.0,P,142.45,2026-04-12 18:00:00,142.45,False,500.9663522325766,1
2026-04-12,38,139.5,318.5049905804764,0.0,0.0,P,139.5,2026-04-12 18:30:00,139.5,False,318.5049905804764,1
2026-04-12,39,142.45,542.1896306317204,0.0,0.0,P,142.45,2026-04-12 19:00:00,142.45,False,542.1896306317204,1
2026-04-12,40,143.99,1005.0137506640256,0.0,0.0,P,143.99,2026-04-12 19:30:00,143.99,False,1005.0137506640256,1
2026-04-12,41,142.45,404.9513590996293,0.0,0.0,P,142.45,2026-04-12 20:00:00,142.45,False,404.9513590996293,1
2026-04-12,42,142.45,338.2628444871795,0.0,0.0,P,142.45,2026-04-12 20:30:00,142.45,False,338.2628444871795,1
2026-04-12,43,96.83,-17.498307092257416,0.0,0.0,N,96.83,2026-04-12 21:00:00,96.83,False,17.498307092257416,0
2026-04-12,44,119.59,-229.8030310373264,0.0,0.0,N,119.59,2026-04-12 21:30:00,119.59,False,229.8030310373264,0
2026-04-12,45,73.2452444298065,-150.09737575089127,0.0,0.0,N,73.62794134722222,2026-04-12 22:00:00,73.2452444298065,False,150.09737575089127,0
2026-04-12,46,122.18,40.698173461870255,0.0,0.0,P,122.18,2026-04-12 22:30:00,122.18,False,40.698173461870255,1
2026-04-12,47,107.48,-48.760093552973075,0.0,0.0,N,107.48,2026-04-12 23:00:00,107.48,False,48.760093552973075,0
2026-04-12,48,104.51,-244.1087145875421,0.0,0.0,N,104.51,2026-04-12 23:30:00,104.51,False,244.1087145875421,0
2026-04-13,1,111.9,51.75365631018721,0.0,0.0,P,111.9,2026-04-13 00:00:00,111.9,False,51.75365631018721,1
2026-04-13,2,111.9,84.7414892376894,0.0,0.0,P,111.9,2026-04-13 00:30:00,111.9,False,84.7414892376894,1
2026-04-13,3,111.9,61.833986573275865,0.0,0.0,P,111.9,2026-04-13 01:00:00,111.9,False,61.833986573275865,1
2026-04-13,4,117.9,157.69685501282052,0.0,0.0,P,117.9,2026-04-13 01:30:00,117.9,False,157.69685501282052,1
2026-04-13,5,127.0,224.0468590096154,0.0,0.0,P,127.0,2026-04-13 02:00:00,127.0,False,224.0468590096154,1
2026-04-13,6,127.0,353.88204871855487,0.0,0.0,P,127.0,2026-04-13 02:30:00,127.0,False,353.88204871855487,1
2026-04-13,7,127.0,253.09057224127673,0.0,0.0,P,127.0,2026-04-13 03:00:00,127.0,False,253.09057224127673,1
2026-04-13,8,127.0,358.1652441094011,0.0,0.0,P,127.0,2026-04-13 03:30:00,127.0,False,358.1652441094011,1
2026-04-13,9,127.0,325.7862295801472,0.0,0.0,P,127.0,2026-04-13 04:00:00,127.0,False,325.7862295801472,1
2026-04-13,10,127.4,432.5176029791939,0.0,0.0,P,127.4,2026-04-13 04:30:00,127.4,False,432.5176029791939,1
2026-04-13,11,146.64,543.0851070244872,0.0,0.0,P,146.64,2026-04-13 05:00:00,146.64,False,543.0851070244872,1
2026-04-13,12,147.0,335.4147759969697,0.0,0.0,P,147.0,2026-04-13 05:30:00,147.0,False,335.4147759969697,1
2026-04-13,13,160.0,362.9000807618478,0.0,0.0,P,160.0,2026-04-13 06:00:00,160.0,False,362.9000807618478,1
2026-04-13,14,175.33,1046.9857000322902,0.0,0.0,P,175.33,2026-04-13 06:30:00,175.33,False,1046.9857000322902,1
2026-04-13,15,177.22,916.700676162801,0.0,0.0,P,177.22,2026-04-13 07:00:00,177.22,False,916.700676162801,1
2026-04-13,16,199.1,1215.162542975434,0.0,0.0,P,199.1,2026-04-13 07:30:00,199.1,False,1215.162542975434,1
2026-04-13,17,215.32,856.1785349664751,0.0,0.0,P,215.32,2026-04-13 08:00:00,215.32,False,856.1785349664751,1
2026-04-13,18,179.91260442865885,185.85170299603175,0.0,0.0,P,179.91260442865885,2026-04-13 08:30:00,179.91260442865885,False,185.85170299603175,1
2026-04-13,19,80.0,-314.74500452380954,0.0,0.0,N,80.0,2026-04-13 09:00:00,80.0,False,314.74500452380954,0
2026-04-13,20,40.88,-370.1507131944445,0.0,0.0,N,40.88,2026-04-13 09:30:00,40.88,False,370.1507131944445,0
2026-04-13,21,91.91,-51.26340055555555,0.0,0.0,N,91.91,2026-04-13 10:00:00,91.91,False,51.26340055555555,0
2026-04-13,22,87.12,-91.91696428571429,0.0,0.0,N,87.12,2026-04-13 10:30:00,87.12,False,91.91696428571429,0
2026-04-13,23,97.3,5.0569444444444445,0.0,0.0,P,97.3,2026-04-13 11:00:00,97.3,False,5.0569444444444445,1
2026-04-13,24,94.05,-62.794441666666664,0.0,0.0,N,94.05,2026-04-13 11:30:00,94.05,False,62.794441666666664,0
2026-04-13,25,89.78,-130.02449917328042,0.0,0.0,N,89.78,2026-04-13 12:00:00,89.78,False,130.02449917328042,0
2026-04-13,26,88.82,-44.19487,0.0,0.0,N,88.82,2026-04-13 12:30:00,88.82,False,44.19487,0
2026-04-13,27,98.08,8.4125,0.0,0.0,P,98.08,2026-04-13 13:00:00,98.08,False,8.4125,1
2026-04-13,28,85.75,-166.36247895622895,0.0,0.0,N,85.75,2026-04-13 13:30:00,85.75,False,166.36247895622895,0
2026-04-13,29,121.45,173.50337339436027,0.0,0.0,P,121.45,2026-04-13 14:00:00,121.45,False,173.50337339436027,1
2026-04-13,30,122.89036231611884,13.976060284391536,0.0,0.0,P,122.89036231611884,2026-04-13 14:30:00,122.89036231611884,False,13.976060284391536,1
2026-04-13,31,85.75,-454.2435994706604,0.0,0.0,N,85.75,2026-04-13 15:00:00,85.75,False,454.2435994706604,0
2026-04-13,32,85.75,-457.5684670873379,0.0,0.0,N,85.75,2026-04-13 15:30:00,85.75,False,457.5684670873379,0
2026-04-13,33,85.78,-212.08743855926585,0.0,0.0,N,85.78,2026-04-13 16:00:00,85.78,False,212.08743855926585,0
2026-04-13,34,85.78,-280.34126823491306,0.0,0.0,N,85.78,2026-04-13 16:30:00,85.78,False,280.34126823491306,0
2026-04-13,35,85.78,-136.4533348611111,0.0,0.0,N,85.78,2026-04-13 17:00:00,85.78,False,136.4533348611111,0
2026-04-13,36,120.45,-56.02607638888889,0.0,0.0,N,120.45,2026-04-13 17:30:00,120.45,False,56.02607638888889,0
2026-04-13,37,121.62,-176.6761535103842,0.0,0.0,N,121.62,2026-04-13 18:00:00,121.62,False,176.6761535103842,0
2026-04-13,38,103.42,-230.21228398148148,0.0,0.0,N,103.42,2026-04-13 18:30:00,103.42,False,230.21228398148148,0
2026-04-13,39,117.11,-85.78232638888889,0.0,0.0,N,117.11,2026-04-13 19:00:00,117.11,False,85.78232638888889,0
2026-04-13,40,140.0,101.59641291666668,0.0,0.0,P,140.0,2026-04-13 19:30:00,140.0,False,101.59641291666668,1
2026-04-13,41,131.65,56.366057777777776,0.0,0.0,P,131.65,2026-04-13 20:00:00,131.65,False,56.366057777777776,1
2026-04-13,42,98.04798343619196,-47.88765611111111,0.0,0.0,N,98.51575,2026-04-13 20:30:00,98.04798343619196,False,47.88765611111111,0
2026-04-13,43,85.8,-77.86012999183006,0.0,0.0,N,85.8,2026-04-13 21:00:00,85.8,False,77.86012999183006,0
2026-04-13,44,85.8,-96.24552921719444,0.0,0.0,N,85.8,2026-04-13 21:30:00,85.8,False,96.24552921719444,0
2026-04-13,45,121.6,12.933609722222222,0.0,0.0,P,121.6,2026-04-13 22:00:00,121.6,False,12.933609722222222,1
2026-04-13,46,129.99,456.68307279833334,0.0,0.0,P,129.99,2026-04-13 22:30:00,129.99,False,456.68307279833334,1
2026-04-13,47,118.0,3.6072901388888887,0.0,0.0,P,118.0,2026-04-13 23:00:00,118.0,False,3.6072901388888887,1
2026-04-13,48,89.35,-25.5375,0.0,0.0,N,89.35,2026-04-13 23:30:00,89.35,False,25.5375,0
2026-04-14,1,99.34,98.75697115384617,0.0,0.0,P,99.34,2026-04-14 00:00:00,99.34,False,98.75697115384617,1
2026-04-14,2,98.33,20.59249861111111,0.0,0.0,P,98.33,2026-04-14 00:30:00,98.33,False,20.59249861111111,1
2026-04-14,3,88.65,-60.13819875,0.0,0.0,N,88.65,2026-04-14 01:00:00,88.65,False,60.13819875,0
2026-04-14,4,90.66,-50.083888888888886,0.0,0.0,N,90.66,2026-04-14 01:30:00,90.66,False,50.083888888888886,0
2026-04-14,5,82.12,-235.32027888888888,0.0,0.0,N,82.12,2026-04-14 02:00:00,82.12,False,235.32027888888888,0
2026-04-14,6,82.12,-148.77717391304347,0.0,0.0,N,82.12,2026-04-14 02:30:00,82.12,False,148.77717391304347,0
2026-04-14,7,124.31025033557864,201.0882830178904,0.0,0.0,P,124.12141666666666,2026-04-14 03:00:00,124.31025033557864,False,201.0882830178904,1
2026-04-14,8,105.01,0.6870514660493827,0.0,0.0,P,105.01,2026-04-14 03:30:00,105.01,False,0.6870514660493827,1
2026-04-14,9,81.25,-34.50277777777778,0.0,0.0,N,81.25,2026-04-14 04:00:00,81.25,False,34.50277777777778,0
2026-04-14,10,90.62067699742234,-68.21666666666667,0.0,0.0,N,90.62067699742234,2026-04-14 04:30:00,90.62067699742234,False,68.21666666666667,0
2026-04-14,11,142.56,154.60656565656566,0.0,0.0,P,142.56,2026-04-14 05:00:00,142.56,False,154.60656565656566,1
2026-04-14,12,137.61,58.53387021164021,0.0,0.0,P,137.61,2026-04-14 05:30:00,137.61,False,58.53387021164021,1
2026-04-14,13,144.5,65.43245483868185,0.0,0.0,P,144.5,2026-04-14 06:00:00,144.5,False,65.43245483868185,1
2026-04-14,14,157.5,421.6933486965812,0.0,0.0,P,157.5,2026-04-14 06:30:00,157.5,False,421.6933486965812,1
2026-04-14,15,144.5,118.32412771184065,0.0,0.0,P,144.5,2026-04-14 07:00:00,144.5,False,118.32412771184065,1
2026-04-14,16,146.9,303.99518518518516,0.0,0.0,P,146.9,2026-04-14 07:30:00,146.9,False,303.99518518518516,1
2026-04-14,17,95.4,-58.643496435185185,0.0,0.0,N,95.4,2026-04-14 08:00:00,95.4,False,58.643496435185185,0
2026-04-14,18,144.5,17.811515555555555,0.0,0.0,P,144.5,2026-04-14 08:30:00,144.5,False,17.811515555555555,1
2026-04-14,19,83.23,-264.7518122592593,0.0,0.0,N,83.23,2026-04-14 09:00:00,83.23,False,264.7518122592593,0
2026-04-14,20,82.26,-180.8352870967655,0.0,0.0,N,82.26,2026-04-14 09:30:00,82.26,False,180.8352870967655,0
2026-04-14,21,83.24,-145.5808095689033,0.0,0.0,N,83.24,2026-04-14 10:00:00,83.24,False,145.5808095689033,0
2026-04-14,22,81.14,-672.3330667171717,0.0,0.0,N,81.14,2026-04-14 10:30:00,81.14,False,672.3330667171717,0
2026-04-14,23,80.0,-331.29887191849815,0.0,0.0,N,80.0,2026-04-14 11:00:00,80.0,False,331.29887191849815,0
2026-04-14,24,80.0,-426.2736164145329,0.0,0.0,N,80.0,2026-04-14 11:30:00,80.0,False,426.2736164145329,0
2026-04-14,25,61.74,-327.110085814566,0.0,0.0,N,61.74,2026-04-14 12:00:00,61.74,False,327.110085814566,0
2026-04-14,26,63.45,-168.25640250314228,0.0,0.0,N,63.45,2026-04-14 12:30:00,63.45,False,168.25640250314228,0
2026-04-14,27,50.01,-488.78678030627583,0.0,0.0,N,50.01,2026-04-14 13:00:00,50.01,False,488.78678030627583,0
2026-04-14,28,40.95,-756.2866711869464,0.0,0.0,N,40.95,2026-04-14 13:30:00,40.95,False,756.2866711869464,0
2026-04-14,29,55.34,-331.4051128280574,0.0,0.0,N,55.34,2026-04-14 14:00:00,55.34,False,331.4051128280574,0
2026-04-14,30,71.01,-384.50614415868455,0.0,0.0,N,71.01,2026-04-14 14:30:00,71.01,False,384.50614415868455,0
2026-04-14,31,105.0,90.3406882559114,0.0,0.0,P,105.0,2026-04-14 15:00:00,105.0,False,90.3406882559114,1
2026-04-14,32,89.55,-5.891926758087201,0.0,0.0,N,89.55,2026-04-14 15:30:00,89.55,False,5.891926758087201,0
2026-04-14,33,97.28,-103.74792100308642,0.0,0.0,N,97.28,2026-04-14 16:00:00,97.28,False,103.74792100308642,0
2026-04-14,34,120.99,33.97476255277641,0.0,0.0,P,120.99,2026-04-14 16:30:00,120.99,False,33.97476255277641,1
2026-04-14,35,119.84,119.82509147726388,0.0,0.0,P,119.84,2026-04-14 17:00:00,119.84,False,119.82509147726388,1
2026-04-14,36,124.0,302.53182869723264,0.0,0.0,P,124.0,2026-04-14 17:30:00,124.0,False,302.53182869723264,1
2026-04-14,37,124.0,142.52475578702777,0.0,0.0,P,124.0,2026-04-14 18:00:00,124.0,False,142.52475578702777,1
2026-04-14,38,125.0097833285088,221.69445444444443,0.0,0.0,P,125.0097833285088,2026-04-14 18:30:00,125.0097833285088,False,221.69445444444443,1
2026-04-14,39,124.0,87.50688097222222,0.0,0.0,P,124.0,2026-04-14 19:00:00,124.0,False,87.50688097222222,1
2026-04-14,40,135.0,500.2014233333333,0.0,0.0,P,135.0,2026-04-14 19:30:00,135.0,False,500.2014233333333,1
2026-04-14,41,135.0,567.5485761682299,0.0,0.0,P,135.0,2026-04-14 20:00:00,135.0,False,567.5485761682299,1
2026-04-14,42,135.0,403.1258144755155,0.0,0.0,P,135.0,2026-04-14 20:30:00,135.0,False,403.1258144755155,1
2026-04-14,43,139.98,375.11843759656824,0.0,0.0,P,139.98,2026-04-14 21:00:00,139.98,False,375.11843759656824,1
2026-04-14,44,119.53,32.56174149556264,0.0,0.0,P,119.53,2026-04-14 21:30:00,119.53,False,32.56174149556264,1
2026-04-14,45,97.72,-82.75195194684945,0.0,0.0,N,97.72,2026-04-14 22:00:00,97.72,False,82.75195194684945,0
2026-04-14,46,119.5,147.81691018867244,0.0,0.0,P,119.5,2026-04-14 22:30:00,119.5,False,147.81691018867244,1
2026-04-14,47,101.41178529041385,93.53497524160738,0.0,0.0,P,101.41178529041385,2026-04-14 23:00:00,101.41178529041385,False,93.53497524160738,1
2026-04-14,48,73.94,-124.52875323412698,0.0,0.0,N,73.94,2026-04-14 23:30:00,73.94,False,124.52875323412698,0
2026-04-15,1,70.62797284069518,-97.54851639701104,0.0,0.0,N,75.33510668055555,2026-04-15 00:00:00,70.62797284069518,False,97.54851639701104,0
2026-04-15,2,53.47,-92.99188267825012,0.0,0.0,N,53.47,2026-04-15 00:30:00,53.47,False,92.99188267825012,0
2026-04-15,3,58.0,-24.01306728113734,0.0,0.0,N,58.0,2026-04-15 01:00:00,58.0,False,24.01306728113734,0
2026-04-15,4,85.0,3.5005871111111113,0.0,0.0,P,85.0,2026-04-15 01:30:00,85.0,False,3.5005871111111113,1
2026-04-15,5,87.5,96.22232641666666,0.0,0.0,P,87.5,2026-04-15 02:00:00,87.5,False,96.22232641666666,1
2026-04-15,6,97.0,223.41643505555555,0.0,0.0,P,97.0,2026-04-15 02:30:00,97.0,False,223.41643505555555,1
2026-04-15,7,98.0,216.14861305555556,0.0,0.0,P,98.0,2026-04-15 03:00:00,98.0,False,216.14861305555556,1
2026-04-15,8,95.53,81.96189927524773,0.0,0.0,P,95.53,2026-04-15 03:30:00,95.53,False,81.96189927524773,1
2026-04-15,9,111.21,177.56124050925925,0.0,0.0,P,111.21,2026-04-15 04:00:00,111.21,False,177.56124050925925,1
2026-04-15,10,107.0,37.07525142232639,0.0,0.0,P,107.0,2026-04-15 04:30:00,107.0,False,37.07525142232639,1
2026-04-15,11,71.94,-143.02058674302262,0.0,0.0,N,71.94,2026-04-15 05:00:00,71.94,False,143.02058674302262,0
2026-04-15,12,111.67,76.82794708333333,0.0,0.0,P,111.67,2026-04-15 05:30:00,111.67,False,76.82794708333333,1
2026-04-15,13,114.45,494.290315026903,0.0,0.0,P,114.45,2026-04-15 06:00:00,114.45,False,494.290315026903,1
2026-04-15,14,117.0,723.9439961111111,0.0,0.0,P,117.0,2026-04-15 06:30:00,117.0,False,723.9439961111111,1
2026-04-15,15,128.9,1209.011282263793,0.0,0.0,P,128.9,2026-04-15 07:00:00,128.9,False,1209.011282263793,1
2026-04-15,16,128.8,1534.971423229508,0.0,0.0,P,128.8,2026-04-15 07:30:00,128.8,False,1534.971423229508,1
2026-04-15,17,121.85,381.2147510231416,0.0,0.0,P,121.85,2026-04-15 08:00:00,121.85,False,381.2147510231416,1
2026-04-15,18,120.0,154.507971346688,0.0,0.0,P,120.0,2026-04-15 08:30:00,120.0,False,154.507971346688,1
2026-04-15,19,88.15,-201.05263083874425,0.0,0.0,N,88.15,2026-04-15 09:00:00,88.15,False,201.05263083874425,0
2026-04-15,20,74.34,-152.05892484307358,0.0,0.0,N,74.34,2026-04-15 09:30:00,74.34,False,152.05892484307358,0
2026-04-15,21,69.66,-113.81633428539554,0.0,0.0,N,69.66,2026-04-15 10:00:00,69.66,False,113.81633428539554,0
2026-04-15,22,63.4,-237.29941664213297,0.0,0.0,N,63.4,2026-04-15 10:30:00,63.4,False,237.29941664213297,0
2026-04-15,23,22.937329197662088,-328.8717609722222,0.0,0.0,N,23.212275375,2026-04-15 11:00:00,22.937329197662088,False,328.8717609722222,0
2026-04-15,24,7.82,-419.8751119298882,0.0,0.0,N,7.82,2026-04-15 11:30:00,7.82,False,419.8751119298882,0
2026-04-15,25,34.96,-254.06228735446527,0.0,0.0,N,34.96,2026-04-15 12:00:00,34.96,False,254.06228735446527,0
2026-04-15,26,64.7,128.52729607351344,0.0,0.0,P,64.7,2026-04-15 12:30:00,64.7,False,128.52729607351344,1
2026-04-15,27,72.0,244.7738013882137,0.0,0.0,P,72.0,2026-04-15 13:00:00,72.0,False,244.7738013882137,1
2026-04-15,28,112.0,713.2973851051348,0.0,0.0,P,112.0,2026-04-15 13:30:00,112.0,False,713.2973851051348,1
2026-04-15,29,113.5,901.4480020186096,0.0,0.0,P,113.5,2026-04-15 14:00:00,113.5,False,901.4480020186096,1
2026-04-15,30,113.0,893.3484804513889,0.0,0.0,P,113.0,2026-04-15 14:30:00,113.0,False,893.3484804513889,1
2026-04-15,31,114.79,375.81799098875695,0.0,0.0,P,114.79,2026-04-15 15:00:00,114.79,False,375.81799098875695,1
2026-04-15,32,84.82,-219.00711794871796,0.0,0.0,N,84.82,2026-04-15 15:30:00,84.82,False,219.00711794871796,0
2026-04-15,33,89.43,-181.492388034188,0.0,0.0,N,89.43,2026-04-15 16:00:00,89.43,False,181.492388034188,0
2026-04-15,34,83.0,-157.422606875,0.0,0.0,N,83.0,2026-04-15 16:30:00,83.0,False,157.422606875,0
2026-04-15,35,103.93,-112.9686577902903,0.0,0.0,N,103.93,2026-04-15 17:00:00,103.93,False,112.9686577902903,0
2026-04-15,36,45.0,-247.55343173754972,0.0,0.0,N,45.0,2026-04-15 17:30:00,45.0,False,247.55343173754972,0
2026-04-15,37,66.0,90.17232570906432,0.0,0.0,P,66.0,2026-04-15 18:00:00,66.0,False,90.17232570906432,1
2026-04-15,38,104.45,-123.8199044454876,0.0,0.0,N,104.45,2026-04-15 18:30:00,104.45,False,123.8199044454876,0
2026-04-15,39,103.6,-150.5796483478441,0.0,0.0,N,103.6,2026-04-15 19:00:00,103.6,False,150.5796483478441,0
2026-04-15,40,128.0122680483299,240.01613702941063,0.0,0.0,P,128.0122680483299,2026-04-15 19:30:00,128.0122680483299,False,240.01613702941063,1
2026-04-15,41,134.4,305.8984383234127,0.0,0.0,P,134.4,2026-04-15 20:00:00,134.4,False,305.8984383234127,1
2026-04-15,42,134.4,238.8466668829603,0.0,0.0,P,134.4,2026-04-15 20:30:00,134.4,False,238.8466668829603,1
2026-04-15,43,129.0,311.37602265497077,0.0,0.0,P,129.0,2026-04-15 21:00:00,129.0,False,311.37602265497077,1
2026-04-15,44,122.85,351.3254812332401,0.0,0.0,P,122.85,2026-04-15 21:30:00,122.85,False,351.3254812332401,1
2026-04-15,45,118.9,21.03438784152707,0.0,0.0,P,118.9,2026-04-15 22:00:00,118.9,False,21.03438784152707,1
2026-04-15,46,116.8,310.7025722978552,0.0,0.0,P,116.8,2026-04-15 22:30:00,116.8,False,310.7025722978552,1
2026-04-15,47,81.01,-24.023445731872293,0.0,0.0,N,81.01,2026-04-15 23:00:00,81.01,False,24.023445731872293,0
2026-04-15,48,65.48856026261883,-8.464565423881673,0.0,0.0,N,65.85966666666667,2026-04-15 23:30:00,65.48856026261883,False,8.464565423881673,0
2026-04-16,1,106.9,57.166533703715245,0.0,0.0,P,106.9,2026-04-16 00:00:00,106.9,False,57.166533703715245,1
2026-04-16,2,107.75,219.95046464646464,0.0,0.0,P,107.75,2026-04-16 00:30:00,107.75,False,219.95046464646464,1
2026-04-16,3,106.69,518.4855437247475,0.0,0.0,P,106.69,2026-04-16 01:00:00,106.69,False,518.4855437247475,1
2026-04-16,4,105.45,394.43186726851854,0.0,0.0,P,105.45,2026-04-16 01:30:00,105.45,False,394.43186726851854,1
2026-04-16,5,92.14,-38.20502404513889,0.0,0.0,N,92.14,2026-04-16 02:00:00,92.14,False,38.20502404513889,0
2026-04-16,6,68.58374456837981,-239.40244513888888,0.0,0.0,N,68.83483333333334,2026-04-16 02:30:00,68.58374456837981,False,239.40244513888888,0
2026-04-16,7,87.05,-1.8440959722222223,0.0,0.0,N,87.05,2026-04-16 03:00:00,87.05,False,1.8440959722222223,0
2026-04-16,8,86.7,-60.16739611111111,0.0,0.0,N,86.7,2026-04-16 03:30:00,86.7,False,60.16739611111111,0
2026-04-16,9,102.75,283.84055819444444,0.0,0.0,P,102.75,2026-04-16 04:00:00,102.75,False,283.84055819444444,1
2026-04-16,10,102.4,116.27409739365218,0.0,0.0,P,102.4,2026-04-16 04:30:00,102.4,False,116.27409739365218,1
2026-04-16,11,50.0,-96.88042033496733,0.0,0.0,N,50.0,2026-04-16 05:00:00,50.0,False,96.88042033496733,0
2026-04-16,12,55.0,-65.60976713911468,0.0,0.0,N,55.0,2026-04-16 05:30:00,55.0,False,65.60976713911468,0
2026-04-16,13,107.0,315.3734839432924,0.0,0.0,P,107.0,2026-04-16 06:00:00,107.0,False,315.3734839432924,1
2026-04-16,14,119.4,295.4808179513889,0.0,0.0,P,119.4,2026-04-16 06:30:00,119.4,False,295.4808179513889,1
2026-04-16,15,119.4,589.1607497012786,0.0,0.0,P,119.4,2026-04-16 07:00:00,119.4,False,589.1607497012786,1
2026-04-16,16,123.45,773.1259331392213,0.0,0.0,P,123.45,2026-04-16 07:30:00,123.45,False,773.1259331392213,1
2026-04-16,17,122.0,513.8981425504178,0.0,0.0,P,122.0,2026-04-16 08:00:00,122.0,False,513.8981425504178,1
2026-04-16,18,112.0,223.79043944031085,0.0,0.0,P,112.0,2026-04-16 08:30:00,112.0,False,223.79043944031085,1
2026-04-16,19,69.21,-96.3157624963925,0.0,0.0,N,69.21,2026-04-16 09:00:00,69.21,False,96.3157624963925,0
2026-04-16,20,40.0,-259.61151878787877,0.0,0.0,N,40.0,2026-04-16 09:30:00,40.0,False,259.61151878787877,0
2026-04-16,21,102.92,97.45931875,0.0,0.0,P,102.92,2026-04-16 10:00:00,102.92,False,97.45931875,1
2026-04-16,22,101.5,306.1811277640218,0.0,0.0,P,101.5,2026-04-16 10:30:00,101.5,False,306.1811277640218,1
2026-04-16,23,93.87227112469186,55.87707218205101,0.0,0.0,P,93.87227112469186,2026-04-16 11:00:00,93.87227112469186,False,55.87707218205101,1
2026-04-16,24,111.45,215.56549958333332,0.0,0.0,P,111.45,2026-04-16 11:30:00,111.45,False,215.56549958333332,1
2026-04-16,25,65.93,-23.580282222222223,0.0,0.0,N,65.93,2026-04-16 12:00:00,65.93,False,23.580282222222223,0
2026-04-16,26,58.4,-211.07522833333337,0.0,0.0,N,58.4,2026-04-16 12:30:00,58.4,False,211.07522833333337,0
2026-04-16,27,9.37,-293.40629583333333,0.0,0.0,N,9.37,2026-04-16 13:00:00,9.37,False,293.40629583333333,0
2026-04-16,28,43.66,-220.40453763888888,0.0,0.0,N,43.66,2026-04-16 13:30:00,43.66,False,220.40453763888888,0
2026-04-16,29,11.5,-288.51205039473683,0.0,0.0,N,11.5,2026-04-16 14:00:00,11.5,False,288.51205039473683,0
2026-04-16,30,11.5,-312.47449921213894,0.0,0.0,N,11.5,2026-04-16 14:30:00,11.5,False,312.47449921213894,0
2026-04-16,31,50.17,-70.27140059523809,0.0,0.0,N,50.17,2026-04-16 15:00:00,50.17,False,70.27140059523809,0
2026-04-16,32,49.17,-291.7401650568499,0.0,0.0,N,49.17,2026-04-16 15:30:00,49.17,False,291.7401650568499,0
2026-04-16,33,40.0,-323.67147938492064,0.0,0.0,N,40.0,2026-04-16 16:00:00,40.0,False,323.67147938492064,0
2026-04-16,34,49.580678817494,-631.6603867320262,0.0,0.0,N,49.78,2026-04-16 16:30:00,49.580678817494,False,631.6603867320262,0
2026-04-16,35,75.1,-323.7113636363636,0.0,0.0,N,75.1,2026-04-16 17:00:00,75.1,False,323.7113636363636,0
2026-04-16,36,74.27821366672036,-222.805346998366,0.0,0.0,N,74.508,2026-04-16 17:30:00,74.27821366672036,False,222.805346998366,0
2026-04-16,37,88.11,-255.37177479846943,0.0,0.0,N,88.11,2026-04-16 18:00:00,88.11,False,255.37177479846943,0
2026-04-16,38,137.46,89.33023110150879,0.0,0.0,P,137.46,2026-04-16 18:30:00,137.46,False,89.33023110150879,1
2026-04-16,39,79.15,-329.70307550958177,0.0,0.0,N,79.15,2026-04-16 19:00:00,79.15,False,329.70307550958177,0
2026-04-16,40,115.39,-133.97290604575164,0.0,0.0,N,115.39,2026-04-16 19:30:00,115.39,False,133.97290604575164,0
2026-04-16,41,125.0,45.36396981223854,0.0,0.0,P,125.0,2026-04-16 20:00:00,125.0,False,45.36396981223854,1
2026-04-16,42,140.0,536.8905140873015,0.0,0.0,P,140.0,2026-04-16 20:30:00,140.0,False,536.8905140873015,1
2026-04-16,43,137.49,317.72287012566136,0.0,0.0,P,137.49,2026-04-16 21:00:00,137.49,False,317.72287012566136,1
2026-04-16,44,125.0,202.08499236359737,0.0,0.0,P,125.0,2026-04-16 21:30:00,125.0,False,202.08499236359737,1
2026-04-16,45,69.33759617857315,-87.00620515873015,0.0,0.0,N,69.93174079166667,2026-04-16 22:00:00,69.33759617857315,False,87.00620515873015,0
2026-04-16,46,121.35774237348542,297.62870244692346,0.0,0.0,P,121.35774237348542,2026-04-16 22:30:00,121.35774237348542,False,297.62870244692346,1
2026-04-16,47,115.8,125.54357582142858,0.0,0.0,P,115.8,2026-04-16 23:00:00,115.8,False,125.54357582142858,1
2026-04-16,48,111.9,111.27797148576096,0.0,0.0,P,111.9,2026-04-16 23:30:00,111.9,False,111.27797148576096,1
2026-04-17,1,109.45,22.842120456862745,0.0,0.0,P,109.45,2026-04-17 00:00:00,109.45,False,22.842120456862745,1
2026-04-17,2,79.99,-75.7320208185863,0.0,0.0,N,79.99,2026-04-17 00:30:00,79.99,False,75.7320208185863,0
2026-04-17,3,76.03,-395.2598306746032,0.0,0.0,N,76.03,2026-04-17 01:00:00,76.03,False,395.2598306746032,0
2026-04-17,4,73.15439651722349,-270.6805425,0.0,0.0,N,75.119547625,2026-04-17 01:30:00,73.15439651722349,False,270.6805425,0
2026-04-17,5,90.38,-178.24011638888888,0.0,0.0,N,90.38,2026-04-17 02:00:00,90.38,False,178.24011638888888,0
2026-04-17,6,85.93,-240.0274031911376,0.0,0.0,N,85.93,2026-04-17 02:30:00,85.93,False,240.0274031911376,0
2026-04-17,7,100.0,93.7527699118166,0.0,0.0,P,100.0,2026-04-17 03:00:00,100.0,False,93.7527699118166,1
2026-04-17,8,100.5,139.3483904149108,0.0,0.0,P,100.5,2026-04-17 03:30:00,100.5,False,139.3483904149108,1
2026-04-17,9,103.78,52.44541434653916,0.0,0.0,P,103.78,2026-04-17 04:00:00,103.78,False,52.44541434653916,1
2026-04-17,10,103.78,184.12705413694908,0.0,0.0,P,103.78,2026-04-17 04:30:00,103.78,False,184.12705413694908,1
2026-04-17,11,94.68,-217.54698845238096,0.0,0.0,N,94.68,2026-04-17 05:00:00,94.68,False,217.54698845238096,0
2026-04-17,12,119.6,131.52678944444443,0.0,0.0,P,119.6,2026-04-17 05:30:00,119.6,False,131.52678944444443,1
2026-04-17,13,120.0,172.69241349206348,0.0,0.0,P,120.0,2026-04-17 06:00:00,120.0,False,172.69241349206348,1
2026-04-17,14,123.45,421.22855958581295,0.0,0.0,P,123.45,2026-04-17 06:30:00,123.45,False,421.22855958581295,1
2026-04-17,15,91.79,-55.25455751957541,0.0,0.0,N,91.79,2026-04-17 07:00:00,91.79,False,55.25455751957541,0
2026-04-17,16,134.0,385.84636230962553,0.0,0.0,P,134.0,2026-04-17 07:30:00,134.0,False,385.84636230962553,1
2026-04-17,17,134.0,531.3025634611304,0.0,0.0,P,134.0,2026-04-17 08:00:00,134.0,False,531.3025634611304,1
2026-04-17,18,78.57,-18.372387030803488,0.0,0.0,N,78.57,2026-04-17 08:30:00,78.57,False,18.372387030803488,0
2026-04-17,19,52.87,-96.5989934634127,0.0,0.0,N,52.87,2026-04-17 09:00:00,52.87,False,96.5989934634127,0
2026-04-17,20,54.31,-94.2502806679894,0.0,0.0,N,54.31,2026-04-17 09:30:00,54.31,False,94.2502806679894,0
2026-04-17,21,51.35,-158.66871380182926,0.0,0.0,N,51.35,2026-04-17 10:00:00,51.35,False,158.66871380182926,0
2026-04-17,22,44.05,-292.6981071408402,0.0,0.0,N,44.05,2026-04-17 10:30:00,44.05,False,292.6981071408402,0
2026-04-17,23,30.16,-292.8456514408668,0.0,0.0,N,30.16,2026-04-17 11:00:00,30.16,False,292.8456514408668,0
2026-04-17,24,24.51,-208.830805,0.0,0.0,N,24.51,2026-04-17 11:30:00,24.51,False,208.830805,0
2026-04-17,25,23.26,-430.06102591555185,0.0,0.0,N,23.26,2026-04-17 12:00:00,23.26,False,430.06102591555185,0
2026-04-17,26,-1.987852333128964,-428.09805680555553,0.0,0.0,N,-1.9686755555555555,2026-04-17 12:30:00,-1.987852333128964,False,428.09805680555553,0
2026-04-17,27,26.961728027080568,-229.48734973039217,0.0,0.0,N,32.19900505555555,2026-04-17 13:00:00,26.961728027080568,False,229.48734973039217,0
2026-04-17,28,41.98,-183.933624359678,0.0,0.0,N,41.98,2026-04-17 13:30:00,41.98,False,183.933624359678,0
2026-04-17,29,85.51,257.62598305555554,0.0,0.0,P,85.51,2026-04-17 14:00:00,85.51,False,257.62598305555554,1
2026-04-17,30,86.59,270.20321976539657,0.0,0.0,P,86.59,2026-04-17 14:30:00,86.59,False,270.20321976539657,1
2026-04-17,31,67.81004048582996,184.92488135212415,0.0,0.0,P,67.81004048582996,2026-04-17 15:00:00,67.81004048582996,False,184.92488135212415,1
2026-04-17,32,71.2,-95.46777223944876,0.0,0.0,N,71.2,2026-04-17 15:30:00,71.2,False,95.46777223944876,0
2026-04-17,33,64.15,-227.31127268518517,0.0,0.0,N,64.15,2026-04-17 16:00:00,64.15,False,227.31127268518517,0
2026-04-17,34,85.0,-194.96349006436316,0.0,0.0,N,85.0,2026-04-17 16:30:00,85.0,False,194.96349006436316,0
2026-04-17,35,87.08,-419.9642275942461,0.0,0.0,N,87.08,2026-04-17 17:00:00,87.08,False,419.9642275942461,0
2026-04-17,36,77.63,-478.9978272997685,0.0,0.0,N,77.63,2026-04-17 17:30:00,77.63,False,478.9978272997685,0
2026-04-17,37,102.604570505829,-96.23411957070708,0.0,0.0,N,102.81694386666666,2026-04-17 18:00:00,102.604570505829,False,96.23411957070708,0
2026-04-17,38,117.0,144.1995967175478,0.0,0.0,P,117.0,2026-04-17 18:30:00,117.0,False,144.1995967175478,1
2026-04-17,39,130.0,529.9755665715962,0.0,0.0,P,130.0,2026-04-17 19:00:00,130.0,False,529.9755665715962,1
2026-04-17,40,132.0,311.75443818703997,0.0,0.0,P,132.0,2026-04-17 19:30:00,132.0,False,311.75443818703997,1
2026-04-17,41,133.4,377.86485064870976,0.0,0.0,P,133.4,2026-04-17 20:00:00,133.4,False,377.86485064870976,1
2026-04-17,42,129.25,478.816278363752,0.0,0.0,P,129.25,2026-04-17 20:30:00,129.25,False,478.816278363752,1
2026-04-17,43,124.5,153.10418021566596,0.0,0.0,P,124.5,2026-04-17 21:00:00,124.5,False,153.10418021566596,1
2026-04-17,44,75.03,-18.53539588568376,0.0,0.0,N,75.03,2026-04-17 21:30:00,75.03,False,18.53539588568376,0
2026-04-17,45,71.79732137117955,-43.6444974186057,0.0,0.0,N,71.79732137117955,2026-04-17 22:00:00,71.79732137117955,False,43.6444974186057,0
2026-04-17,46,123.49,276.1912680134381,0.0,0.0,P,123.49,2026-04-17 22:30:00,123.49,False,276.1912680134381,1
2026-04-17,47,120.45,324.28892277777777,0.0,0.0,P,120.45,2026-04-17 23:00:00,120.45,False,324.28892277777777,1
2026-04-17,48,110.0,106.99598990272618,0.0,0.0,P,110.0,2026-04-17 23:30:00,110.0,False,106.99598990272618,1
2026-04-18,1,97.47,-176.81548180555555,0.0,0.0,N,97.47,2026-04-18 00:00:00,97.47,False,176.81548180555555,0
2026-04-18,2,95.11,-480.5558382616488,0.0,0.0,N,95.11,2026-04-18 00:30:00,95.11,False,480.5558382616488,0
2026-04-18,3,88.89,-682.3735001685528,0.0,0.0,N,88.89,2026-04-18 01:00:00,88.89,False,682.3735001685528,0
2026-04-18,4,86.42,-317.14194406852926,0.0,0.0,N,86.42,2026-04-18 01:30:00,86.42,False,317.14194406852926,0
2026-04-18,5,85.16,-350.7661763117284,0.0,0.0,N,85.16,2026-04-18 02:00:00,85.16,False,350.7661763117284,0
2026-04-18,6,48.274880132282014,-416.8330236882716,0.0,0.0,N,49.24923805,2026-04-18 02:30:00,48.274880132282014,False,416.8330236882716,0
2026-04-18,7,57.77912275234041,-422.8072959722222,0.0,0.0,N,58.935,2026-04-18 03:00:00,57.77912275234041,False,422.8072959722222,0
2026-04-18,8,69.81,-411.7981238095238,0.0,0.0,N,69.81,2026-04-18 03:30:00,69.81,False,411.7981238095238,0
2026-04-18,9,66.36,-135.0984528968254,0.0,0.0,N,66.36,2026-04-18 04:00:00,66.36,False,135.0984528968254,0
2026-04-18,10,67.22,-10.110379464285714,0.0,0.0,N,67.22,2026-04-18 04:30:00,67.22,False,10.110379464285714,0
2026-04-18,11,66.55,-74.47988169293762,0.0,0.0,N,66.55,2026-04-18 05:00:00,66.55,False,74.47988169293762,0
2026-04-18,12,68.78,-73.76707093253968,0.0,0.0,N,68.78,2026-04-18 05:30:00,68.78,False,73.76707093253968,0
2026-04-18,13,48.77,-151.97923822916667,0.0,0.0,N,48.77,2026-04-18 06:00:00,48.77,False,151.97923822916667,0
2026-04-18,14,49.16,-8.313681391568593,0.0,0.0,N,49.16,2026-04-18 06:30:00,49.16,False,8.313681391568593,0
2026-04-18,15,42.58932855534297,-142.5197879713081,0.0,0.0,N,43.55575,2026-04-18 07:00:00,42.58932855534297,False,142.5197879713081,0
2026-04-18,16,52.0,-103.95782673883444,0.0,0.0,N,52.0,2026-04-18 07:30:00,52.0,False,103.95782673883444,0
2026-04-18,17,37.34,-102.44264203703705,0.0,0.0,N,37.34,2026-04-18 08:00:00,37.34,False,102.44264203703705,0
2026-04-18,18,10.0,-171.6454921604727,0.0,0.0,N,10.0,2026-04-18 08:30:00,10.0,False,171.6454921604727,0
2026-04-18,19,10.0,-266.48099123015874,0.0,0.0,N,10.0,2026-04-18 09:00:00,10.0,False,266.48099123015874,0
2026-04-18,20,19.55476196405852,-237.94796194444444,0.0,0.0,N,19.694,2026-04-18 09:30:00,19.55476196405852,False,237.94796194444444,0
2026-04-18,21,12.62,-262.3270884722222,0.0,0.0,N,12.62,2026-04-18 10:00:00,12.62,False,262.3270884722222,0
2026-04-18,22,59.99,41.82531898148148,0.0,0.0,P,59.99,2026-04-18 10:30:00,59.99,False,41.82531898148148,1
2026-04-18,23,115.0,406.9941990497835,0.0,0.0,P,115.0,2026-04-18 11:00:00,115.0,False,406.9941990497835,1
2026-04-18,24,112.95,257.1322120984961,0.0,0.0,P,112.95,2026-04-18 11:30:00,112.95,False,257.1322120984961,1
2026-04-18,25,112.75,131.52335666666667,0.0,0.0,P,112.75,2026-04-18 12:00:00,112.75,False,131.52335666666667,1
2026-04-18,26,42.97,-32.12356347222222,0.0,0.0,N,42.97,2026-04-18 12:30:00,42.97,False,32.12356347222222,0
2026-04-18,27,85.89,68.01492104166667,0.0,0.0,P,85.89,2026-04-18 13:00:00,85.89,False,68.01492104166667,1
2026-04-18,28,90.23,104.9322671548542,0.0,0.0,P,90.23,2026-04-18 13:30:00,90.23,False,104.9322671548542,1
2026-04-18,29,97.75,49.44540902777778,0.0,0.0,P,97.75,2026-04-18 14:00:00,97.75,False,49.44540902777778,1
2026-04-18,30,103.89920865315804,91.99012,0.0,0.0,P,103.89920865315804,2026-04-18 14:30:00,103.89920865315804,False,91.99012,1
2026-04-18,31,0.0,-289.43288655982906,0.0,0.0,N,0.0,2026-04-18 15:00:00,0.0,False,289.43288655982906,0
2026-04-18,32,2.0,-195.17282051282052,0.0,0.0,N,2.0,2026-04-18 15:30:00,2.0,False,195.17282051282052,0
2026-04-18,33,2.0,-281.44640120689655,0.0,0.0,N,2.0,2026-04-18 16:00:00,2.0,False,281.44640120689655,0
2026-04-18,34,72.78,-396.07416666666666,0.0,0.0,N,72.78,2026-04-18 16:30:00,72.78,False,396.07416666666666,0
2026-04-18,35,91.13,-409.1705555555555,0.0,0.0,N,91.13,2026-04-18 17:00:00,91.13,False,409.1705555555555,0
2026-04-18,36,93.55,-448.1734135648149,0.0,0.0,N,93.55,2026-04-18 17:30:00,93.55,False,448.1734135648149,0
2026-04-18,37,99.51,-402.04366013071893,0.0,0.0,N,99.51,2026-04-18 18:00:00,99.51,False,402.04366013071893,0
2026-04-18,38,103.4248091933646,-69.47300375064123,0.0,0.0,N,105.459783783992,2026-04-18 18:30:00,103.4248091933646,False,69.47300375064123,0
2026-04-18,39,113.46,-292.1801161337513,0.0,0.0,N,113.46,2026-04-18 19:00:00,113.46,False,292.1801161337513,0
2026-04-18,40,79.87,-271.01540714358225,0.0,0.0,N,79.87,2026-04-18 19:30:00,79.87,False,271.01540714358225,0
2026-04-18,41,75.74513020509964,-326.51132778846153,0.0,0.0,N,78.12133333333334,2026-04-18 20:00:00,75.74513020509964,False,326.51132778846153,0
2026-04-18,42,77.18127212867392,-40.61765046296296,0.0,0.0,N,79.0115,2026-04-18 20:30:00,77.18127212867392,False,40.61765046296296,0
2026-04-18,43,100.0,6.236907638888889,0.0,0.0,P,100.0,2026-04-18 21:00:00,100.0,False,6.236907638888889,1
2026-04-18,44,74.33,-87.70354916666666,0.0,0.0,N,74.33,2026-04-18 21:30:00,74.33,False,87.70354916666666,0
2026-04-18,45,73.0,-269.73333333333335,0.0,0.0,N,73.0,2026-04-18 22:00:00,73.0,False,269.73333333333335,0
2026-04-18,46,71.56396622858598,-242.31277777777777,0.0,0.0,N,71.98283333333333,2026-04-18 22:30:00,71.56396622858598,False,242.31277777777777,0
2026-04-18,47,94.18,3.492878861111111,0.0,0.0,P,94.18,2026-04-18 23:00:00,94.18,False,3.492878861111111,1
2026-04-18,48,70.05089766714005,-231.27980402777777,0.0,0.0,N,70.11,2026-04-18 23:30:00,70.05089766714005,False,231.27980402777777,0
2026-04-19,1,102.68,54.42056548609259,0.0,0.0,P,102.68,2026-04-19 00:00:00,102.68,False,54.42056548609259,1
2026-04-19,2,61.24,-29.76431125,0.0,0.0,N,61.24,2026-04-19 00:30:00,61.24,False,29.76431125,0
2026-04-19,3,102.72,52.891026705943915,0.0,0.0,P,102.72,2026-04-19 01:00:00,102.72,False,52.891026705943915,1
2026-04-19,4,108.9,80.86103444444444,0.0,0.0,P,108.9,2026-04-19 01:30:00,108.9,False,80.86103444444444,1
2026-04-19,5,108.9,154.02168874368687,0.0,0.0,P,108.9,2026-04-19 02:00:00,108.9,False,154.02168874368687,1
2026-04-19,6,104.95844301329268,71.95206037820513,0.0,0.0,P,104.95844301329268,2026-04-19 02:30:00,104.95844301329268,False,71.95206037820513,1
2026-04-19,7,94.35,-59.341667638888886,0.0,0.0,N,94.35,2026-04-19 03:00:00,94.35,False,59.341667638888886,0
2026-04-19,8,77.45,-25.62916625,0.0,0.0,N,77.45,2026-04-19 03:30:00,77.45,False,25.62916625,0
2026-04-19,9,98.07,17.01101068121693,0.0,0.0,P,98.07,2026-04-19 04:00:00,98.07,False,17.01101068121693,1
2026-04-19,10,103.61,66.75773319444444,0.0,0.0,P,103.61,2026-04-19 04:30:00,103.61,False,66.75773319444444,1
2026-04-19,11,114.5,219.98064274440836,0.0,0.0,P,114.5,2026-04-19 05:00:00,114.5,False,219.98064274440836,1
2026-04-19,12,113.95,92.07424242424244,0.0,0.0,P,113.95,2026-04-19 05:30:00,113.95,False,92.07424242424244,1
2026-04-19,13,67.67,-174.58814194444443,0.0,0.0,N,67.67,2026-04-19 06:00:00,67.67,False,174.58814194444443,0
2026-04-19,14,103.28,36.83230291666667,0.0,0.0,P,103.28,2026-04-19 06:30:00,103.28,False,36.83230291666667,1
2026-04-19,15,116.49,64.30277777777778,0.0,0.0,P,116.49,2026-04-19 07:00:00,116.49,False,64.30277777777778,1
2026-04-19,16,116.49,55.8333324464887,0.0,0.0,P,116.49,2026-04-19 07:30:00,116.49,False,55.8333324464887,1
2026-04-19,17,123.5,378.05,0.0,0.0,P,123.5,2026-04-19 08:00:00,123.5,False,378.05,1
2026-04-19,18,116.5,82.53583333333333,0.0,0.0,P,116.5,2026-04-19 08:30:00,116.5,False,82.53583333333333,1
2026-04-19,19,55.75,-24.205,0.0,0.0,N,55.75,2026-04-19 09:00:00,55.75,False,24.205,0
2026-04-19,20,46.46,-186.86435833333337,0.0,0.0,N,46.46,2026-04-19 09:30:00,46.46,False,186.86435833333337,0
2026-04-19,21,116.5,126.21111111111112,0.0,0.0,P,116.5,2026-04-19 10:00:00,116.5,False,126.21111111111112,1
2026-04-19,22,38.47,-105.00355694444444,0.0,0.0,N,38.47,2026-04-19 10:30:00,38.47,False,105.00355694444444,0
2026-04-19,23,42.26,-162.05972041666666,0.0,0.0,N,42.26,2026-04-19 11:00:00,42.26,False,162.05972041666666,0
2026-04-19,24,116.5,209.6032552020202,0.0,0.0,P,116.5,2026-04-19 11:30:00,116.5,False,209.6032552020202,1
2026-04-19,25,116.5,141.6494795115,0.0,0.0,P,116.5,2026-04-19 12:00:00,116.5,False,141.6494795115,1
2026-04-19,26,133.0,342.845,0.0,0.0,P,133.0,2026-04-19 12:30:00,133.0,False,342.845,1
2026-04-19,27,110.0,550.0728394444444,0.0,0.0,P,110.0,2026-04-19 13:00:00,110.0,False,550.0728394444444,1
2026-04-19,28,106.74,110.20131875,0.0,0.0,P,106.74,2026-04-19 13:30:00,106.74,False,110.20131875,1
2026-04-19,29,111.0,54.43780152777778,0.0,0.0,P,111.0,2026-04-19 14:00:00,111.0,False,54.43780152777778,1
2026-04-19,30,115.95,317.6594990895062,0.0,0.0,P,115.95,2026-04-19 14:30:00,115.95,False,317.6594990895062,1
2026-04-19,31,115.95,36.50198209876543,0.0,0.0,P,115.95,2026-04-19 15:00:00,115.95,False,36.50198209876543,1
2026-04-19,32,75.76,-111.80445366525424,0.0,0.0,N,75.76,2026-04-19 15:30:00,75.76,False,111.80445366525424,0
2026-04-19,33,73.0,-194.0643453917633,0.0,0.0,N,73.0,2026-04-19 16:00:00,73.0,False,194.0643453917633,0
2026-04-19,34,73.0,-76.47294761363636,0.0,0.0,N,73.0,2026-04-19 16:30:00,73.0,False,76.47294761363636,0
2026-04-19,35,77.69,-115.39806054945056,0.0,0.0,N,77.69,2026-04-19 17:00:00,77.69,False,115.39806054945056,0
2026-04-19,36,79.01,-144.3589368964369,0.0,0.0,N,79.01,2026-04-19 17:30:00,79.01,False,144.3589368964369,0
2026-04-19,37,81.0,-64.15492641256313,0.0,0.0,N,81.0,2026-04-19 18:00:00,81.0,False,64.15492641256313,0
2026-04-19,38,137.6,205.87964646464647,0.0,0.0,P,137.6,2026-04-19 18:30:00,137.6,False,205.87964646464647,1
2026-04-19,39,137.6,146.46021343434722,0.0,0.0,P,137.6,2026-04-19 19:00:00,137.6,False,146.46021343434722,1
2026-04-19,40,94.61,-76.02649847040584,0.0,0.0,N,94.61,2026-04-19 19:30:00,94.61,False,76.02649847040584,0
2026-04-19,41,137.6,163.35000083333333,0.0,0.0,P,137.6,2026-04-19 20:00:00,137.6,False,163.35000083333333,1
2026-04-19,42,97.57,-61.520001160910574,0.0,0.0,N,97.57,2026-04-19 20:30:00,97.57,False,61.520001160910574,0
2026-04-19,43,140.0,188.3288333712121,0.0,0.0,P,140.0,2026-04-19 21:00:00,140.0,False,188.3288333712121,1
2026-04-19,44,140.0,106.16292238351257,0.0,0.0,P,140.0,2026-04-19 21:30:00,140.0,False,106.16292238351257,1
2026-04-19,45,140.0,14.43181698205916,0.0,0.0,P,140.0,2026-04-19 22:00:00,140.0,False,14.43181698205916,1
2026-04-19,46,80.0,-246.1193089557785,0.0,0.0,N,80.0,2026-04-19 22:30:00,80.0,False,246.1193089557785,0
2026-04-19,47,83.25,-157.28269891349217,0.0,0.0,N,83.25,2026-04-19 23:00:00,83.25,False,157.28269891349217,0
2026-04-19,48,79.01,-284.8908853074549,0.0,0.0,N,79.01,2026-04-19 23:30:00,79.01,False,284.8908853074549,0
2026-04-20,1,79.01,-156.047854319923,0.0,0.0,N,79.01,2026-04-20 00:00:00,79.01,False,156.047854319923,0
2026-04-20,2,79.1,-175.82170287061794,0.0,0.0,N,79.1,2026-04-20 00:30:00,79.1,False,175.82170287061794,0
2026-04-20,3,79.01,-233.14803898723255,0.0,0.0,N,79.01,2026-04-20 01:00:00,79.01,False,233.14803898723255,0
2026-04-20,4,79.87012658227849,-67.11576253968254,0.0,0.0,N,79.87012658227849,2026-04-20 01:30:00,79.87012658227849,False,67.11576253968254,0
2026-04-20,5,79.01,-191.46862828431372,0.0,0.0,N,79.01,2026-04-20 02:00:00,79.01,False,191.46862828431372,0
2026-04-20,6,79.01,-181.5237848366013,0.0,0.0,N,79.01,2026-04-20 02:30:00,79.01,False,181.5237848366013,0
2026-04-20,7,79.02,-146.60332412457913,0.0,0.0,N,79.02,2026-04-20 03:00:00,79.02,False,146.60332412457913,0
2026-04-20,8,79.01,-210.8127548225957,0.0,0.0,N,79.01,2026-04-20 03:30:00,79.01,False,210.8127548225957,0
2026-04-20,9,79.01,-464.3536784824629,0.0,0.0,N,79.01,2026-04-20 04:00:00,79.01,False,464.3536784824629,0
2026-04-20,10,79.01,-563.048290315126,0.0,0.0,N,79.01,2026-04-20 04:30:00,79.01,False,563.048290315126,0
2026-04-20,11,79.01,-271.38497399121303,0.0,0.0,N,79.01,2026-04-20 05:00:00,79.01,False,271.38497399121303,0
2026-04-20,12,79.01,-132.57712676562,0.0,0.0,N,79.01,2026-04-20 05:30:00,79.01,False,132.57712676562,0
2026-04-20,13,148.55094406170343,326.2148725921355,0.0,0.0,P,148.2930429875,2026-04-20 06:00:00,148.55094406170343,False,326.2148725921355,1
2026-04-20,14,144.44,517.06513680257,0.0,0.0,P,144.44,2026-04-20 06:30:00,144.44,False,517.06513680257,1
2026-04-20,15,145.0,509.7224395910149,0.0,0.0,P,145.0,2026-04-20 07:00:00,145.0,False,509.7224395910149,1
2026-04-20,16,144.0,356.4094606522182,0.0,0.0,P,144.0,2026-04-20 07:30:00,144.0,False,356.4094606522182,1
2026-04-20,17,143.0,310.03280478174605,0.0,0.0,P,143.0,2026-04-20 08:00:00,143.0,False,310.03280478174605,1
2026-04-20,18,134.45,52.72345633986928,0.0,0.0,P,134.45,2026-04-20 08:30:00,134.45,False,52.72345633986928,1
2026-04-20,19,134.45,73.73703263536595,0.0,0.0,P,134.45,2026-04-20 09:00:00,134.45,False,73.73703263536595,1
2026-04-20,20,79.2,-82.57020779900655,0.0,0.0,N,79.2,2026-04-20 09:30:00,79.2,False,82.57020779900655,0
2026-04-20,21,76.4,-167.2922864690807,0.0,0.0,N,76.4,2026-04-20 10:00:00,76.4,False,167.2922864690807,0
2026-04-20,22,76.32,-289.99722432517615,0.0,0.0,N,76.32,2026-04-20 10:30:00,76.32,False,289.99722432517615,0
2026-04-20,23,76.32,-296.81207902777777,0.0,0.0,N,76.32,2026-04-20 11:00:00,76.32,False,296.81207902777777,0
2026-04-20,24,76.4,-193.906861031746,0.0,0.0,N,76.4,2026-04-20 11:30:00,76.4,False,193.906861031746,0
2026-04-20,25,105.95,63.20476007936508,0.0,0.0,P,105.95,2026-04-20 12:00:00,105.95,False,63.20476007936508,1
2026-04-20,26,76.4,-79.01795124503968,0.0,0.0,N,76.4,2026-04-20 12:30:00,76.4,False,79.01795124503968,0
2026-04-20,27,76.4,-218.96190199717955,0.0,0.0,N,76.4,2026-04-20 13:00:00,76.4,False,218.96190199717955,0
2026-04-20,28,76.41,-64.13594652380952,0.0,0.0,N,76.41,2026-04-20 13:30:00,76.41,False,64.13594652380952,0
2026-04-20,29,105.95,159.58986970959597,0.0,0.0,P,105.95,2026-04-20 14:00:00,105.95,False,159.58986970959597,1
2026-04-20,30,111.5,410.272858339599,0.0,0.0,P,111.5,2026-04-20 14:30:00,111.5,False,410.272858339599,1
2026-04-20,31,105.95,145.50261911352752,0.0,0.0,P,105.95,2026-04-20 15:00:00,105.95,False,145.50261911352752,1
2026-04-20,32,105.95,171.85258033751694,0.0,0.0,P,105.95,2026-04-20 15:30:00,105.95,False,171.85258033751694,1
2026-04-20,33,78.56,-248.85158694444445,0.0,0.0,N,78.56,2026-04-20 16:00:00,78.56,False,248.85158694444445,0
2026-04-20,34,78.81,-199.13616973716896,0.0,0.0,N,78.81,2026-04-20 16:30:00,78.81,False,199.13616973716896,0
2026-04-20,35,85.23,-17.363831367521367,0.0,0.0,N,85.23,2026-04-20 17:00:00,85.23,False,17.363831367521367,0
2026-04-20,36,93.19,-3.710084087301587,0.0,0.0,N,93.19,2026-04-20 17:30:00,93.19,False,3.710084087301587,0
2026-04-20,37,139.8,249.4369957053383,0.0,0.0,P,139.8,2026-04-20 18:00:00,139.8,False,249.4369957053383,1
2026-04-20,38,85.0,-33.83029793140028,0.0,0.0,N,85.0,2026-04-20 18:30:00,85.0,False,33.83029793140028,0
2026-04-20,39,139.8,411.8064252975992,0.0,0.0,P,139.8,2026-04-20 19:00:00,139.8,False,411.8064252975992,1
2026-04-20,40,139.8,284.29289944444446,0.0,0.0,P,139.8,2026-04-20 19:30:00,139.8,False,284.29289944444446,1
2026-04-20,41,139.9,446.97144799603177,0.0,0.0,P,139.9,2026-04-20 20:00:00,139.9,False,446.97144799603177,1
2026-04-20,42,139.8,398.6965986706349,0.0,0.0,P,139.8,2026-04-20 20:30:00,139.8,False,398.6965986706349,1
2026-04-20,43,134.0,16.186719537037035,0.0,0.0,P,134.0,2026-04-20 21:00:00,134.0,False,16.186719537037035,1
2026-04-20,44,139.8,295.56404761904764,0.0,0.0,P,139.8,2026-04-20 21:30:00,139.8,False,295.56404761904764,1
2026-04-20,45,116.9,156.7434025396825,0.0,0.0,P,116.9,2026-04-20 22:00:00,116.9,False,156.7434025396825,1
2026-04-20,46,116.9,163.27536514774008,0.0,0.0,P,116.9,2026-04-20 22:30:00,116.9,False,163.27536514774008,1
2026-04-20,47,74.21,-139.93274446142092,0.0,0.0,N,74.21,2026-04-20 23:00:00,74.21,False,139.93274446142092,0
2026-04-20,48,74.25,-67.27383275468975,0.0,0.0,N,74.25,2026-04-20 23:30:00,74.25,False,67.27383275468975,0
2026-04-21,1,90.78,92.04634576719576,0.0,0.0,P,90.78,2026-04-21 00:00:00,90.78,False,92.04634576719576,1
2026-04-21,2,74.2,-29.976702647907647,0.0,0.0,N,74.2,2026-04-21 00:30:00,74.2,False,29.976702647907647,0
2026-04-21,3,74.25,-110.38161424603176,0.0,0.0,N,74.25,2026-04-21 01:00:00,74.25,False,110.38161424603176,0
2026-04-21,4,74.25,-103.70207791666668,0.0,0.0,N,74.25,2026-04-21 01:30:00,74.25,False,103.70207791666668,0
2026-04-21,5,110.0,36.84671484973156,0.0,0.0,P,110.0,2026-04-21 02:00:00,110.0,False,36.84671484973156,1
2026-04-21,6,74.21,-66.11331922619047,0.0,0.0,N,74.21,2026-04-21 02:30:00,74.21,False,66.11331922619047,0
2026-04-21,7,74.21,-50.45179249039359,0.0,0.0,N,74.21,2026-04-21 03:00:00,74.21,False,50.45179249039359,0
2026-04-21,8,81.61,109.86950118589743,0.0,0.0,P,81.61,2026-04-21 03:30:00,81.61,False,109.86950118589743,1
2026-04-21,9,85.75,490.01232278061906,0.0,0.0,P,85.75,2026-04-21 04:00:00,85.75,False,490.01232278061906,1
2026-04-21,10,121.5,99.48974869708996,0.0,0.0,P,121.5,2026-04-21 04:30:00,121.5,False,99.48974869708996,1
2026-04-21,11,121.5,185.6865476190476,0.0,0.0,P,121.5,2026-04-21 05:00:00,121.5,False,185.6865476190476,1
2026-04-21,12,129.0,30.86819402488426,0.0,0.0,P,129.0,2026-04-21 05:30:00,129.0,False,30.86819402488426,1
2026-04-21,13,133.0,282.94381273809523,0.0,0.0,P,133.0,2026-04-21 06:00:00,133.0,False,282.94381273809523,1
2026-04-21,14,136.0,563.8615025925926,0.0,0.0,P,136.0,2026-04-21 06:30:00,136.0,False,563.8615025925926,1
2026-04-21,15,136.0,556.1975200462963,0.0,0.0,P,136.0,2026-04-21 07:00:00,136.0,False,556.1975200462963,1
2026-04-21,16,136.0,525.4449102373018,0.0,0.0,P,136.0,2026-04-21 07:30:00,136.0,False,525.4449102373018,1
2026-04-21,17,136.0,683.3520453751804,0.0,0.0,P,136.0,2026-04-21 08:00:00,136.0,False,683.3520453751804,1
2026-04-21,18,133.0,568.4583323611112,0.0,0.0,P,133.0,2026-04-21 08:30:00,133.0,False,568.4583323611112,1
2026-04-21,19,131.0,535.1937987497092,0.0,0.0,P,131.0,2026-04-21 09:00:00,131.0,False,535.1937987497092,1
2026-04-21,20,128.9,428.6084169128758,0.0,0.0,P,128.9,2026-04-21 09:30:00,128.9,False,428.6084169128758,1
2026-04-21,21,69.23102343539196,-9.554181430023148,0.0,0.0,N,69.23102343539196,2026-04-21 10:00:00,69.23102343539196,False,9.554181430023148,0
2026-04-21,22,57.31,-440.8843285582319,0.0,0.0,N,57.31,2026-04-21 10:30:00,57.31,False,440.8843285582319,0
2026-04-21,23,50.04,-214.0186872538803,0.0,0.0,N,50.04,2026-04-21 11:00:00,50.04,False,214.0186872538803,0
2026-04-21,24,39.9,-285.8763084743069,0.0,0.0,N,39.9,2026-04-21 11:30:00,39.9,False,285.8763084743069,0
2026-04-21,25,33.31,-541.9212008417499,0.0,0.0,N,33.31,2026-04-21 12:00:00,33.31,False,541.9212008417499,0
2026-04-21,26,25.0,-306.7684867681197,0.0,0.0,N,25.0,2026-04-21 12:30:00,25.0,False,306.7684867681197,0
2026-04-21,27,15.11,-328.3496510176845,0.0,0.0,N,15.11,2026-04-21 13:00:00,15.11,False,328.3496510176845,0
2026-04-21,28,-29.002198231102124,-649.6668762684085,0.0,0.0,N,-29.002198231102124,2026-04-21 13:30:00,-29.002198231102124,False,649.6668762684085,0
2026-04-21,29,-47.56749999999998,-952.4319591053172,0.0,0.0,N,-47.56749999999998,2026-04-21 14:00:00,-73.34,True,952.4319591053172,0
2026-04-21,30,-47.56749999999998,-1234.2681969278049,0.0,0.0,N,-47.56749999999998,2026-04-21 14:30:00,-83.99,True,1234.2681969278049,0
2026-04-21,31,-47.56749999999998,-752.0834777030074,0.0,0.0,N,-47.56749999999998,2026-04-21 15:00:00,-71.11,True,752.0834777030074,0
2026-04-21,32,-40.0,-605.6038509273677,0.0,0.0,N,-40.0,2026-04-21 15:30:00,-40.0,False,605.6038509273677,0
2026-04-21,33,38.0,-150.46783792328043,0.0,0.0,N,38.0,2026-04-21 16:00:00,38.0,False,150.46783792328043,0
2026-04-21,34,40.0,-42.84635165228777,0.0,0.0,N,40.0,2026-04-21 16:30:00,40.0,False,42.84635165228777,0
2026-04-21,35,50.0,-55.66724217262555,0.0,0.0,N,50.0,2026-04-21 17:00:00,50.0,False,55.66724217262555,0
2026-04-21,36,134.0,87.99062686507936,0.0,0.0,P,134.0,2026-04-21 17:30:00,134.0,False,87.99062686507936,1
2026-04-21,37,100.0,8.863042568172057,0.0,0.0,P,100.0,2026-04-21 18:00:00,100.0,False,8.863042568172057,1
2026-04-21,38,149.8,199.5189319197932,0.0,0.0,P,149.8,2026-04-21 18:30:00,149.8,False,199.5189319197932,1
2026-04-21,39,149.8,213.970835370375,0.0,0.0,P,149.8,2026-04-21 19:00:00,149.8,False,213.970835370375,1
2026-04-21,40,73.0,-53.716745352976005,0.0,0.0,N,73.0,2026-04-21 19:30:00,73.0,False,53.716745352976005,0
2026-04-21,41,113.53,8.498055833333334,0.0,0.0,P,113.53,2026-04-21 20:00:00,113.53,False,8.498055833333334,1
2026-04-21,42,154.5,296.9863399503722,0.0,0.0,P,154.5,2026-04-21 20:30:00,154.5,False,296.9863399503722,1
2026-04-21,43,149.8,198.1178167777778,0.0,0.0,P,149.8,2026-04-21 21:00:00,149.8,False,198.1178167777778,1
2026-04-21,44,149.8,165.23035611111112,0.0,0.0,P,149.8,2026-04-21 21:30:00,149.8,False,165.23035611111112,1
2026-04-21,45,73.0,-254.84059836805557,0.0,0.0,N,73.0,2026-04-21 22:00:00,73.0,False,254.84059836805557,0
2026-04-21,46,73.0,-268.17468430555556,0.0,0.0,N,73.0,2026-04-21 22:30:00,73.0,False,268.17468430555556,0
2026-04-21,47,69.35,-357.17848242149756,0.0,0.0,N,69.35,2026-04-21 23:00:00,69.35,False,357.17848242149756,0
2026-04-21,48,70.09,-320.6730579563492,0.0,0.0,N,70.09,2026-04-21 23:30:00,70.09,False,320.6730579563492,0
2026-04-22,1,75.02,-283.97595989028946,0.0,0.0,N,75.02,2026-04-22 00:00:00,75.02,False,283.97595989028946,0
2026-04-22,2,73.06977777777777,-365.08637053391055,0.0,0.0,N,73.06977777777777,2026-04-22 00:30:00,73.06977777777777,False,365.08637053391055,0
2026-04-22,3,70.93013333333333,-240.27034035714289,0.0,0.0,N,70.93013333333333,2026-04-22 01:00:00,70.93013333333333,False,240.27034035714289,0
2026-04-22,4,76.99009900990099,-119.30267797619048,0.0,0.0,N,76.99009900990099,2026-04-22 01:30:00,76.99009900990099,False,119.30267797619048,0
2026-04-22,5,73.62,-79.89242282430213,0.0,0.0,N,73.62,2026-04-22 02:00:00,73.62,False,79.89242282430213,0
2026-04-22,6,74.9,105.74919550218938,0.0,0.0,P,74.9,2026-04-22 02:30:00,74.9,False,105.74919550218938,1
2026-04-22,7,73.38,10.748080277777778,0.0,0.0,P,73.38,2026-04-22 03:00:00,73.38,False,10.748080277777778,1
2026-04-22,8,70.46,-147.18789881944446,0.0,0.0,N,70.46,2026-04-22 03:30:00,70.46,False,147.18789881944446,0
2026-04-22,9,66.2,-293.72691092185096,0.0,0.0,N,66.2,2026-04-22 04:00:00,66.2,False,293.72691092185096,0
2026-04-22,10,71.84688808302117,-110.79260787878788,0.0,0.0,N,71.84688808302117,2026-04-22 04:30:00,71.84688808302117,False,110.79260787878788,0
2026-04-22,11,96.48,295.3186199933862,0.0,0.0,P,96.48,2026-04-22 05:00:00,96.48,False,295.3186199933862,1
2026-04-22,12,69.92,-348.7093014637051,0.0,0.0,N,69.92,2026-04-22 05:30:00,69.92,False,348.7093014637051,0
2026-04-22,13,129.37,129.08936369047618,0.0,0.0,P,129.37,2026-04-22 06:00:00,129.37,False,129.08936369047618,1
2026-04-22,14,134.09230947885908,424.7869789035088,0.0,0.0,P,134.056,2026-04-22 06:30:00,134.09230947885908,False,424.7869789035088,1
2026-04-22,15,100.1,22.419876721186252,0.0,0.0,P,100.1,2026-04-22 07:00:00,100.1,False,22.419876721186252,1
2026-04-22,16,101.66,60.80416666666667,0.0,0.0,P,101.66,2026-04-22 07:30:00,101.66,False,60.80416666666667,1
2026-04-22,17,51.03,-239.09166666666667,0.0,0.0,N,51.03,2026-04-22 08:00:00,51.03,False,239.09166666666667,0
2026-04-22,18,51.03,-94.1444585691048,0.0,0.0,N,51.03,2026-04-22 08:30:00,51.03,False,94.1444585691048,0
2026-04-22,19,50.11,62.453472222222224,0.0,0.0,P,50.11,2026-04-22 09:00:00,50.11,False,62.453472222222224,1
2026-04-22,20,30.61,140.2465523611111,0.0,0.0,P,30.61,2026-04-22 09:30:00,30.61,False,140.2465523611111,1
2026-04-22,21,-6.06,-254.7111111111111,0.0,0.0,N,-6.06,2026-04-22 10:00:00,-6.06,False,254.7111111111111,0
2026-04-22,22,-6.06,-256.74690875,0.0,0.0,N,-6.06,2026-04-22 10:30:00,-6.06,False,256.74690875,0
2026-04-22,23,-9.18,-309.69999990384616,0.0,0.0,N,-9.18,2026-04-22 11:00:00,-9.18,False,309.69999990384616,0
2026-04-22,24,-10.0,-390.74583333333334,0.0,0.0,N,-10.0,2026-04-22 11:30:00,-10.0,False,390.74583333333334,0
2026-04-22,25,-20.22,-395.5447222222222,0.0,0.0,N,-20.22,2026-04-22 12:00:00,-20.22,False,395.5447222222222,0
2026-04-22,26,-21.54,-467.8509245576131,0.0,0.0,N,-21.54,2026-04-22 12:30:00,-21.54,False,467.8509245576131,0
2026-04-22,27,-21.92,-245.52340597222224,0.0,0.0,N,-21.92,2026-04-22 13:00:00,-21.92,False,245.52340597222224,0
2026-04-22,28,-27.5,-434.98326741716994,0.0,0.0,N,-27.5,2026-04-22 13:30:00,-27.5,False,434.98326741716994,0
2026-04-22,29,-30.84,-666.6792010317461,0.0,0.0,N,-30.84,2026-04-22 14:00:00,-30.84,False,666.6792010317461,0
2026-04-22,30,-47.56749999999998,-738.22882479234,0.0,0.0,N,-47.56749999999998,2026-04-22 14:30:00,-82.42,True,738.22882479234,0
2026-04-22,31,-40.0,-452.37194444444447,0.0,0.0,N,-40.0,2026-04-22 15:00:00,-40.0,False,452.37194444444447,0
2026-04-22,32,-27.5,-322.4213888888889,0.0,0.0,N,-27.5,2026-04-22 15:30:00,-27.5,False,322.4213888888889,0
2026-04-22,33,115.0,14.22888888888889,0.0,0.0,P,115.0,2026-04-22 16:00:00,115.0,False,14.22888888888889,1
2026-04-22,34,146.29213834359877,381.05570013629506,0.0,0.0,P,145.70833333333334,2026-04-22 16:30:00,146.29213834359877,False,381.05570013629506,1
2026-04-22,35,149.0,96.64011789021164,0.0,0.0,P,149.0,2026-04-22 17:00:00,149.0,False,96.64011789021164,1
2026-04-22,36,149.0,102.4473082010582,0.0,0.0,P,149.0,2026-04-22 17:30:00,149.0,False,102.4473082010582,1
2026-04-22,37,140.0,201.3272634325397,0.0,0.0,P,140.0,2026-04-22 18:00:00,140.0,False,201.3272634325397,1
2026-04-22,38,149.0,525.9551478186274,0.0,0.0,P,149.0,2026-04-22 18:30:00,149.0,False,525.9551478186274,1
2026-04-22,39,135.0,238.90840555555556,0.0,0.0,P,135.0,2026-04-22 19:00:00,135.0,False,238.90840555555556,1
2026-04-22,40,140.0,318.40649305555553,0.0,0.0,P,140.0,2026-04-22 19:30:00,140.0,False,318.40649305555553,1
2026-04-22,41,88.1,-59.96667402777778,0.0,0.0,N,88.1,2026-04-22 20:00:00,88.1,False,59.96667402777778,0
2026-04-22,42,140.0,44.76166680555555,0.0,0.0,P,140.0,2026-04-22 20:30:00,140.0,False,44.76166680555555,1
2026-04-22,43,88.51,-20.91629950617284,0.0,0.0,N,88.51,2026-04-22 21:00:00,88.51,False,20.91629950617284,0
2026-04-22,44,73.0,-443.7361728946517,0.0,0.0,N,73.0,2026-04-22 21:30:00,73.0,False,443.7361728946517,0
2026-04-22,45,140.0,163.5627926845377,0.0,0.0,P,140.0,2026-04-22 22:00:00,140.0,False,163.5627926845377,1
2026-04-22,46,140.0,114.25438427316644,0.0,0.0,P,140.0,2026-04-22 22:30:00,140.0,False,114.25438427316644,1
2026-04-22,47,78.92,-54.4991403030303,0.0,0.0,N,78.92,2026-04-22 23:00:00,78.92,False,54.4991403030303,0
2026-04-22,48,88.51,-17.831232667857908,0.0,0.0,N,88.51,2026-04-22 23:30:00,88.51,False,17.831232667857908,0
2026-04-23,1,86.48,67.72308368589744,0.0,0.0,P,86.48,2026-04-23 00:00:00,86.48,False,67.72308368589744,1
2026-04-23,2,81.64,-98.41667083333331,0.0,0.0,N,81.64,2026-04-23 00:30:00,81.64,False,98.41667083333331,0
2026-04-23,3,70.32,-122.39368964646464,0.0,0.0,N,70.32,2026-04-23 01:00:00,70.32,False,122.39368964646464,0
2026-04-23,4,88.94,104.77496172077922,0.0,0.0,P,88.94,2026-04-23 01:30:00,88.94,False,104.77496172077922,1
2026-04-23,5,86.45,-112.9774317063492,0.0,0.0,N,86.45,2026-04-23 02:00:00,86.45,False,112.9774317063492,0
2026-04-23,6,86.22,-103.45272281691923,0.0,0.0,N,86.22,2026-04-23 02:30:00,86.22,False,103.45272281691923,0
2026-04-23,7,75.68,-175.7799603174603,0.0,0.0,N,75.68,2026-04-23 03:00:00,75.68,False,175.7799603174603,0
2026-04-23,8,66.0,-189.97976428571428,0.0,0.0,N,66.0,2026-04-23 03:30:00,66.0,False,189.97976428571428,0
2026-04-23,9,65.0,-146.25818942908307,0.0,0.0,N,65.0,2026-04-23 04:00:00,65.0,False,146.25818942908307,0
2026-04-23,10,81.81,-18.860725855119824,0.0,0.0,N,81.81,2026-04-23 04:30:00,81.81,False,18.860725855119824,0
2026-04-23,11,68.44568961162614,-69.87618880952381,0.0,0.0,N,68.44568961162614,2026-04-23 05:00:00,68.44568961162614,False,69.87618880952381,0
2026-04-23,12,105.09,180.71785714285716,0.0,0.0,P,105.09,2026-04-23 05:30:00,105.09,False,180.71785714285716,1
2026-04-23,13,133.85,304.98366625,0.0,0.0,P,133.85,2026-04-23 06:00:00,133.85,False,304.98366625,1
2026-04-23,14,157.0,234.31947852411477,0.0,0.0,P,157.0,2026-04-23 06:30:00,157.0,False,234.31947852411477,1
2026-04-23,15,157.0,162.11225285714286,0.0,0.0,P,157.0,2026-04-23 07:00:00,157.0,False,162.11225285714286,1
2026-04-23,16,114.35,106.03818321428572,0.0,0.0,P,114.35,2026-04-23 07:30:00,114.35,False,106.03818321428572,1
2026-04-23,17,169.3,652.0338567766422,0.0,0.0,P,169.3,2026-04-23 08:00:00,169.3,False,652.0338567766422,1
2026-04-23,18,159.4,351.1168744737103,0.0,0.0,P,159.4,2026-04-23 08:30:00,159.4,False,351.1168744737103,1
2026-04-23,19,160.9446248634361,176.21060077731747,0.0,0.0,P,160.9446248634361,2026-04-23 09:00:00,160.9446248634361,False,176.21060077731747,1
2026-04-23,20,66.0,-162.48208555555556,0.0,0.0,N,66.0,2026-04-23 09:30:00,66.0,False,162.48208555555556,0
2026-04-23,21,76.9,-48.83,0.0,0.0,N,76.9,2026-04-23 10:00:00,76.9,False,48.83,0
2026-04-23,22,76.9,-34.06388888888889,0.0,0.0,N,76.9,2026-04-23 10:30:00,76.9,False,34.06388888888889,0
2026-04-23,23,113.6,86.79833638888888,0.0,0.0,P,113.6,2026-04-23 11:00:00,113.6,False,86.79833638888888,1
2026-04-23,24,114.0,158.39437819444444,0.0,0.0,P,114.0,2026-04-23 11:30:00,114.0,False,158.39437819444444,1
2026-04-23,25,114.0,320.39722222222224,0.0,0.0,P,114.0,2026-04-23 12:00:00,114.0,False,320.39722222222224,1
2026-04-23,26,114.0,222.74166805555555,0.0,0.0,P,114.0,2026-04-23 12:30:00,114.0,False,222.74166805555555,1
2026-04-23,27,114.0,258.2583323611111,0.0,0.0,P,114.0,2026-04-23 13:00:00,114.0,False,258.2583323611111,1
2026-04-23,28,114.0,305.8833333333333,0.0,0.0,P,114.0,2026-04-23 13:30:00,114.0,False,305.8833333333333,1
2026-04-23,29,109.6,78.50263069444445,0.0,0.0,P,109.6,2026-04-23 14:00:00,109.6,False,78.50263069444445,1
2026-04-23,30,109.6,68.5279738888889,0.0,0.0,P,109.6,2026-04-23 14:30:00,109.6,False,68.5279738888889,1
2026-04-23,31,114.0,318.8065362896825,0.0,0.0,P,114.0,2026-04-23 15:00:00,114.0,False,318.8065362896825,1
2026-04-23,32,113.75,115.69166666666666,0.0,0.0,P,113.75,2026-04-23 15:30:00,113.75,False,115.69166666666666,1
2026-04-23,33,72.0,-109.1847595553889,0.0,0.0,N,72.0,2026-04-23 16:00:00,72.0,False,109.1847595553889,0
2026-04-23,34,109.6,12.624120833333333,0.0,0.0,P,109.6,2026-04-23 16:30:00,109.6,False,12.624120833333333,1
2026-04-23,35,109.6,55.682346148238494,0.0,0.0,P,109.6,2026-04-23 17:00:00,109.6,False,55.682346148238494,1
2026-04-23,36,139.0,87.32654611659665,0.0,0.0,P,139.0,2026-04-23 17:30:00,139.0,False,87.32654611659665,1
2026-04-23,37,97.87,-5.66403384920635,0.0,0.0,N,97.87,2026-04-23 18:00:00,97.87,False,5.66403384920635,0
2026-04-23,38,139.0,306.81666583333333,0.0,0.0,P,139.0,2026-04-23 18:30:00,139.0,False,306.81666583333333,1
2026-04-23,39,139.0,293.7538249498747,0.0,0.0,P,139.0,2026-04-23 19:00:00,139.0,False,293.7538249498747,1
2026-04-23,40,140.0,175.75833333333333,0.0,0.0,P,140.0,2026-04-23 19:30:00,140.0,False,175.75833333333333,1
2026-04-23,41,132.75,149.5,0.0,0.0,P,132.75,2026-04-23 20:00:00,132.75,False,149.5,1
2026-04-23,42,145.0,215.6026547222222,0.0,0.0,P,145.0,2026-04-23 20:30:00,145.0,False,215.6026547222222,1
2026-04-23,43,142.0,492.7750402777778,0.0,0.0,P,142.0,2026-04-23 21:00:00,142.0,False,492.7750402777778,1
2026-04-23,44,140.0,356.80239572733916,0.0,0.0,P,140.0,2026-04-23 21:30:00,140.0,False,356.80239572733916,1
2026-04-23,45,124.74667378235203,67.89194444444445,0.0,0.0,P,124.72,2026-04-23 22:00:00,124.74667378235203,False,67.89194444444445,1
2026-04-23,46,87.09,-5.818486296296296,0.0,0.0,N,87.09,2026-04-23 22:30:00,87.09,False,5.818486296296296,0
2026-04-23,47,82.0,-112.87799875541126,0.0,0.0,N,82.0,2026-04-23 23:00:00,82.0,False,112.87799875541126,0
2026-04-23,48,82.35,-61.08459595959596,0.0,0.0,N,82.35,2026-04-23 23:30:00,82.35,False,61.08459595959596,0
2026-04-24,1,92.6,216.9346175042795,0.0,0.0,P,92.6,2026-04-24 00:00:00,92.6,False,216.9346175042795,1
2026-04-24,2,96.7,198.73085725957048,0.0,0.0,P,96.7,2026-04-24 00:30:00,96.7,False,198.73085725957048,1
2026-04-24,3,80.01,-163.29401837912087,0.0,0.0,N,80.01,2026-04-24 01:00:00,80.01,False,163.29401837912087,0
2026-04-24,4,88.59,-80.12257936507936,0.0,0.0,N,88.59,2026-04-24 01:30:00,88.59,False,80.12257936507936,0
2026-04-24,5,90.81,1.7670238095238096,0.0,0.0,P,90.81,2026-04-24 02:00:00,90.81,False,1.7670238095238096,1
2026-04-24,6,89.81,197.12439961871465,0.0,0.0,P,89.81,2026-04-24 02:30:00,89.81,False,197.12439961871465,1
2026-04-24,7,84.91,-40.54171713934214,0.0,0.0,N,84.91,2026-04-24 03:00:00,84.91,False,40.54171713934214,0
2026-04-24,8,80.65,-41.544860185185186,0.0,0.0,N,80.65,2026-04-24 03:30:00,80.65,False,41.544860185185186,0
2026-04-24,9,80.75,-124.09631636881636,0.0,0.0,N,80.75,2026-04-24 04:00:00,80.75,False,124.09631636881636,0
2026-04-24,10,80.75,-103.18957786519036,0.0,0.0,N,80.75,2026-04-24 04:30:00,80.75,False,103.18957786519036,0
2026-04-24,11,80.75,-282.60022925925927,0.0,0.0,N,80.75,2026-04-24 05:00:00,80.75,False,282.60022925925927,0
2026-04-24,12,96.91,55.80833611111111,0.0,0.0,P,96.91,2026-04-24 05:30:00,96.91,False,55.80833611111111,1
2026-04-24,13,123.47,116.23173694444444,0.0,0.0,P,123.47,2026-04-24 06:00:00,123.47,False,116.23173694444444,1
2026-04-24,14,122.61,49.60277282910628,0.0,0.0,P,122.61,2026-04-24 06:30:00,122.61,False,49.60277282910628,1
2026-04-24,15,80.77,-6.2446311111111115,0.0,0.0,N,80.77,2026-04-24 07:00:00,80.77,False,6.2446311111111115,0
2026-04-24,16,136.85560190243064,3.1178601388888887,0.0,0.0,P,136.85560190243064,2026-04-24 07:30:00,136.85560190243064,False,3.1178601388888887,1
2026-04-24,17,87.47,-25.459373333333332,0.0,0.0,N,87.47,2026-04-24 08:00:00,87.47,False,25.459373333333332,0
2026-04-24,18,87.48,-56.91780083333333,0.0,0.0,N,87.48,2026-04-24 08:30:00,87.48,False,56.91780083333333,0
2026-04-24,19,80.78,-84.21782898809523,0.0,0.0,N,80.78,2026-04-24 09:00:00,80.78,False,84.21782898809523,0
2026-04-24,20,101.89,26.656077957393485,0.0,0.0,P,101.89,2026-04-24 09:30:00,101.89,False,26.656077957393485,1
2026-04-24,21,80.79,-81.86495378503105,0.0,0.0,N,80.79,2026-04-24 10:00:00,80.79,False,81.86495378503105,0
2026-04-24,22,80.79,-31.47389970043573,0.0,0.0,N,80.79,2026-04-24 10:30:00,80.79,False,31.47389970043573,0
2026-04-24,23,120.0,429.72146733096105,0.0,0.0,P,120.0,2026-04-24 11:00:00,120.0,False,429.72146733096105,1
2026-04-24,24,134.83,536.156755243378,0.0,0.0,P,134.83,2026-04-24 11:30:00,134.83,False,536.156755243378,1
2026-04-24,25,120.0,353.47627651960784,0.0,0.0,P,120.0,2026-04-24 12:00:00,120.0,False,353.47627651960784,1
2026-04-24,26,78.1,-8.675014444444445,0.0,0.0,N,78.1,2026-04-24 12:30:00,78.1,False,8.675014444444445,0
2026-04-24,27,74.1,-25.383333333333333,0.0,0.0,N,74.1,2026-04-24 13:00:00,74.1,False,25.383333333333333,0
2026-04-24,28,75.0,-28.60195773148148,0.0,0.0,N,75.0,2026-04-24 13:30:00,75.0,False,28.60195773148148,0
2026-04-24,29,120.0,436.63755422839506,0.0,0.0,P,120.0,2026-04-24 14:00:00,120.0,False,436.63755422839506,1
2026-04-24,30,99.48,112.125,0.0,0.0,P,99.48,2026-04-24 14:30:00,99.48,False,112.125,1
2026-04-24,31,118.9,117.74166666666666,0.0,0.0,P,118.9,2026-04-24 15:00:00,118.9,False,117.74166666666666,1
2026-04-24,32,79.0,-79.69212166666667,0.0,0.0,N,79.0,2026-04-24 15:30:00,79.0,False,79.69212166666667,0
2026-04-24,33,150.0,37.78125,0.0,0.0,P,150.0,2026-04-24 16:00:00,150.0,False,37.78125,1
2026-04-24,34,92.63,-66.51622145743146,0.0,0.0,N,92.63,2026-04-24 16:30:00,92.63,False,66.51622145743146,0
2026-04-24,35,93.32,-60.77808363095238,0.0,0.0,N,93.32,2026-04-24 17:00:00,93.32,False,60.77808363095238,0
2026-04-24,36,94.28,-140.58028071428572,0.0,0.0,N,94.28,2026-04-24 17:30:00,94.28,False,140.58028071428572,0
2026-04-24,37,136.0,2.8944562003968253,0.0,0.0,P,136.0,2026-04-24 18:00:00,136.0,False,2.8944562003968253,1
2026-04-24,38,136.0,38.086813511904765,0.0,0.0,P,136.0,2026-04-24 18:30:00,136.0,False,38.086813511904765,1
2026-04-24,39,136.0,14.759130555555556,0.0,0.0,P,136.0,2026-04-24 19:00:00,136.0,False,14.759130555555556,1
2026-04-24,40,129.0,14.294176080246912,0.0,0.0,P,129.0,2026-04-24 19:30:00,129.0,False,14.294176080246912,1
2026-04-24,41,129.0,46.23747547191697,0.0,0.0,P,129.0,2026-04-24 20:00:00,129.0,False,46.23747547191697,1
2026-04-24,42,129.0,42.566670277777774,0.0,0.0,P,129.0,2026-04-24 20:30:00,129.0,False,42.566670277777774,1
2026-04-24,43,129.0,17.0,0.0,0.0,P,129.0,2026-04-24 21:00:00,129.0,False,17.0,1
2026-04-24,44,129.0,3.924020545843046,0.0,0.0,P,129.0,2026-04-24 21:30:00,129.0,False,3.924020545843046,1
2026-04-24,45,96.2,-36.237444583333335,0.0,0.0,N,96.2,2026-04-24 22:00:00,96.2,False,36.237444583333335,0
2026-04-24,46,103.32,139.7247445014245,0.0,0.0,P,103.32,2026-04-24 22:30:00,103.32,False,139.7247445014245,1
2026-04-24,47,107.79,49.18333333333333,0.0,0.0,P,107.79,2026-04-24 23:00:00,107.79,False,49.18333333333333,1
2026-04-24,48,103.9,97.825,0.0,0.0,P,103.9,2026-04-24 23:30:00,103.9,False,97.825,1
2026-04-25,1,95.67,-3.0083333333333333,0.0,0.0,N,95.67,2026-04-25 00:00:00,95.67,False,3.0083333333333333,0
2026-04-25,2,105.36,34.766666666666666,0.0,0.0,P,105.36,2026-04-25 00:30:00,105.36,False,34.766666666666666,1
2026-04-25,3,113.07,281.61296296296297,0.0,0.0,P,113.07,2026-04-25 01:00:00,113.07,False,281.61296296296297,1
2026-04-25,4,115.87,281.0466666666667,0.0,0.0,P,115.87,2026-04-25 01:30:00,115.87,False,281.0466666666667,1
2026-04-25,5,88.88,-43.78333333333333,0.0,0.0,N,88.88,2026-04-25 02:00:00,88.88,False,43.78333333333333,0
2026-04-25,6,104.64,86.4425,0.0,0.0,P,104.64,2026-04-25 02:30:00,104.64,False,86.4425,1
2026-04-25,7,86.0,-35.19734848484848,0.0,0.0,N,86.0,2026-04-25 03:00:00,86.0,False,35.19734848484848,0
2026-04-25,8,81.9,-34.015151515151516,0.0,0.0,N,81.9,2026-04-25 03:30:00,81.9,False,34.015151515151516,0
2026-04-25,9,106.62,84.09476031215162,0.0,0.0,P,106.62,2026-04-25 04:00:00,106.62,False,84.09476031215162,1
2026-04-25,10,87.44,40.695454545454545,0.0,0.0,P,87.44,2026-04-25 04:30:00,87.44,False,40.695454545454545,1
2026-04-25,11,88.46,96.58200280112044,0.0,0.0,P,88.46,2026-04-25 05:00:00,88.46,False,96.58200280112044,1
2026-04-25,12,93.21,171.85,0.0,0.0,P,93.21,2026-04-25 05:30:00,93.21,False,171.85,1
2026-04-25,13,94.4,12.772222222222222,0.0,0.0,P,94.4,2026-04-25 06:00:00,94.4,False,12.772222222222222,1
2026-04-25,14,97.53,39.09761904761905,0.0,0.0,P,97.53,2026-04-25 06:30:00,97.53,False,39.09761904761905,1
2026-04-25,15,82.66,-121.02103174603177,0.0,0.0,N,82.66,2026-04-25 07:00:00,82.66,False,121.02103174603177,0
2026-04-25,16,82.66,-77.53492063492064,0.0,0.0,N,82.66,2026-04-25 07:30:00,82.66,False,77.53492063492064,0
2026-04-25,17,82.25,-47.242981666666665,0.0,0.0,N,82.25,2026-04-25 08:00:00,82.25,False,47.242981666666665,0
2026-04-25,18,82.25,-88.34999555555555,0.0,0.0,N,82.25,2026-04-25 08:30:00,82.25,False,88.34999555555555,0
2026-04-25,19,116.22,249.775135,0.0,0.0,P,116.22,2026-04-25 09:00:00,116.22,False,249.775135,1
2026-04-25,20,109.02,176.07958765231834,0.0,0.0,P,109.02,2026-04-25 09:30:00,109.02,False,176.07958765231834,1
2026-04-25,21,154.0,381.82270246527776,0.0,0.0,P,154.0,2026-04-25 10:00:00,154.0,False,381.82270246527776,1
2026-04-25,22,154.0,530.6115776388889,0.0,0.0,P,154.0,2026-04-25 10:30:00,154.0,False,530.6115776388889,1
2026-04-25,23,125.0,196.38856383680556,0.0,0.0,P,125.0,2026-04-25 11:00:00,125.0,False,196.38856383680556,1
2026-04-25,24,130.0,220.98783402777775,0.0,0.0,P,130.0,2026-04-25 11:30:00,130.0,False,220.98783402777775,1
2026-04-25,25,116.01891916225723,26.26309523809524,0.0,0.0,P,113.42333333333332,2026-04-25 12:00:00,116.01891916225723,False,26.26309523809524,1
2026-04-25,26,109.9,150.6163492063492,0.0,0.0,P,109.9,2026-04-25 12:30:00,109.9,False,150.6163492063492,1
2026-04-25,27,109.9,75.67723964646464,0.0,0.0,P,109.9,2026-04-25 13:00:00,109.9,False,75.67723964646464,1
2026-04-25,28,130.0,144.3875,0.0,0.0,P,130.0,2026-04-25 13:30:00,130.0,False,144.3875,1
2026-04-25,29,130.0,396.96303204545455,0.0,0.0,P,130.0,2026-04-25 14:00:00,130.0,False,396.96303204545455,1
2026-04-25,30,73.12,-97.26212297979798,0.0,0.0,N,73.12,2026-04-25 14:30:00,73.12,False,97.26212297979798,0
2026-04-25,31,83.53,-2.5279349145299146,0.0,0.0,N,83.53,2026-04-25 15:00:00,83.53,False,2.5279349145299146,0
2026-04-25,32,40.0,-733.9304708796296,0.0,0.0,N,40.0,2026-04-25 15:30:00,40.0,False,733.9304708796296,0
2026-04-25,33,60.0,-140.6942420467647,0.0,0.0,N,60.0,2026-04-25 16:00:00,60.0,False,140.6942420467647,0
2026-04-25,34,70.0,-245.87582105555555,0.0,0.0,N,70.0,2026-04-25 16:30:00,70.0,False,245.87582105555555,0
2026-04-25,35,82.25,-223.07129944444443,0.0,0.0,N,82.25,2026-04-25 17:00:00,82.25,False,223.07129944444443,0
2026-04-25,36,130.3119755808707,140.92625745263695,0.0,0.0,P,129.84318055555556,2026-04-25 17:30:00,130.3119755808707,False,140.92625745263695,1
2026-04-25,37,129.16,32.276350514255334,0.0,0.0,P,129.16,2026-04-25 18:00:00,129.16,False,32.276350514255334,1
2026-04-25,38,129.29,100.9106474537037,0.0,0.0,P,129.29,2026-04-25 18:30:00,129.29,False,100.9106474537037,1
2026-04-25,39,138.0,70.5324074074074,0.0,0.0,P,138.0,2026-04-25 19:00:00,138.0,False,70.5324074074074,1
2026-04-25,40,138.0,165.75,0.0,0.0,P,138.0,2026-04-25 19:30:00,138.0,False,165.75,1
2026-04-25,41,103.0,-15.800416666666669,0.0,0.0,N,103.0,2026-04-25 20:00:00,103.0,False,15.800416666666669,0
2026-04-25,42,103.01,-23.666665555555557,0.0,0.0,N,103.01,2026-04-25 20:30:00,103.01,False,23.666665555555557,0
2026-04-25,43,130.92,132.50299972222223,0.0,0.0,P,130.92,2026-04-25 21:00:00,130.92,False,132.50299972222223,1
2026-04-25,44,97.57,-22.35,0.0,0.0,N,97.57,2026-04-25 21:30:00,97.57,False,22.35,0
2026-04-25,45,126.91,165.96964708333334,0.0,0.0,P,126.91,2026-04-25 22:00:00,126.91,False,165.96964708333334,1
2026-04-25,46,91.55,-15.00324211988304,0.0,0.0,N,91.55,2026-04-25 22:30:00,91.55,False,15.00324211988304,0
2026-04-25,47,79.46,-156.8098311546841,0.0,0.0,N,79.46,2026-04-25 23:00:00,79.46,False,156.8098311546841,0
2026-04-25,48,77.58,-129.38333333333333,0.0,0.0,N,77.58,2026-04-25 23:30:00,77.58,False,129.38333333333333,0
2026-04-26,1,104.87,1.024166666666667,0.0,0.0,P,104.87,2026-04-26 00:00:00,104.87,False,1.024166666666667,1
2026-04-26,2,113.4396809810754,27.508333333333333,0.0,0.0,P,113.4396809810754,2026-04-26 00:30:00,113.4396809810754,False,27.508333333333333,1
2026-04-26,3,109.54,16.591666666666665,0.0,0.0,P,109.54,2026-04-26 01:00:00,109.54,False,16.591666666666665,1
2026-04-26,4,79.45,-22.850513333333332,0.0,0.0,N,79.45,2026-04-26 01:30:00,79.45,False,22.850513333333332,0
2026-04-26,5,80.63,-42.48166666666667,0.0,0.0,N,80.63,2026-04-26 02:00:00,80.63,False,42.48166666666667,0
2026-04-26,6,81.15,-65.09259439814815,0.0,0.0,N,81.15,2026-04-26 02:30:00,81.15,False,65.09259439814815,0
2026-04-26,7,89.14,-4.417685982152777,0.0,0.0,N,89.14,2026-04-26 03:00:00,89.14,False,4.417685982152777,0
2026-04-26,8,81.15,-120.54833333333332,0.0,0.0,N,81.15,2026-04-26 03:30:00,81.15,False,120.54833333333332,0
2026-04-26,9,92.4,26.835897306104545,0.0,0.0,P,92.4,2026-04-26 04:00:00,92.4,False,26.835897306104545,1
2026-04-26,10,92.9,50.75652888888889,0.0,0.0,P,92.9,2026-04-26 04:30:00,92.9,False,50.75652888888889,1
2026-04-26,11,96.95,54.647653674863385,0.0,0.0,P,96.95,2026-04-26 05:00:00,96.95,False,54.647653674863385,1
2026-04-26,12,96.39,94.76562416666668,0.0,0.0,P,96.39,2026-04-26 05:30:00,96.39,False,94.76562416666668,1
2026-04-26,13,120.0,99.0014175,0.0,0.0,P,120.0,2026-04-26 06:00:00,120.0,False,99.0014175,1
2026-04-26,14,97.41,133.6140873015873,0.0,0.0,P,97.41,2026-04-26 06:30:00,97.41,False,133.6140873015873,1
2026-04-26,15,81.83,-130.21825396825398,0.0,0.0,N,81.83,2026-04-26 07:00:00,81.83,False,130.21825396825398,0
2026-04-26,16,77.34,-128.90349416666666,0.0,0.0,N,77.34,2026-04-26 07:30:00,77.34,False,128.90349416666666,0
2026-04-26,17,93.38,5.9273482993691955,0.0,0.0,P,93.38,2026-04-26 08:00:00,93.38,False,5.9273482993691955,1
2026-04-26,18,91.63,78.80357166666667,0.0,0.0,P,91.63,2026-04-26 08:30:00,91.63,False,78.80357166666667,1
2026-04-26,19,94.52,48.99154220949958,0.0,0.0,P,94.52,2026-04-26 09:00:00,94.52,False,48.99154220949958,1
2026-04-26,20,77.65,-167.28150787037038,0.0,0.0,N,77.65,2026-04-26 09:30:00,77.65,False,167.28150787037038,0
2026-04-26,21,73.9,-312.8076986111111,0.0,0.0,N,73.9,2026-04-26 10:00:00,73.9,False,312.8076986111111,0
2026-04-26,22,73.67,-285.7857227777778,0.0,0.0,N,73.67,2026-04-26 10:30:00,73.67,False,285.7857227777778,0
2026-04-26,23,68.54,-135.23020527777777,0.0,0.0,N,68.54,2026-04-26 11:00:00,68.54,False,135.23020527777777,0
2026-04-26,24,84.0,13.585073472222222,0.0,0.0,P,84.0,2026-04-26 11:30:00,84.0,False,13.585073472222222,1
2026-04-26,25,101.49374596554571,15.21666875,0.0,0.0,P,101.49374596554571,2026-04-26 12:00:00,101.49374596554571,False,15.21666875,1
2026-04-26,26,110.0,216.71555833333332,0.0,0.0,P,110.0,2026-04-26 12:30:00,110.0,False,216.71555833333332,1
2026-04-26,27,114.0,135.58759433333333,0.0,0.0,P,114.0,2026-04-26 13:00:00,114.0,False,135.58759433333333,1
2026-04-26,28,107.22,295.74070409982176,0.0,0.0,P,107.22,2026-04-26 13:30:00,107.22,False,295.74070409982176,1
2026-04-26,29,155.0,143.24078282828282,0.0,0.0,P,155.0,2026-04-26 14:00:00,155.0,False,143.24078282828282,1
2026-04-26,30,117.2538491760714,96.57281140151515,0.0,0.0,P,117.12416666666668,2026-04-26 14:30:00,117.2538491760714,False,96.57281140151515,1
2026-04-26,31,120.0,207.56878830862976,0.0,0.0,P,120.0,2026-04-26 15:00:00,120.0,False,207.56878830862976,1
2026-04-26,32,115.0,92.10833333333332,0.0,0.0,P,115.0,2026-04-26 15:30:00,115.0,False,92.10833333333332,1
2026-04-26,33,128.33,154.26693680555556,0.0,0.0,P,128.33,2026-04-26 16:00:00,128.33,False,154.26693680555556,1
2026-04-26,34,128.33,166.3779347689702,0.0,0.0,P,128.33,2026-04-26 16:30:00,128.33,False,166.3779347689702,1
2026-04-26,35,136.75,298.1641666666667,0.0,0.0,P,136.75,2026-04-26 17:00:00,136.75,False,298.1641666666667,1
2026-04-26,36,136.75,25.994107142857143,0.0,0.0,P,136.75,2026-04-26 17:30:00,136.75,False,25.994107142857143,1
2026-04-26,37,169.0,268.71652714285716,0.0,0.0,P,169.0,2026-04-26 18:00:00,169.0,False,268.71652714285716,1
2026-04-26,38,136.75,82.09523742435734,0.0,0.0,P,136.75,2026-04-26 18:30:00,136.75,False,82.09523742435734,1
2026-04-26,39,136.75,46.833333333333336,0.0,0.0,P,136.75,2026-04-26 19:00:00,136.75,False,46.833333333333336,1
2026-04-26,40,136.75,141.49916555555555,0.0,0.0,P,136.75,2026-04-26 19:30:00,136.75,False,141.49916555555555,1
2026-04-26,41,96.67,-232.44015,0.0,0.0,N,96.67,2026-04-26 20:00:00,96.67,False,232.44015,0
2026-04-26,42,95.77226005103915,-22.34167099206349,0.0,0.0,N,95.77226005103915,2026-04-26 20:30:00,95.77226005103915,False,22.34167099206349,0
2026-04-26,43,94.82,-2.4833333333333334,0.0,0.0,N,94.82,2026-04-26 21:00:00,94.82,False,2.4833333333333334,0
2026-04-26,44,88.92,-53.49166666666667,0.0,0.0,N,88.92,2026-04-26 21:30:00,88.92,False,53.49166666666667,0
2026-04-26,45,88.77,-9.57856976190476,0.0,0.0,N,88.77,2026-04-26 22:00:00,88.77,False,9.57856976190476,0
2026-04-26,46,82.05,-129.91566836309525,0.0,0.0,N,82.05,2026-04-26 22:30:00,82.05,False,129.91566836309525,0
2026-04-26,47,82.1,-34.86880958333333,0.0,0.0,N,82.1,2026-04-26 23:00:00,82.1,False,34.86880958333333,0
2026-04-26,48,116.17,57.420211944444446,0.0,0.0,P,116.17,2026-04-26 23:30:00,116.17,False,57.420211944444446,1
2026-04-27,1,130.0,72.90416666666667,0.0,0.0,P,130.0,2026-04-27 00:00:00,130.0,False,72.90416666666667,1
2026-04-27,2,114.06,146.5225,0.0,0.0,P,114.06,2026-04-27 00:30:00,114.06,False,146.5225,1
2026-04-27,3,82.1,-14.880411944444443,0.0,0.0,N,82.1,2026-04-27 01:00:00,82.1,False,14.880411944444443,0
2026-04-27,4,82.2,-14.584166944444444,0.0,0.0,N,82.2,2026-04-27 01:30:00,82.2,False,14.584166944444444,0
2026-04-27,5,82.2,-20.391666944444445,0.0,0.0,N,82.2,2026-04-27 02:00:00,82.2,False,20.391666944444445,0
2026-04-27,6,82.1,-107.09583333333332,0.0,0.0,N,82.1,2026-04-27 02:30:00,82.1,False,107.09583333333332,0
2026-04-27,7,113.95,1.6251701510863368,0.0,0.0,P,113.95,2026-04-27 03:00:00,113.95,False,1.6251701510863368,1
2026-04-27,8,82.19,-68.075,0.0,0.0,N,82.19,2026-04-27 03:30:00,82.19,False,68.075,0
2026-04-27,9,118.44339966011395,20.21698287037037,0.0,0.0,P,118.44339966011395,2026-04-27 04:00:00,118.44339966011395,False,20.21698287037037,1
2026-04-27,10,82.19,-128.99505065104168,0.0,0.0,N,82.19,2026-04-27 04:30:00,82.19,False,128.99505065104168,0
2026-04-27,11,139.0,144.07580555555555,0.0,0.0,P,139.0,2026-04-27 05:00:00,139.0,False,144.07580555555555,1
2026-04-27,12,130.0,32.27018030639731,0.0,0.0,P,130.0,2026-04-27 05:30:00,130.0,False,32.27018030639731,1
2026-04-27,13,93.25,-40.227958641975306,0.0,0.0,N,93.25,2026-04-27 06:00:00,93.25,False,40.227958641975306,0
2026-04-27,14,139.0,69.19182051587302,0.0,0.0,P,139.0,2026-04-27 06:30:00,139.0,False,69.19182051587302,1
2026-04-27,15,89.52,-6.2375,0.0,0.0,N,89.52,2026-04-27 07:00:00,89.52,False,6.2375,0
2026-04-27,16,82.92,-59.64615277777778,0.0,0.0,N,82.92,2026-04-27 07:30:00,82.92,False,59.64615277777778,0
2026-04-27,17,82.25,-213.1882051282051,0.0,0.0,N,82.25,2026-04-27 08:00:00,82.25,False,213.1882051282051,0
2026-04-27,18,82.1,-416.5910353996312,0.0,0.0,N,82.1,2026-04-27 08:30:00,82.1,False,416.5910353996312,0
2026-04-27,19,82.21,-800.2515963203463,0.0,0.0,N,82.21,2026-04-27 09:00:00,82.21,False,800.2515963203463,0
2026-04-27,20,82.21,-571.4163881060116,0.0,0.0,N,82.21,2026-04-27 09:30:00,82.21,False,571.4163881060116,0
2026-04-27,21,82.21,-579.9694504501915,0.0,0.0,N,82.21,2026-04-27 10:00:00,82.21,False,579.9694504501915,0
2026-04-27,22,15.0,-545.8192460714286,0.0,0.0,N,15.0,2026-04-27 10:30:00,15.0,False,545.8192460714286,0
2026-04-27,23,15.0,-379.91329365079366,0.0,0.0,N,15.0,2026-04-27 11:00:00,15.0,False,379.91329365079366,0
2026-04-27,24,80.21,-41.111111111111114,0.0,0.0,N,80.21,2026-04-27 11:30:00,80.21,False,41.111111111111114,0
2026-04-27,25,80.21,-191.7125,0.0,0.0,N,80.21,2026-04-27 12:00:00,80.21,False,191.7125,0
2026-04-27,26,80.21,-115.22569444444444,0.0,0.0,N,80.21,2026-04-27 12:30:00,80.21,False,115.22569444444444,0
2026-04-27,27,-3.01,-282.07208333333335,0.0,0.0,N,-3.01,2026-04-27 13:00:00,-3.01,False,282.07208333333335,0
2026-04-27,28,15.0,-2.9210864814814816,0.0,0.0,N,15.0,2026-04-27 13:30:00,15.0,False,2.9210864814814816,0
2026-04-27,29,15.0,-21.522039166666666,0.0,0.0,N,15.0,2026-04-27 14:00:00,15.0,False,21.522039166666666,0
2026-04-27,30,100.0,35.108123194444445,0.0,0.0,P,100.0,2026-04-27 14:30:00,100.0,False,35.108123194444445,1
2026-04-27,31,45.29,-180.8926306624379,0.0,0.0,N,45.29,2026-04-27 15:00:00,45.29,False,180.8926306624379,0
2026-04-27,32,104.0,32.93516602288393,0.0,0.0,P,104.0,2026-04-27 15:30:00,104.0,False,32.93516602288393,1
2026-04-27,33,80.05,-7.480331541218638,0.0,0.0,N,80.05,2026-04-27 16:00:00,80.05,False,7.480331541218638,0
2026-04-27,34,113.0,187.44129260078145,0.0,0.0,P,113.0,2026-04-27 16:30:00,113.0,False,187.44129260078145,1
2026-04-27,35,115.19622512989604,290.14342407330935,0.0,0.0,P,115.19622512989604,2026-04-27 17:00:00,115.19622512989604,False,290.14342407330935,1
2026-04-27,36,140.0,351.6136260936041,0.0,0.0,P,140.0,2026-04-27 17:30:00,140.0,False,351.6136260936041,1
2026-04-27,37,147.28,581.4980669874135,0.0,0.0,P,147.28,2026-04-27 18:00:00,147.28,False,581.4980669874135,1
2026-04-27,38,147.44,642.3916666666667,0.0,0.0,P,147.44,2026-04-27 18:30:00,147.44,False,642.3916666666667,1
2026-04-27,39,147.03,273.14166666666665,0.0,0.0,P,147.03,2026-04-27 19:00:00,147.03,False,273.14166666666665,1
2026-04-27,40,140.0,104.99520602449223,0.0,0.0,P,140.0,2026-04-27 19:30:00,140.0,False,104.99520602449223,1
2026-04-27,41,87.8,-106.8001022782651,0.0,0.0,N,87.8,2026-04-27 20:00:00,87.8,False,106.8001022782651,0
2026-04-27,42,81.0,-65.51108918128655,0.0,0.0,N,81.0,2026-04-27 20:30:00,81.0,False,65.51108918128655,0
2026-04-27,43,80.5,-200.7477775,0.0,0.0,N,80.5,2026-04-27 21:00:00,80.5,False,200.7477775,0
2026-04-27,44,83.0,-70.10465583333334,0.0,0.0,N,83.0,2026-04-27 21:30:00,83.0,False,70.10465583333334,0
2026-04-27,45,124.0,37.17619047619048,0.0,0.0,P,124.0,2026-04-27 22:00:00,124.0,False,37.17619047619048,1
2026-04-27,46,124.0,31.0201908146592,0.0,0.0,P,124.0,2026-04-27 22:30:00,124.0,False,31.0201908146592,1
2026-04-27,47,122.0,67.12836216164544,0.0,0.0,P,122.0,2026-04-27 23:00:00,122.0,False,67.12836216164544,1
2026-04-27,48,82.83,-97.88750277777778,0.0,0.0,N,82.83,2026-04-27 23:30:00,82.83,False,97.88750277777778,0
2026-04-28,1,79.89,-353.43079435185183,0.0,0.0,N,79.89,2026-04-28 00:00:00,79.89,False,353.43079435185183,0
2026-04-28,2,77.5,-425.85591885802467,0.0,0.0,N,77.5,2026-04-28 00:30:00,77.5,False,425.85591885802467,0
2026-04-28,3,78.24,-348.8594712301587,0.0,0.0,N,78.24,2026-04-28 01:00:00,78.24,False,348.8594712301587,0
2026-04-28,4,80.41,-25.752395416666666,0.0,0.0,N,80.41,2026-04-28 01:30:00,80.41,False,25.752395416666666,0
2026-04-28,5,73.16879470178574,-297.12985073329446,0.0,0.0,N,73.16879470178574,2026-04-28 02:00:00,73.16879470178574,False,297.12985073329446,0
2026-04-28,6,80.41,-26.345088319115096,0.0,0.0,N,80.41,2026-04-28 02:30:00,80.41,False,26.345088319115096,0
2026-04-28,7,66.51,-340.3742463888889,0.0,0.0,N,66.51,2026-04-28 03:00:00,66.51,False,340.3742463888889,0
2026-04-28,8,65.21,-410.52538482323234,0.0,0.0,N,65.21,2026-04-28 03:30:00,65.21,False,410.52538482323234,0
2026-04-28,9,65.21,-487.31230817375786,0.0,0.0,N,65.21,2026-04-28 04:00:00,65.21,False,487.31230817375786,0
2026-04-28,10,65.21,-376.6798217725296,0.0,0.0,N,65.21,2026-04-28 04:30:00,65.21,False,376.6798217725296,0
2026-04-28,11,65.21,-316.7115667784032,0.0,0.0,N,65.21,2026-04-28 05:00:00,65.21,False,316.7115667784032,0
2026-04-28,12,65.21,-323.9733974358974,0.0,0.0,N,65.21,2026-04-28 05:30:00,65.21,False,323.9733974358974,0
2026-04-28,13,69.43,-288.41611712962964,0.0,0.0,N,69.43,2026-04-28 06:00:00,69.43,False,288.41611712962964,0
2026-04-28,14,71.56,-286.83266906605974,0.0,0.0,N,71.56,2026-04-28 06:30:00,71.56,False,286.83266906605974,0
2026-04-28,15,73.4,-256.38159722222224,0.0,0.0,N,73.4,2026-04-28 07:00:00,73.4,False,256.38159722222224,0
2026-04-28,16,116.14,42.39433885683761,0.0,0.0,P,116.14,2026-04-28 07:30:00,116.14,False,42.39433885683761,1
2026-04-28,17,132.0,98.58166666666666,0.0,0.0,P,132.0,2026-04-28 08:00:00,132.0,False,98.58166666666666,1
2026-04-28,18,132.0,81.89115494505495,0.0,0.0,P,132.0,2026-04-28 08:30:00,132.0,False,81.89115494505495,1
2026-04-28,19,132.0,137.44497308699633,0.0,0.0,P,132.0,2026-04-28 09:00:00,132.0,False,137.44497308699633,1
2026-04-28,20,135.0,185.37368597222223,0.0,0.0,P,135.0,2026-04-28 09:30:00,135.0,False,185.37368597222223,1
2026-04-28,21,135.0,136.5159798611111,0.0,0.0,P,135.0,2026-04-28 10:00:00,135.0,False,136.5159798611111,1
2026-04-28,22,135.0,367.2282043055555,0.0,0.0,P,135.0,2026-04-28 10:30:00,135.0,False,367.2282043055555,1
2026-04-28,23,135.0,252.94003583333333,0.0,0.0,P,135.0,2026-04-28 11:00:00,135.0,False,252.94003583333333,1
2026-04-28,24,135.0,346.4673945833333,0.0,0.0,P,135.0,2026-04-28 11:30:00,135.0,False,346.4673945833333,1
2026-04-28,25,135.0,352.96893430555554,0.0,0.0,P,135.0,2026-04-28 12:00:00,135.0,False,352.96893430555554,1
2026-04-28,26,135.0,388.7399637301587,0.0,0.0,P,135.0,2026-04-28 12:30:00,135.0,False,388.7399637301587,1
2026-04-28,27,135.0,409.5592550616688,0.0,0.0,P,135.0,2026-04-28 13:00:00,135.0,False,409.5592550616688,1
2026-04-28,28,120.0,360.871579920635,0.0,0.0,P,120.0,2026-04-28 13:30:00,120.0,False,360.871579920635,1
2026-04-28,29,120.0,364.1124755753968,0.0,0.0,P,120.0,2026-04-28 14:00:00,120.0,False,364.1124755753968,1
2026-04-28,30,120.0,412.8004272222222,0.0,0.0,P,120.0,2026-04-28 14:30:00,120.0,False,412.8004272222222,1
2026-04-28,31,114.0,192.6757298639861,0.0,0.0,P,114.0,2026-04-28 15:00:00,114.0,False,192.6757298639861,1
2026-04-28,32,115.4,227.74251055926956,0.0,0.0,P,115.4,2026-04-28 15:30:00,115.4,False,227.74251055926956,1
2026-04-28,33,83.81,-173.58042536757986,0.0,0.0,N,83.81,2026-04-28 16:00:00,83.81,False,173.58042536757986,0
2026-04-28,34,77.0,-126.10154421296296,0.0,0.0,N,77.0,2026-04-28 16:30:00,77.0,False,126.10154421296296,0
2026-04-28,35,81.0,-236.50287250015535,0.0,0.0,N,81.0,2026-04-28 17:00:00,81.0,False,236.50287250015535,0
2026-04-28,36,85.0,-164.61431854166668,0.0,0.0,N,85.0,2026-04-28 17:30:00,85.0,False,164.61431854166668,0
2026-04-28,37,113.0,81.78265347222222,0.0,0.0,P,113.0,2026-04-28 18:00:00,113.0,False,81.78265347222222,1
2026-04-28,38,118.0,7.280555555555556,0.0,0.0,P,118.0,2026-04-28 18:30:00,118.0,False,7.280555555555556,1
2026-04-28,39,100.0,-8.832043136446886,0.0,0.0,N,100.0,2026-04-28 19:00:00,100.0,False,8.832043136446886,0
2026-04-28,40,119.98,29.926701431623933,0.0,0.0,P,119.98,2026-04-28 19:30:00,119.98,False,29.926701431623933,1
2026-04-28,41,121.11,102.12734976478497,0.0,0.0,P,121.11,2026-04-28 20:00:00,121.11,False,102.12734976478497,1
2026-04-28,42,110.26,49.29650669873609,0.0,0.0,P,110.26,2026-04-28 20:30:00,110.26,False,49.29650669873609,1
2026-04-28,43,99.81,118.11374282635352,0.0,0.0,P,99.81,2026-04-28 21:00:00,99.81,False,118.11374282635352,1
2026-04-28,44,118.05589599505676,305.9644831175391,0.0,0.0,P,117.121195808,2026-04-28 21:30:00,118.05589599505676,False,305.9644831175391,1
2026-04-28,45,94.62,50.936886059322035,0.0,0.0,P,94.62,2026-04-28 22:00:00,94.62,False,50.936886059322035,1
2026-04-28,46,89.28,130.0859052165725,0.0,0.0,P,89.28,2026-04-28 22:30:00,89.28,False,130.0859052165725,1
2026-04-28,47,84.23,167.11634972222222,0.0,0.0,P,84.23,2026-04-28 23:00:00,84.23,False,167.11634972222222,1
2026-04-28,48,96.83,246.65525751984129,0.0,0.0,P,96.83,2026-04-28 23:30:00,96.83,False,246.65525751984129,1
2026-04-29,1,97.86169461209305,433.9291666666667,0.0,0.0,P,97.68125,2026-04-29 00:00:00,97.86169461209305,False,433.9291666666667,1
2026-04-29,2,106.30228078674229,456.74305555555554,0.0,0.0,P,105.89133333333334,2026-04-29 00:30:00,106.30228078674229,False,456.74305555555554,1
2026-04-29,3,136.0,791.2507617424243,0.0,0.0,P,136.0,2026-04-29 01:00:00,136.0,False,791.2507617424243,1
2026-04-29,4,110.45,832.7701854627912,0.0,0.0,P,110.45,2026-04-29 01:30:00,110.45,False,832.7701854627912,1
2026-04-29,5,109.1712463610226,1011.6548359722224,0.0,0.0,P,109.00425,2026-04-29 02:00:00,109.1712463610226,False,1011.6548359722224,1
2026-04-29,6,108.15,555.9933333333333,0.0,0.0,P,108.15,2026-04-29 02:30:00,108.15,False,555.9933333333333,1
2026-04-29,7,99.7,200.42224555555555,0.0,0.0,P,99.7,2026-04-29 03:00:00,99.7,False,200.42224555555555,1
2026-04-29,8,96.53210198283462,96.58644194444445,0.0,0.0,P,95.61275984064514,2026-04-29 03:30:00,96.53210198283462,False,96.58644194444445,1
2026-04-29,9,95.02,154.05075930555554,0.0,0.0,P,95.02,2026-04-29 04:00:00,95.02,False,154.05075930555554,1
2026-04-29,10,95.56,254.43056680555551,0.0,0.0,P,95.56,2026-04-29 04:30:00,95.56,False,254.43056680555551,1
2026-04-29,11,125.0,705.9833333333333,0.0,0.0,P,125.0,2026-04-29 05:00:00,125.0,False,705.9833333333333,1
2026-04-29,12,125.0,204.0833037037037,0.0,0.0,P,125.0,2026-04-29 05:30:00,125.0,False,204.0833037037037,1
2026-04-29,13,126.0,452.8128941053391,0.0,0.0,P,126.0,2026-04-29 06:00:00,126.0,False,452.8128941053391,1
2026-04-29,14,126.0,445.94520044094793,0.0,0.0,P,126.0,2026-04-29 06:30:00,126.0,False,445.94520044094793,1
2026-04-29,15,126.0,406.9777065892911,0.0,0.0,P,126.0,2026-04-29 07:00:00,126.0,False,406.9777065892911,1
2026-04-29,16,135.0,398.23483854166665,0.0,0.0,P,135.0,2026-04-29 07:30:00,135.0,False,398.23483854166665,1
2026-04-29,17,125.0,248.05604476471808,0.0,0.0,P,125.0,2026-04-29 08:00:00,125.0,False,248.05604476471808,1
2026-04-29,18,65.32,-27.70972040673289,0.0,0.0,N,65.32,2026-04-29 08:30:00,65.32,False,27.70972040673289,0
2026-04-29,19,32.0,-59.00999971401578,0.0,0.0,N,32.0,2026-04-29 09:00:00,32.0,False,59.00999971401578,0
2026-04-29,20,119.0,88.95051923397406,0.0,0.0,P,119.0,2026-04-29 09:30:00,119.0,False,88.95051923397406,1
2026-04-29,21,120.0,212.70338569444445,0.0,0.0,P,120.0,2026-04-29 10:00:00,120.0,False,212.70338569444445,1
2026-04-29,22,126.0,551.1416645075758,0.0,0.0,P,126.0,2026-04-29 10:30:00,126.0,False,551.1416645075758,1
2026-04-29,23,120.0,313.25,0.0,0.0,P,120.0,2026-04-29 11:00:00,120.0,False,313.25,1
2026-04-29,24,120.0,266.4416651388889,0.0,0.0,P,120.0,2026-04-29 11:30:00,120.0,False,266.4416651388889,1
2026-04-29,25,5.44,-199.0316698809524,0.0,0.0,N,5.44,2026-04-29 12:00:00,5.44,False,199.0316698809524,0
2026-04-29,26,15.11,-66.7734886111111,0.0,0.0,N,15.11,2026-04-29 12:30:00,15.11,False,66.7734886111111,0
2026-04-29,27,120.0,3.80230827991453,0.0,0.0,P,120.0,2026-04-29 13:00:00,120.0,False,3.80230827991453,1
2026-04-29,28,120.0,44.93860375,0.0,0.0,P,120.0,2026-04-29 13:30:00,120.0,False,44.93860375,1
2026-04-29,29,120.0,146.5800911111111,0.0,0.0,P,120.0,2026-04-29 14:00:00,120.0,False,146.5800911111111,1
2026-04-29,30,11.68,-75.71647194444445,0.0,0.0,N,11.68,2026-04-29 14:30:00,11.68,False,75.71647194444445,0
2026-04-29,31,120.0,81.24066625,0.0,0.0,P,120.0,2026-04-29 15:00:00,120.0,False,81.24066625,1
2026-04-29,32,15.85,-167.6796866741407,0.0,0.0,N,15.85,2026-04-29 15:30:00,15.85,False,167.6796866741407,0
2026-04-29,33,120.0,21.9181530317886,0.0,0.0,P,120.0,2026-04-29 16:00:00,120.0,False,21.9181530317886,1
2026-04-29,34,24.2,-218.4769648056084,0.0,0.0,N,24.2,2026-04-29 16:30:00,24.2,False,218.4769648056084,0
2026-04-29,35,55.88,-136.8225056728867,0.0,0.0,N,55.88,2026-04-29 17:00:00,55.88,False,136.8225056728867,0
2026-04-29,36,120.0,23.91857473873349,0.0,0.0,P,120.0,2026-04-29 17:30:00,120.0,False,23.91857473873349,1
2026-04-29,37,127.8,116.70451388888888,0.0,0.0,P,127.8,2026-04-29 18:00:00,127.8,False,116.70451388888888,1
2026-04-29,38,97.39,-6.556242916666666,0.0,0.0,N,97.39,2026-04-29 18:30:00,97.39,False,6.556242916666666,0
2026-04-29,39,129.3,395.4500025,0.0,0.0,P,129.3,2026-04-29 19:00:00,129.3,False,395.4500025,1
2026-04-29,40,127.8,179.01427972789187,0.0,0.0,P,127.8,2026-04-29 19:30:00,127.8,False,179.01427972789187,1
2026-04-29,41,127.8,450.25833180555554,0.0,0.0,P,127.8,2026-04-29 20:00:00,127.8,False,450.25833180555554,1
2026-04-29,42,120.0,23.64166611111111,0.0,0.0,P,120.0,2026-04-29 20:30:00,120.0,False,23.64166611111111,1
2026-04-29,43,127.8,222.72083305555552,0.0,0.0,P,127.8,2026-04-29 21:00:00,127.8,False,222.72083305555552,1
2026-04-29,44,127.8,191.44212416666667,0.0,0.0,P,127.8,2026-04-29 21:30:00,127.8,False,191.44212416666667,1
2026-04-29,45,78.65,-10.156952509002975,0.0,0.0,N,78.65,2026-04-29 22:00:00,78.65,False,10.156952509002975,0
2026-04-29,46,127.8,135.9317467321312,0.0,0.0,P,127.8,2026-04-29 22:30:00,127.8,False,135.9317467321312,1
2026-04-29,47,69.82,-60.54913970959596,0.0,0.0,N,69.82,2026-04-29 23:00:00,69.82,False,60.54913970959596,0
2026-04-29,48,106.2,142.82246111111112,0.0,0.0,P,106.2,2026-04-29 23:30:00,106.2,False,142.82246111111112,1
2026-04-30,1,86.12,304.5813154340278,0.0,0.0,P,86.12,2026-04-30 00:00:00,86.12,False,304.5813154340278,1
2026-04-30,2,101.06160888653122,169.08876867971887,0.0,0.0,P,99.84845317216508,2026-04-30 00:30:00,101.06160888653122,False,169.08876867971887,1
2026-04-30,3,85.28326715231263,68.15735862654167,0.0,0.0,P,85.24117647058823,2026-04-30 01:00:00,85.28326715231263,False,68.15735862654167,1
2026-04-30,4,92.51,142.3814312923287,0.0,0.0,P,92.51,2026-04-30 01:30:00,92.51,False,142.3814312923287,1
2026-04-30,5,54.48,-15.218009583333334,0.0,0.0,N,54.48,2026-04-30 02:00:00,54.48,False,15.218009583333334,0
2026-04-30,6,43.73,-102.28716638888888,0.0,0.0,N,43.73,2026-04-30 02:30:00,43.73,False,102.28716638888888,0
2026-04-30,7,50.5,-52.70277236111111,0.0,0.0,N,50.5,2026-04-30 03:00:00,50.5,False,52.70277236111111,0
2026-04-30,8,43.74,-102.7,0.0,0.0,N,43.74,2026-04-30 03:30:00,43.74,False,102.7,0
2026-04-30,9,30.33,-73.8,0.0,0.0,N,30.33,2026-04-30 04:00:00,30.33,False,73.8,0
2026-04-30,10,30.33,-102.5,0.0,0.0,N,30.33,2026-04-30 04:30:00,30.33,False,102.5,0
2026-04-30,11,75.0,-82.21666666666667,0.0,0.0,N,75.0,2026-04-30 05:00:00,75.0,False,82.21666666666667,0
2026-04-30,12,65.83,88.66749458333334,0.0,0.0,P,65.83,2026-04-30 05:30:00,65.83,False,88.66749458333334,1
2026-04-30,13,137.85,425.0157834126984,0.0,0.0,P,137.85,2026-04-30 06:00:00,137.85,False,425.0157834126984,1
2026-04-30,14,150.0,635.0547066182613,0.0,0.0,P,150.0,2026-04-30 06:30:00,150.0,False,635.0547066182613,1
2026-04-30,15,137.85,311.5868102935748,0.0,0.0,P,137.85,2026-04-30 07:00:00,137.85,False,311.5868102935748,1
2026-04-30,16,136.9,165.05000218142982,0.0,0.0,P,136.9,2026-04-30 07:30:00,136.9,False,165.05000218142982,1
2026-04-30,17,137.85,154.9347797136231,0.0,0.0,P,137.85,2026-04-30 08:00:00,137.85,False,154.9347797136231,1
2026-04-30,18,0.37,-285.3040815860127,0.0,0.0,N,0.37,2026-04-30 08:30:00,0.37,False,285.3040815860127,0
2026-04-30,19,-9.4,-290.06484462712297,0.0,0.0,N,-9.4,2026-04-30 09:00:00,-9.4,False,290.06484462712297,0
2026-04-30,20,-14.02,-374.96649041224816,0.0,0.0,N,-14.02,2026-04-30 09:30:00,-14.02,False,374.96649041224816,0
2026-04-30,21,-19.56,-636.2485750085456,0.0,0.0,N,-19.56,2026-04-30 10:00:00,-19.56,False,636.2485750085456,0
2026-04-30,22,-21.64,-294.00835269292264,0.0,0.0,N,-21.64,2026-04-30 10:30:00,-21.64,False,294.00835269292264,0
2026-04-30,23,-25.0,-439.96276430727545,0.0,0.0,N,-25.0,2026-04-30 11:00:00,-25.0,False,439.96276430727545,0
2026-04-30,24,-22.0,-413.7830308314766,0.0,0.0,N,-22.0,2026-04-30 11:30:00,-22.0,False,413.7830308314766,0
2026-04-30,25,-28.14,-994.4727777777778,0.0,0.0,N,-28.14,2026-04-30 12:00:00,-28.14,False,994.4727777777778,0
2026-04-30,26,-28.350133333333332,-1036.3702358333333,0.0,0.0,N,-28.350133333333332,2026-04-30 12:30:00,-28.350133333333332,False,1036.3702358333333,0
2026-04-30,27,-24.53,-641.2549348611111,0.0,0.0,N,-24.53,2026-04-30 13:00:00,-24.53,False,641.2549348611111,0
2026-04-30,28,-25.44,-800.2545636111112,0.0,0.0,N,-25.44,2026-04-30 13:30:00,-25.44,False,800.2545636111112,0
2026-04-30,29,-20.0,-148.1186739167277,0.0,0.0,N,-20.0,2026-04-30 14:00:00,-20.0,False,148.1186739167277,0
2026-04-30,30,-33.29620103284542,-348.36307051313776,0.0,0.0,N,-33.29620103284542,2026-04-30 14:30:00,-33.29620103284542,False,348.36307051313776,0
2026-04-30,31,-33.22,-907.3364319444444,0.0,0.0,N,-33.22,2026-04-30 15:00:00,-33.22,False,907.3364319444444,0
2026-04-30,32,-33.22,-883.8240130240872,0.0,0.0,N,-33.22,2026-04-30 15:30:00,-33.22,False,883.8240130240872,0
2026-04-30,33,-30.24,-718.638161632271,0.0,0.0,N,-30.24,2026-04-30 16:00:00,-30.24,False,718.638161632271,0
2026-04-30,34,-14.02,-445.4135142536037,0.0,0.0,N,-14.02,2026-04-30 16:30:00,-14.02,False,445.4135142536037,0
2026-04-30,35,112.9,11.62388414930477,0.0,0.0,P,112.9,2026-04-30 17:00:00,112.9,False,11.62388414930477,1
2026-04-30,36,112.9,85.6235913982684,0.0,0.0,P,112.9,2026-04-30 17:30:00,112.9,False,85.6235913982684,1
2026-04-30,37,137.9,199.76956117346936,0.0,0.0,P,137.9,2026-04-30 18:00:00,137.9,False,199.76956117346936,1
2026-04-30,38,95.23398708895886,-60.936078468906736,0.0,0.0,N,95.43395553347744,2026-04-30 18:30:00,95.23398708895886,False,60.936078468906736,0
2026-04-30,39,139.5676696347321,71.32458056157635,0.0,0.0,P,139.5676696347321,2026-04-30 19:00:00,139.5676696347321,False,71.32458056157635,1
2026-04-30,40,141.25,226.90405900089607,0.0,0.0,P,141.25,2026-04-30 19:30:00,141.25,False,226.90405900089607,1
2026-04-30,41,138.09,46.511663546626984,0.0,0.0,P,138.09,2026-04-30 20:00:00,138.09,False,46.511663546626984,1
2026-04-30,42,138.08,70.86929541666667,0.0,0.0,P,138.08,2026-04-30 20:30:00,138.08,False,70.86929541666667,1
2026-04-30,43,100.5078363527792,-25.082734265873015,0.0,0.0,N,103.53369333333332,2026-04-30 21:00:00,100.5078363527792,False,25.082734265873015,0
2026-04-30,44,101.6,-333.9123058730159,0.0,0.0,N,101.6,2026-04-30 21:30:00,101.6,False,333.9123058730159,0
2026-04-30,45,69.73178185923267,-523.4910565277778,0.0,0.0,N,70.53625,2026-04-30 22:00:00,69.73178185923267,False,523.4910565277778,0
2026-04-30,46,88.59,-49.41829289141414,0.0,0.0,N,88.59,2026-04-30 22:30:00,88.59,False,49.41829289141414,0
2026-04-30,47,105.72,209.0578889537037,0.0,0.0,P,105.72,2026-04-30 23:00:00,105.72,False,209.0578889537037,1
2026-04-30,48,116.9,27.96234527777778,0.0,0.0,P,116.9,2026-04-30 23:30:00,116.9,False,27.96234527777778,1
2026-05-01,1,72.0,-206.05347852983536,0.0,0.0,N,72.0,2026-05-01 00:00:00,72.0,False,206.05347852983536,0
2026-05-01,2,95.2,39.04843972222222,0.0,0.0,P,95.2,2026-05-01 00:30:00,95.2,False,39.04843972222222,1
2026-05-01,3,75.06,-117.46666208333332,0.0,0.0,N,75.06,2026-05-01 01:00:00,75.06,False,117.46666208333332,0
2026-05-01,4,72.85,-180.7699305290496,0.0,0.0,N,72.85,2026-05-01 01:30:00,72.85,False,180.7699305290496,0
2026-05-01,5,73.08,-152.61756827380952,0.0,0.0,N,73.08,2026-05-01 02:00:00,73.08,False,152.61756827380952,0
2026-05-01,6,75.67,-88.41049278000594,0.0,0.0,N,75.67,2026-05-01 02:30:00,75.67,False,88.41049278000594,0
2026-05-01,7,76.03013333333334,-140.25614166666668,0.0,0.0,N,76.03013333333334,2026-05-01 03:00:00,76.03013333333334,False,140.25614166666668,0
2026-05-01,8,74.8,-200.75,0.0,0.0,N,74.8,2026-05-01 03:30:00,74.8,False,200.75,0
2026-05-01,9,72.83,-381.4208316666667,0.0,0.0,N,72.83,2026-05-01 04:00:00,72.83,False,381.4208316666667,0
2026-05-01,10,78.58,-105.9601375,0.0,0.0,N,78.58,2026-05-01 04:30:00,78.58,False,105.9601375,0
2026-05-01,11,77.0,-225.46361523326388,0.0,0.0,N,77.0,2026-05-01 05:00:00,77.0,False,225.46361523326388,0
2026-05-01,12,92.33,21.423316352813853,0.0,0.0,P,92.33,2026-05-01 05:30:00,92.33,False,21.423316352813853,1
2026-05-01,13,96.17,284.5441098611111,0.0,0.0,P,96.17,2026-05-01 06:00:00,96.17,False,284.5441098611111,1
2026-05-01,14,144.0,102.96314166666669,0.0,0.0,P,144.0,2026-05-01 06:30:00,144.0,False,102.96314166666669,1
2026-05-01,15,144.0,44.62079799733238,0.0,0.0,P,144.0,2026-05-01 07:00:00,144.0,False,44.62079799733238,1
2026-05-01,16,95.01,-51.852564107142854,0.0,0.0,N,95.01,2026-05-01 07:30:00,95.01,False,51.852564107142854,0
2026-05-01,17,145.6,140.07777736111112,0.0,0.0,P,145.6,2026-05-01 08:00:00,145.6,False,140.07777736111112,1
2026-05-01,18,145.6,24.387797063492066,0.0,0.0,P,145.6,2026-05-01 08:30:00,145.6,False,24.387797063492066,1
2026-05-01,19,145.6,81.58952255960347,0.0,0.0,P,145.6,2026-05-01 09:00:00,145.6,False,81.58952255960347,1
2026-05-01,20,145.6,456.1007142857143,0.0,0.0,P,145.6,2026-05-01 09:30:00,145.6,False,456.1007142857143,1
2026-05-01,21,145.6,299.9726173314851,0.0,0.0,P,145.6,2026-05-01 10:00:00,145.6,False,299.9726173314851,1
2026-05-01,22,145.6,10.722190277777775,0.0,0.0,P,145.6,2026-05-01 10:30:00,145.6,False,10.722190277777775,1
2026-05-01,23,85.15,-28.53241138888889,0.0,0.0,N,85.15,2026-05-01 11:00:00,85.15,False,28.53241138888889,0
2026-05-01,24,145.6,47.443353333333334,0.0,0.0,P,145.6,2026-05-01 11:30:00,145.6,False,47.443353333333334,1
2026-05-01,25,80.32,-10.898808513284102,0.0,0.0,N,80.32,2026-05-01 12:00:00,80.32,False,10.898808513284102,0
2026-05-01,26,116.9,105.24166736111113,0.0,0.0,P,116.9,2026-05-01 12:30:00,116.9,False,105.24166736111113,1
2026-05-01,27,113.0,277.21205691394374,0.0,0.0,P,113.0,2026-05-01 13:00:00,113.0,False,277.21205691394374,1
2026-05-01,28,111.43,89.84030146296297,0.0,0.0,P,111.43,2026-05-01 13:30:00,111.43,False,89.84030146296297,1
2026-05-01,29,117.9,455.6909882251698,0.0,0.0,P,117.9,2026-05-01 14:00:00,117.9,False,455.6909882251698,1
2026-05-01,30,113.0,123.58880561148818,0.0,0.0,P,113.0,2026-05-01 14:30:00,113.0,False,123.58880561148818,1
2026-05-01,31,0.05,-57.25658089181287,0.0,0.0,N,0.05,2026-05-01 15:00:00,0.05,False,57.25658089181287,0
2026-05-01,32,128.0,163.75787711538462,0.0,0.0,P,128.0,2026-05-01 15:30:00,128.0,False,163.75787711538462,1
2026-05-01,33,144.0,224.27109972504763,0.0,0.0,P,144.0,2026-05-01 16:00:00,144.0,False,224.27109972504763,1
2026-05-01,34,145.0,313.02079913999546,0.0,0.0,P,145.0,2026-05-01 16:30:00,145.0,False,313.02079913999546,1
2026-05-01,35,148.07,336.06058055555553,0.0,0.0,P,148.07,2026-05-01 17:00:00,148.07,False,336.06058055555553,1
2026-05-01,36,147.0,261.04854825757576,0.0,0.0,P,147.0,2026-05-01 17:30:00,147.0,False,261.04854825757576,1
2026-05-01,37,153.99,586.5039418055555,0.0,0.0,P,153.99,2026-05-01 18:00:00,153.99,False,586.5039418055555,1
2026-05-01,38,175.0,757.5963723611111,0.0,0.0,P,175.0,2026-05-01 18:30:00,175.0,False,757.5963723611111,1
2026-05-01,39,178.0,771.0212553467323,0.0,0.0,P,178.0,2026-05-01 19:00:00,178.0,False,771.0212553467323,1
2026-05-01,40,197.3311819375,1021.7934652182292,0.0,0.0,P,197.3311819375,2026-05-01 19:30:00,197.3311819375,False,1021.7934652182292,1
2026-05-01,41,178.0,228.44863572887488,0.0,0.0,P,178.0,2026-05-01 20:00:00,178.0,False,228.44863572887488,1
2026-05-01,42,150.33,-29.7,0.0,0.0,N,150.33,2026-05-01 20:30:00,150.33,False,29.7,0
2026-05-01,43,98.16,-84.78333333333333,0.0,0.0,N,98.16,2026-05-01 21:00:00,98.16,False,84.78333333333333,0
2026-05-01,44,113.88,-83.10833333333333,0.0,0.0,N,113.88,2026-05-01 21:30:00,113.88,False,83.10833333333333,0
2026-05-01,45,116.82,-18.224999145299144,0.0,0.0,N,116.82,2026-05-01 22:00:00,116.82,False,18.224999145299144,0
2026-05-01,46,90.26,-134.59166666666667,0.0,0.0,N,90.26,2026-05-01 22:30:00,90.26,False,134.59166666666667,0
2026-05-01,47,89.44,-166.0556130642361,0.0,0.0,N,89.44,2026-05-01 23:00:00,89.44,False,166.0556130642361,0
2026-05-01,48,90.0,-143.1885777312715,0.0,0.0,N,90.0,2026-05-01 23:30:00,90.0,False,143.1885777312715,0
2026-05-02,1,89.5,-191.0083338888889,0.0,0.0,N,89.5,2026-05-02 00:00:00,89.5,False,191.0083338888889,0
2026-05-02,2,90.06,-61.048037083333334,0.0,0.0,N,90.06,2026-05-02 00:30:00,90.06,False,61.048037083333334,0
2026-05-02,3,101.48,134.09166666666667,0.0,0.0,P,101.48,2026-05-02 01:00:00,101.48,False,134.09166666666667,1
2026-05-02,4,93.45,-36.00833375,0.0,0.0,N,93.45,2026-05-02 01:30:00,93.45,False,36.00833375,0
2026-05-02,5,99.84,119.91666597222222,0.0,0.0,P,99.84,2026-05-02 02:00:00,99.84,False,119.91666597222222,1
2026-05-02,6,90.94,-1.1083333333333334,0.0,0.0,N,90.94,2026-05-02 02:30:00,90.94,False,1.1083333333333334,0
2026-05-02,7,96.23,63.29585222222222,0.0,0.0,P,96.23,2026-05-02 03:00:00,96.23,False,63.29585222222222,1
2026-05-02,8,97.3,114.3637449074074,0.0,0.0,P,97.3,2026-05-02 03:30:00,97.3,False,114.3637449074074,1
2026-05-02,9,98.28,13.439286527777778,0.0,0.0,P,98.28,2026-05-02 04:00:00,98.28,False,13.439286527777778,1
2026-05-02,10,87.78,-34.53334097222222,0.0,0.0,N,87.78,2026-05-02 04:30:00,87.78,False,34.53334097222222,0
2026-05-02,11,96.3,-24.6425025,0.0,0.0,N,96.3,2026-05-02 05:00:00,96.3,False,24.6425025,0
2026-05-02,12,84.3,-203.7586101157407,0.0,0.0,N,84.3,2026-05-02 05:30:00,84.3,False,203.7586101157407,0
2026-05-02,13,80.01,-276.6018888425926,0.0,0.0,N,80.01,2026-05-02 06:00:00,80.01,False,276.6018888425926,0
2026-05-02,14,80.01,-328.64027458333334,0.0,0.0,N,80.01,2026-05-02 06:30:00,80.01,False,328.64027458333334,0
2026-05-02,15,80.0,-371.08124549601854,0.0,0.0,N,80.0,2026-05-02 07:00:00,80.0,False,371.08124549601854,0
2026-05-02,16,80.01,-132.92169053418803,0.0,0.0,N,80.01,2026-05-02 07:30:00,80.01,False,132.92169053418803,0
2026-05-02,17,84.0,-159.2188054516115,0.0,0.0,N,84.0,2026-05-02 08:00:00,84.0,False,159.2188054516115,0
2026-05-02,18,80.0,-412.7372879273505,0.0,0.0,N,80.0,2026-05-02 08:30:00,80.0,False,412.7372879273505,0
2026-05-02,19,80.0,-182.00234126984128,0.0,0.0,N,80.0,2026-05-02 09:00:00,80.0,False,182.00234126984128,0
2026-05-02,20,80.0,-148.9891865079365,0.0,0.0,N,80.0,2026-05-02 09:30:00,80.0,False,148.9891865079365,0
2026-05-02,21,73.5,-54.57037037037037,0.0,0.0,N,73.5,2026-05-02 10:00:00,73.5,False,54.57037037037037,0
2026-05-02,22,67.73,-157.51000666666667,0.0,0.0,N,67.73,2026-05-02 10:30:00,67.73,False,157.51000666666667,0
2026-05-02,23,-24.0,-100.20828763888888,0.0,0.0,N,-24.0,2026-05-02 11:00:00,-24.0,False,100.20828763888888,0
2026-05-02,24,-24.0,-198.56666666666663,0.0,0.0,N,-24.0,2026-05-02 11:30:00,-24.0,False,198.56666666666663,0
2026-05-02,25,0.01,-257.57500180555553,0.0,0.0,N,0.01,2026-05-02 12:00:00,0.01,False,257.57500180555553,0
2026-05-02,26,0.01,-256.33333125,0.0,0.0,N,0.01,2026-05-02 12:30:00,0.01,False,256.33333125,0
2026-05-02,27,55.0,-252.08972222222224,0.0,0.0,N,55.0,2026-05-02 13:00:00,55.0,False,252.08972222222224,0
2026-05-02,28,55.0,-367.26375,0.0,0.0,N,55.0,2026-05-02 13:30:00,55.0,False,367.26375,0
2026-05-02,29,0.01,-388.9595836706349,0.0,0.0,N,0.01,2026-05-02 14:00:00,0.01,False,388.9595836706349,0
2026-05-02,30,0.01,-165.75,0.0,0.0,N,0.01,2026-05-02 14:30:00,0.01,False,165.75,0
2026-05-02,31,113.0,48.849242424242426,0.0,0.0,P,113.0,2026-05-02 15:00:00,113.0,False,48.849242424242426,1
2026-05-02,32,130.0,187.17083333333332,0.0,0.0,P,130.0,2026-05-02 15:30:00,130.0,False,187.17083333333332,1
2026-05-02,33,130.0,165.01998677083333,0.0,0.0,P,130.0,2026-05-02 16:00:00,130.0,False,165.01998677083333,1
2026-05-02,34,137.51,319.16274822751325,0.0,0.0,P,137.51,2026-05-02 16:30:00,137.51,False,319.16274822751325,1
2026-05-02,35,146.89,306.49678904892534,0.0,0.0,P,146.89,2026-05-02 17:00:00,146.89,False,306.49678904892534,1
2026-05-02,36,139.9,157.89991543650794,0.0,0.0,P,139.9,2026-05-02 17:30:00,139.9,False,157.89991543650794,1
2026-05-02,37,139.9,266.7408898015873,0.0,0.0,P,139.9,2026-05-02 18:00:00,139.9,False,266.7408898015873,1
2026-05-02,38,164.9,513.9098607458616,0.0,0.0,P,164.9,2026-05-02 18:30:00,164.9,False,513.9098607458616,1
2026-05-02,39,158.8,391.3477759722222,0.0,0.0,P,158.8,2026-05-02 19:00:00,158.8,False,391.3477759722222,1
2026-05-02,40,139.9,355.93333333333334,0.0,0.0,P,139.9,2026-05-02 19:30:00,139.9,False,355.93333333333334,1
2026-05-02,41,169.0,386.34649930555554,0.0,0.0,P,169.0,2026-05-02 20:00:00,169.0,False,386.34649930555554,1
2026-05-02,42,169.0,282.90833333333336,0.0,0.0,P,169.0,2026-05-02 20:30:00,169.0,False,282.90833333333336,1
2026-05-02,43,139.9,156.465,0.0,0.0,P,139.9,2026-05-02 21:00:00,139.9,False,156.465,1
2026-05-02,44,139.9,48.641666666666666,0.0,0.0,P,139.9,2026-05-02 21:30:00,139.9,False,48.641666666666666,1
2026-05-02,45,86.14,-180.49953703703704,0.0,0.0,N,86.14,2026-05-02 22:00:00,86.14,False,180.49953703703704,0
2026-05-02,46,139.9,79.54398400637666,0.0,0.0,P,139.9,2026-05-02 22:30:00,139.9,False,79.54398400637666,1
2026-05-02,47,105.35,478.426975,0.0,0.0,P,105.35,2026-05-02 23:00:00,105.35,False,478.426975,1
2026-05-02,48,110.76,706.6669582204861,0.0,0.0,P,110.76,2026-05-02 23:30:00,110.76,False,706.6669582204861,1
2026-05-03,1,109.27,389.16874837398376,0.0,0.0,P,109.27,2026-05-03 00:00:00,109.27,False,389.16874837398376,1
2026-05-03,2,106.92,83.08560300925926,0.0,0.0,P,106.92,2026-05-03 00:30:00,106.92,False,83.08560300925926,1
2026-05-03,3,81.83,-134.4875,0.0,0.0,N,81.83,2026-05-03 01:00:00,81.83,False,134.4875,0
2026-05-03,4,80.25,-168.24479166666666,0.0,0.0,N,80.25,2026-05-03 01:30:00,80.25,False,168.24479166666666,0
2026-05-03,5,81.86,-176.5675005357143,0.0,0.0,N,81.86,2026-05-03 02:00:00,81.86,False,176.5675005357143,0
2026-05-03,6,99.97,17.205710578703705,0.0,0.0,P,99.97,2026-05-03 02:30:00,99.97,False,17.205710578703705,1
2026-05-03,7,103.3,127.22548611111112,0.0,0.0,P,103.3,2026-05-03 03:00:00,103.3,False,127.22548611111112,1
2026-05-03,8,100.75,83.54499958333334,0.0,0.0,P,100.75,2026-05-03 03:30:00,100.75,False,83.54499958333334,1
2026-05-03,9,103.29,472.75,0.0,0.0,P,103.29,2026-05-03 04:00:00,103.29,False,472.75,1
2026-05-03,10,101.7,390.725,0.0,0.0,P,101.7,2026-05-03 04:30:00,101.7,False,390.725,1
2026-05-03,11,102.87,602.950462962963,0.0,0.0,P,102.87,2026-05-03 05:00:00,102.87,False,602.950462962963,1
2026-05-03,12,102.58,497.1722222222222,0.0,0.0,P,102.58,2026-05-03 05:30:00,102.58,False,497.1722222222222,1
2026-05-03,13,104.14,463.04583333333335,0.0,0.0,P,104.14,2026-05-03 06:00:00,104.14,False,463.04583333333335,1
2026-05-03,14,103.89,288.39051472222224,0.0,0.0,P,103.89,2026-05-03 06:30:00,103.89,False,288.39051472222224,1
2026-05-03,15,93.45,-1.620720642132275,0.0,0.0,N,93.45,2026-05-03 07:00:00,93.45,False,1.620720642132275,0
2026-05-03,16,105.37,86.75353553571429,0.0,0.0,P,105.37,2026-05-03 07:30:00,105.37,False,86.75353553571429,1
2026-05-03,17,104.03,65.4226248466811,0.0,0.0,P,104.03,2026-05-03 08:00:00,104.03,False,65.4226248466811,1
2026-05-03,18,106.45,141.07635481240982,0.0,0.0,P,106.45,2026-05-03 08:30:00,106.45,False,141.07635481240982,1
2026-05-03,19,95.54,-57.28439825757576,0.0,0.0,N,95.54,2026-05-03 09:00:00,95.54,False,57.28439825757576,0
2026-05-03,20,86.0,-122.66698263888888,0.0,0.0,N,86.0,2026-05-03 09:30:00,86.0,False,122.66698263888888,0
2026-05-03,21,73.47427715957389,-383.87655291666664,0.0,0.0,N,73.47427715957389,2026-05-03 10:00:00,73.47427715957389,False,383.87655291666664,0
2026-05-03,22,75.24336457784385,-309.61636805555554,0.0,0.0,N,75.24336457784385,2026-05-03 10:30:00,75.24336457784385,False,309.61636805555554,0
2026-05-03,23,78.04779853525804,-351.5409722222222,0.0,0.0,N,78.04779853525804,2026-05-03 11:00:00,78.04779853525804,False,351.5409722222222,0
2026-05-03,24,77.94,-217.3063884722222,0.0,0.0,N,77.94,2026-05-03 11:30:00,77.94,False,217.3063884722222,0
2026-05-03,25,133.0,40.30208513888889,0.0,0.0,P,133.0,2026-05-03 12:00:00,133.0,False,40.30208513888889,1
2026-05-03,26,133.0,80.39166666666667,0.0,0.0,P,133.0,2026-05-03 12:30:00,133.0,False,80.39166666666667,1
2026-05-03,27,133.0,53.97666666666667,0.0,0.0,P,133.0,2026-05-03 13:00:00,133.0,False,53.97666666666667,1
2026-05-03,28,88.98,-65.20396820436508,0.0,0.0,N,88.98,2026-05-03 13:30:00,88.98,False,65.20396820436508,0
2026-05-03,29,80.80892529047202,-199.0024595238095,0.0,0.0,N,80.80892529047202,2026-05-03 14:00:00,80.80892529047202,False,199.0024595238095,0
2026-05-03,30,80.9,-360.4658952777778,0.0,0.0,N,80.9,2026-05-03 14:30:00,80.9,False,360.4658952777778,0
2026-05-03,31,80.9,-390.3808722317516,0.0,0.0,N,80.9,2026-05-03 15:00:00,80.9,False,390.3808722317516,0
2026-05-03,32,80.95,-255.41707633423192,0.0,0.0,N,80.95,2026-05-03 15:30:00,80.95,False,255.41707633423192,0
2026-05-03,33,82.73,-143.139995302422,0.0,0.0,N,82.73,2026-05-03 16:00:00,82.73,False,143.139995302422,0
2026-05-03,34,80.95,-222.11964262026865,0.0,0.0,N,80.95,2026-05-03 16:30:00,80.95,False,222.11964262026865,0
2026-05-03,35,134.0,2.3606552706552706,0.0,0.0,P,134.0,2026-05-03 17:00:00,134.0,False,2.3606552706552706,1
2026-05-03,36,150.0,3.882827816951567,0.0,0.0,P,150.0,2026-05-03 17:30:00,150.0,False,3.882827816951567,1
2026-05-03,37,150.0,56.451726111111114,0.0,0.0,P,150.0,2026-05-03 18:00:00,150.0,False,56.451726111111114,1
2026-05-03,38,97.0,-86.50554796296296,0.0,0.0,N,97.0,2026-05-03 18:30:00,97.0,False,86.50554796296296,0
2026-05-03,39,93.87,-403.71209532271615,0.0,0.0,N,93.87,2026-05-03 19:00:00,93.87,False,403.71209532271615,0
2026-05-03,40,91.46,-195.70145818061567,0.0,0.0,N,91.46,2026-05-03 19:30:00,91.46,False,195.70145818061567,0
2026-05-03,41,91.0,-199.9707410185185,0.0,0.0,N,91.0,2026-05-03 20:00:00,91.0,False,199.9707410185185,0
2026-05-03,42,150.0,8.944860138888888,0.0,0.0,P,150.0,2026-05-03 20:30:00,150.0,False,8.944860138888888,1
2026-05-03,43,90.0,-100.47348482323233,0.0,0.0,N,90.0,2026-05-03 21:00:00,90.0,False,100.47348482323233,0
2026-05-03,44,87.73,-144.5322875,0.0,0.0,N,87.73,2026-05-03 21:30:00,87.73,False,144.5322875,0
2026-05-03,45,85.0,-210.31609126984128,0.0,0.0,N,85.0,2026-05-03 22:00:00,85.0,False,210.31609126984128,0
2026-05-03,46,83.38,-158.0759243560606,0.0,0.0,N,83.38,2026-05-03 22:30:00,83.38,False,158.0759243560606,0
2026-05-03,47,97.35,8.033748196248196,0.0,0.0,P,97.35,2026-05-03 23:00:00,97.35,False,8.033748196248196,1
2026-05-03,48,89.32,-27.983638095238096,0.0,0.0,N,89.32,2026-05-03 23:30:00,89.32,False,27.983638095238096,0
2026-05-04,1,115.63399253825456,37.70527279872685,0.0,0.0,P,115.562,2026-05-04 00:00:00,115.63399253825456,False,37.70527279872685,1
2026-05-04,2,85.96,-55.117697859362856,0.0,0.0,N,85.96,2026-05-04 00:30:00,85.96,False,55.117697859362856,0
2026-05-04,3,86.51,-95.66692341880342,0.0,0.0,N,86.51,2026-05-04 01:00:00,86.51,False,95.66692341880342,0
2026-05-04,4,86.45730926324433,-54.905064102564104,0.0,0.0,N,86.45730926324433,2026-05-04 01:30:00,86.45730926324433,False,54.905064102564104,0
2026-05-04,5,86.69,-11.89906298076923,0.0,0.0,N,86.69,2026-05-04 02:00:00,86.69,False,11.89906298076923,0
2026-05-04,6,86.7,-1.7757264957264958,0.0,0.0,N,86.7,2026-05-04 02:30:00,86.7,False,1.7757264957264958,0
2026-05-04,7,83.6,-53.912179487179486,0.0,0.0,N,83.6,2026-05-04 03:00:00,83.6,False,53.912179487179486,0
2026-05-04,8,83.6,-66.07826259920635,0.0,0.0,N,83.6,2026-05-04 03:30:00,83.6,False,66.07826259920635,0
2026-05-04,9,95.05,143.38933428062677,0.0,0.0,P,95.05,2026-05-04 04:00:00,95.05,False,143.38933428062677,1
2026-05-04,10,88.26,-13.103111923400672,0.0,0.0,N,88.26,2026-05-04 04:30:00,88.26,False,13.103111923400672,0
2026-05-04,11,107.0,154.4959231728895,0.0,0.0,P,107.0,2026-05-04 05:00:00,107.0,False,154.4959231728895,1
2026-05-04,12,87.22,-129.76542597222223,0.0,0.0,N,87.22,2026-05-04 05:30:00,87.22,False,129.76542597222223,0
2026-05-04,13,89.95,-107.00134833333334,0.0,0.0,N,89.95,2026-05-04 06:00:00,89.95,False,107.00134833333334,0
2026-05-04,14,90.57,-174.2256438378125,0.0,0.0,N,90.57,2026-05-04 06:30:00,90.57,False,174.2256438378125,0
2026-05-04,15,109.32715846274894,72.18727089980689,0.0,0.0,P,107.97481818181818,2026-05-04 07:00:00,109.32715846274894,False,72.18727089980689,1
2026-05-04,16,153.0,69.9442389520202,0.0,0.0,P,153.0,2026-05-04 07:30:00,153.0,False,69.9442389520202,1
2026-05-04,17,110.88,48.470627247474745,0.0,0.0,P,110.88,2026-05-04 08:00:00,110.88,False,48.470627247474745,1
2026-05-04,18,129.78463390993647,149.69458062260537,0.0,0.0,P,129.78463390993647,2026-05-04 08:30:00,129.78463390993647,False,149.69458062260537,1
2026-05-04,19,85.18403056637186,-25.349534643550893,0.0,0.0,N,85.43000747222223,2026-05-04 09:00:00,85.18403056637186,False,25.349534643550893,0
2026-05-04,20,106.91,30.580966603535355,0.0,0.0,P,106.91,2026-05-04 09:30:00,106.91,False,30.580966603535355,1
2026-05-04,21,92.94,-128.6735176948021,0.0,0.0,N,92.94,2026-05-04 10:00:00,92.94,False,128.6735176948021,0
2026-05-04,22,93.4,-175.11999876984126,0.0,0.0,N,93.4,2026-05-04 10:30:00,93.4,False,175.11999876984126,0
2026-05-04,23,92.65,-69.26967111111111,0.0,0.0,N,92.65,2026-05-04 11:00:00,92.65,False,69.26967111111111,0
2026-05-04,24,93.74,-106.65960645967984,0.0,0.0,N,93.74,2026-05-04 11:30:00,93.74,False,106.65960645967984,0
2026-05-04,25,100.0,-16.98482110156682,0.0,0.0,N,100.0,2026-05-04 12:00:00,100.0,False,16.98482110156682,0
2026-05-04,26,74.3180411061091,-374.63729205761086,0.0,0.0,N,74.64925,2026-05-04 12:30:00,74.3180411061091,False,374.63729205761086,0
2026-05-04,27,114.19,24.119531017811255,0.0,0.0,P,114.19,2026-05-04 13:00:00,114.19,False,24.119531017811255,1
2026-05-04,28,117.42,74.87449928036598,0.0,0.0,P,117.42,2026-05-04 13:30:00,117.42,False,74.87449928036598,1
2026-05-04,29,119.0,113.0930862121212,0.0,0.0,P,119.0,2026-05-04 14:00:00,119.0,False,113.0930862121212,1
2026-05-04,30,123.6,477.4913308547939,0.0,0.0,P,123.6,2026-05-04 14:30:00,123.6,False,477.4913308547939,1
2026-05-04,31,123.6,293.7082264484127,0.0,0.0,P,123.6,2026-05-04 15:00:00,123.6,False,293.7082264484127,1
2026-05-04,32,123.6,91.11166666666666,0.0,0.0,P,123.6,2026-05-04 15:30:00,123.6,False,91.11166666666666,1
2026-05-04,33,122.0,0.3755399735051035,0.0,0.0,P,122.0,2026-05-04 16:00:00,122.0,False,0.3755399735051035,1
2026-05-04,34,127.53,176.19532206349206,0.0,0.0,P,127.53,2026-05-04 16:30:00,127.53,False,176.19532206349206,1
2026-05-04,35,123.6,5.43092037037037,0.0,0.0,P,123.6,2026-05-04 17:00:00,123.6,False,5.43092037037037,1
2026-05-04,36,152.9,202.70022633213856,0.0,0.0,P,152.9,2026-05-04 17:30:00,152.9,False,202.70022633213856,1
2026-05-04,37,145.0,69.04968024193549,0.0,0.0,P,145.0,2026-05-04 18:00:00,145.0,False,69.04968024193549,1
2026-05-04,38,145.0,70.3074171539961,0.0,0.0,P,145.0,2026-05-04 18:30:00,145.0,False,70.3074171539961,1
2026-05-04,39,152.9,146.26829365079365,0.0,0.0,P,152.9,2026-05-04 19:00:00,152.9,False,146.26829365079365,1
2026-05-04,40,159.9,430.03725823412697,0.0,0.0,P,159.9,2026-05-04 19:30:00,159.9,False,430.03725823412697,1
2026-05-04,41,169.0,495.0807677579365,0.0,0.0,P,169.0,2026-05-04 20:00:00,169.0,False,495.0807677579365,1
2026-05-04,42,159.9,188.320783032708,0.0,0.0,P,159.9,2026-05-04 20:30:00,159.9,False,188.320783032708,1
2026-05-04,43,109.92656737996288,-11.708928571428572,0.0,0.0,N,109.92656737996288,2026-05-04 21:00:00,109.92656737996288,False,11.708928571428572,0
2026-05-04,44,110.06,-15.213333333333331,0.0,0.0,N,110.06,2026-05-04 21:30:00,110.06,False,15.213333333333331,0
2026-05-04,45,96.78,-97.425,0.0,0.0,N,96.78,2026-05-04 22:00:00,96.78,False,97.425,0
2026-05-04,46,169.0,130.22201507575758,0.0,0.0,P,169.0,2026-05-04 22:30:00,169.0,False,130.22201507575758,1
2026-05-04,47,113.86937358555616,20.496111111111112,0.0,0.0,P,113.86937358555616,2026-05-04 23:00:00,113.86937358555616,False,20.496111111111112,1
2026-05-04,48,116.8,99.38970208333332,0.0,0.0,P,116.8,2026-05-04 23:30:00,116.8,False,99.38970208333332,1
2026-05-05,1,97.28837114276423,-77.29147083333334,0.0,0.0,N,97.28837114276423,2026-05-05 00:00:00,97.28837114276423,False,77.29147083333334,0
2026-05-05,2,99.61,-18.648333333333333,0.0,0.0,N,99.61,2026-05-05 00:30:00,99.61,False,18.648333333333333,0
2026-05-05,3,99.64,-24.04,0.0,0.0,N,99.64,2026-05-05 01:00:00,99.64,False,24.04,0
2026-05-05,4,104.58,258.8333333333333,0.0,0.0,P,104.58,2026-05-05 01:30:00,104.58,False,258.8333333333333,1
2026-05-05,5,105.15,248.78333333333333,0.0,0.0,P,105.15,2026-05-05 02:00:00,105.15,False,248.78333333333333,1
2026-05-05,6,104.39,259.93666583333334,0.0,0.0,P,104.39,2026-05-05 02:30:00,104.39,False,259.93666583333334,1
2026-05-05,7,99.64,-3.1788547222222223,0.0,0.0,N,99.64,2026-05-05 03:00:00,99.64,False,3.1788547222222223,0
2026-05-05,8,97.86,-53.94166666666667,0.0,0.0,N,97.86,2026-05-05 03:30:00,97.86,False,53.94166666666667,0
2026-05-05,9,88.2,-8.66188614379085,0.0,0.0,N,88.2,2026-05-05 04:00:00,88.2,False,8.66188614379085,0
2026-05-05,10,145.0,35.71174603174603,0.0,0.0,P,145.0,2026-05-05 04:30:00,145.0,False,35.71174603174603,1
2026-05-05,11,91.73,-4.371044868432222,0.0,0.0,N,91.73,2026-05-05 05:00:00,91.73,False,4.371044868432222,0
2026-05-05,12,126.58,29.045966455733808,0.0,0.0,P,126.58,2026-05-05 05:30:00,126.58,False,29.045966455733808,1
2026-05-05,13,122.53,5.345136666666667,0.0,0.0,P,122.53,2026-05-05 06:00:00,122.53,False,5.345136666666667,1
2026-05-05,14,91.76,-109.07734958333332,0.0,0.0,N,91.76,2026-05-05 06:30:00,91.76,False,109.07734958333332,0
2026-05-05,15,133.9,176.31240785714286,0.0,0.0,P,133.9,2026-05-05 07:00:00,133.9,False,176.31240785714286,1
2026-05-05,16,92.8527011052752,-75.12365972222223,0.0,0.0,N,93.67833333333331,2026-05-05 07:30:00,92.8527011052752,False,75.12365972222223,0
2026-05-05,17,89.3,-203.33664305555556,0.0,0.0,N,89.3,2026-05-05 08:00:00,89.3,False,203.33664305555556,0
2026-05-05,18,91.5605023883783,-230.35730125,0.0,0.0,N,92.87408333333332,2026-05-05 08:30:00,91.5605023883783,False,230.35730125,0
2026-05-05,19,89.3,-258.0439821759259,0.0,0.0,N,89.3,2026-05-05 09:00:00,89.3,False,258.0439821759259,0
2026-05-05,20,65.07184942640083,-411.9742982407407,0.0,0.0,N,65.07617777777777,2026-05-05 09:30:00,65.07184942640083,False,411.9742982407407,0
2026-05-05,21,80.36476120925819,-591.1672048611111,0.0,0.0,N,80.407,2026-05-05 10:00:00,80.36476120925819,False,591.1672048611111,0
2026-05-05,22,86.24500171214903,-95.9254035780516,0.0,0.0,N,86.81358333333333,2026-05-05 10:30:00,86.24500171214903,False,95.9254035780516,0
2026-05-05,23,89.14788570960923,-97.80391301587302,0.0,0.0,N,89.219,2026-05-05 11:00:00,89.14788570960923,False,97.80391301587302,0
2026-05-05,24,87.52,-247.3029749404762,0.0,0.0,N,87.52,2026-05-05 11:30:00,87.52,False,247.3029749404762,0
2026-05-05,25,86.02660039464294,-178.12842325396826,0.0,0.0,N,86.51566666666666,2026-05-05 12:00:00,86.02660039464294,False,178.12842325396826,0
2026-05-05,26,88.40527922402609,-300.1225457738095,0.0,0.0,N,88.52083333333333,2026-05-05 12:30:00,88.40527922402609,False,300.1225457738095,0
2026-05-05,27,52.82,-322.1152333333333,0.0,0.0,N,52.82,2026-05-05 13:00:00,52.82,False,322.1152333333333,0
2026-05-05,28,86.70802080632804,-109.21309694444444,0.0,0.0,N,87.44158333333333,2026-05-05 13:30:00,86.70802080632804,False,109.21309694444444,0
2026-05-05,29,127.71,214.2238991388889,0.0,0.0,P,127.71,2026-05-05 14:00:00,127.71,False,214.2238991388889,1
2026-05-05,30,122.52,22.37939375,0.0,0.0,P,122.52,2026-05-05 14:30:00,122.52,False,22.37939375,1
2026-05-05,31,89.45,-164.40143911492376,0.0,0.0,N,89.45,2026-05-05 15:00:00,89.45,False,164.40143911492376,0
2026-05-05,32,109.11,-49.34926004050926,0.0,0.0,N,109.11,2026-05-05 15:30:00,109.11,False,49.34926004050926,0
2026-05-05,33,143.47909017773227,66.81126541666667,0.0,0.0,P,143.47909017773227,2026-05-05 16:00:00,143.47909017773227,False,66.81126541666667,1
2026-05-05,34,147.29,36.21735708333333,0.0,0.0,P,147.29,2026-05-05 16:30:00,147.29,False,36.21735708333333,1
2026-05-05,35,146.97,61.95017402777778,0.0,0.0,P,146.97,2026-05-05 17:00:00,146.97,False,61.95017402777778,1
2026-05-05,36,143.57,35.12574835748792,0.0,0.0,P,143.57,2026-05-05 17:30:00,143.57,False,35.12574835748792,1
2026-05-05,37,160.0,428.0822231746032,0.0,0.0,P,160.0,2026-05-05 18:00:00,160.0,False,428.0822231746032,1
2026-05-05,38,160.0,568.6196418452348,0.0,0.0,P,160.0,2026-05-05 18:30:00,160.0,False,568.6196418452348,1
2026-05-05,39,165.0,580.2959414146499,0.0,0.0,P,165.0,2026-05-05 19:00:00,165.0,False,580.2959414146499,1
2026-05-05,40,172.11,507.87824288461536,0.0,0.0,P,172.11,2026-05-05 19:30:00,172.11,False,507.87824288461536,1
2026-05-05,41,89.52,-43.831805555555555,0.0,0.0,N,89.52,2026-05-05 20:00:00,89.52,False,43.831805555555555,0
2026-05-05,42,150.43,7.610555555555556,0.0,0.0,P,150.43,2026-05-05 20:30:00,150.43,False,7.610555555555556,1
2026-05-05,43,137.16468475360747,36.43375277777778,0.0,0.0,P,137.16468475360747,2026-05-05 21:00:00,137.16468475360747,False,36.43375277777778,1
2026-05-05,44,129.0,4.699569444444444,0.0,0.0,P,129.0,2026-05-05 21:30:00,129.0,False,4.699569444444444,1
2026-05-05,45,129.0,59.08703225806452,0.0,0.0,P,129.0,2026-05-05 22:00:00,129.0,False,59.08703225806452,1
2026-05-05,46,129.0,193.17690067049807,0.0,0.0,P,129.0,2026-05-05 22:30:00,129.0,False,193.17690067049807,1
2026-05-05,47,123.48,2.5368207941483805,0.0,0.0,P,123.48,2026-05-05 23:00:00,123.48,False,2.5368207941483805,1
2026-05-05,48,111.34,198.75277777777777,0.0,0.0,P,111.34,2026-05-05 23:30:00,111.34,False,198.75277777777777,1
2026-05-06,1,96.79,-37.99166666666667,0.0,0.0,N,96.79,2026-05-06 00:00:00,96.79,False,37.99166666666667,0
2026-05-06,2,97.02,-35.72121737036261,0.0,0.0,N,97.02,2026-05-06 00:30:00,97.02,False,35.72121737036261,0
2026-05-06,3,103.94,483.3391414141414,0.0,0.0,P,103.94,2026-05-06 01:00:00,103.94,False,483.3391414141414,1
2026-05-06,4,102.63,496.3361111111111,0.0,0.0,P,102.63,2026-05-06 01:30:00,102.63,False,496.3361111111111,1
2026-05-06,5,106.41,499.30833333333334,0.0,0.0,P,106.41,2026-05-06 02:00:00,106.41,False,499.30833333333334,1
2026-05-06,6,104.14,229.5781256432749,0.0,0.0,P,104.14,2026-05-06 02:30:00,104.14,False,229.5781256432749,1
2026-05-06,7,102.38,211.04939925438595,0.0,0.0,P,102.38,2026-05-06 03:00:00,102.38,False,211.04939925438595,1
2026-05-06,8,137.69821088531015,241.51515083333337,0.0,0.0,P,133.88795277777777,2026-05-06 03:30:00,137.69821088531015,False,241.51515083333337,1
2026-05-06,9,120.0,113.21131513991035,0.0,0.0,P,120.0,2026-05-06 04:00:00,120.0,False,113.21131513991035,1
2026-05-06,10,93.12,-82.36978979797979,0.0,0.0,N,93.12,2026-05-06 04:30:00,93.12,False,82.36978979797979,0
2026-05-06,11,98.57,-34.999211063467854,0.0,0.0,N,98.57,2026-05-06 05:00:00,98.57,False,34.999211063467854,0
2026-05-06,12,140.0,11.49268897907648,0.0,0.0,P,140.0,2026-05-06 05:30:00,140.0,False,11.49268897907648,1
2026-05-06,13,106.2,-7.416837486842561,0.0,0.0,N,106.2,2026-05-06 06:00:00,106.2,False,7.416837486842561,0
2026-05-06,14,143.0,119.7757413528892,0.0,0.0,P,143.0,2026-05-06 06:30:00,143.0,False,119.7757413528892,1
2026-05-06,15,130.0,25.277606379554317,0.0,0.0,P,130.0,2026-05-06 07:00:00,130.0,False,25.277606379554317,1
2026-05-06,16,139.48852117480013,1.1272020775281932,0.0,0.0,P,139.48852117480013,2026-05-06 07:30:00,139.48852117480013,False,1.1272020775281932,1
2026-05-06,17,96.0,-116.27992576388888,0.0,0.0,N,96.0,2026-05-06 08:00:00,96.0,False,116.27992576388888,0
2026-05-06,18,86.45,-240.93013444444443,0.0,0.0,N,86.45,2026-05-06 08:30:00,86.45,False,240.93013444444443,0
2026-05-06,19,86.35,-398.02905166666665,0.0,0.0,N,86.35,2026-05-06 09:00:00,86.35,False,398.02905166666665,0
2026-05-06,20,84.6,-681.9281194987366,0.0,0.0,N,84.6,2026-05-06 09:30:00,84.6,False,681.9281194987366,0
2026-05-06,21,84.6,-1004.5622225250628,0.0,0.0,N,84.6,2026-05-06 10:00:00,84.6,False,1004.5622225250628,0
2026-05-06,22,83.15,-858.1887609649123,0.0,0.0,N,83.15,2026-05-06 10:30:00,83.15,False,858.1887609649123,0
2026-05-06,23,83.01,-1018.7479161800334,0.0,0.0,N,83.01,2026-05-06 11:00:00,83.01,False,1018.7479161800334,0
2026-05-06,24,80.0,-725.3845459750204,0.0,0.0,N,80.0,2026-05-06 11:30:00,80.0,False,725.3845459750204,0
2026-05-06,25,80.0,-741.5646939268756,0.0,0.0,N,80.0,2026-05-06 12:00:00,80.0,False,741.5646939268756,0
2026-05-06,26,75.5,-877.0063913289885,0.0,0.0,N,75.5,2026-05-06 12:30:00,75.5,False,877.0063913289885,0
2026-05-06,27,75.0,-892.2470354761905,0.0,0.0,N,75.0,2026-05-06 13:00:00,75.0,False,892.2470354761905,0
2026-05-06,28,72.3,-847.2613028020282,0.0,0.0,N,72.3,2026-05-06 13:30:00,72.3,False,847.2613028020282,0
2026-05-06,29,75.0,-172.0488247863248,0.0,0.0,N,75.0,2026-05-06 14:00:00,75.0,False,172.0488247863248,0
2026-05-06,30,75.0,-188.13231632275136,0.0,0.0,N,75.0,2026-05-06 14:30:00,75.0,False,188.13231632275136,0
2026-05-06,31,75.0,-435.1688784781447,0.0,0.0,N,75.0,2026-05-06 15:00:00,75.0,False,435.1688784781447,0
2026-05-06,32,76.41,-477.00343820526695,0.0,0.0,N,76.41,2026-05-06 15:30:00,76.41,False,477.00343820526695,0
2026-05-06,33,78.01,-220.68499841293047,0.0,0.0,N,78.01,2026-05-06 16:00:00,78.01,False,220.68499841293047,0
2026-05-06,34,78.0255,-201.5283229563492,0.0,0.0,N,78.0255,2026-05-06 16:30:00,78.0255,False,201.5283229563492,0
2026-05-06,35,78.03612990815256,-119.35919885964913,0.0,0.0,N,78.038,2026-05-06 17:00:00,78.03612990815256,False,119.35919885964913,0
2026-05-06,36,99.71,-48.039302222222226,0.0,0.0,N,99.71,2026-05-06 17:30:00,99.71,False,48.039302222222226,0
2026-05-06,37,133.96,177.3169437037037,0.0,0.0,P,133.96,2026-05-06 18:00:00,133.96,False,177.3169437037037,1
2026-05-06,38,106.44,-8.727505069444444,0.0,0.0,N,106.44,2026-05-06 18:30:00,106.44,False,8.727505069444444,0
2026-05-06,39,107.12,-29.562281448412698,0.0,0.0,N,107.12,2026-05-06 19:00:00,107.12,False,29.562281448412698,0
2026-05-06,40,136.42,61.29353235653236,0.0,0.0,P,136.42,2026-05-06 19:30:00,136.42,False,61.29353235653236,1
2026-05-06,41,133.06,61.82451534188034,0.0,0.0,P,133.06,2026-05-06 20:00:00,133.06,False,61.82451534188034,1
2026-05-06,42,133.06,71.75939861111111,0.0,0.0,P,133.06,2026-05-06 20:30:00,133.06,False,71.75939861111111,1
2026-05-06,43,117.54890632009143,59.84336819573843,0.0,0.0,P,117.54890632009143,2026-05-06 21:00:00,117.54890632009143,False,59.84336819573843,1
2026-05-06,44,122.0,140.84325577991453,0.0,0.0,P,122.0,2026-05-06 21:30:00,122.0,False,140.84325577991453,1
2026-05-06,45,119.0,204.89299544189504,0.0,0.0,P,119.0,2026-05-06 22:00:00,119.0,False,204.89299544189504,1
2026-05-06,46,91.74,-169.89502063842963,0.0,0.0,N,91.74,2026-05-06 22:30:00,91.74,False,169.89502063842963,0
2026-05-06,47,83.51136077820415,-399.60025583333334,0.0,0.0,N,84.144,2026-05-06 23:00:00,83.51136077820415,False,399.60025583333334,0
2026-05-06,48,102.46,-137.8583303422228,0.0,0.0,N,102.46,2026-05-06 23:30:00,102.46,False,137.8583303422228,0
2026-05-07,1,93.61,-4.543111836438271,0.0,0.0,N,93.61,2026-05-07 00:00:00,93.61,False,4.543111836438271,0
2026-05-07,2,118.0,347.2424471843403,0.0,0.0,P,118.0,2026-05-07 00:30:00,118.0,False,347.2424471843403,1
2026-05-07,3,118.0,209.40142194444445,0.0,0.0,P,118.0,2026-05-07 01:00:00,118.0,False,209.40142194444445,1
2026-05-07,4,118.0,165.1405425,0.0,0.0,P,118.0,2026-05-07 01:30:00,118.0,False,165.1405425,1
2026-05-07,5,118.0,95.10530694444444,0.0,0.0,P,118.0,2026-05-07 02:00:00,118.0,False,95.10530694444444,1
2026-05-07,6,125.0,84.93293541954417,0.0,0.0,P,125.0,2026-05-07 02:30:00,125.0,False,84.93293541954417,1
2026-05-07,7,121.0,10.726570491452993,0.0,0.0,P,121.0,2026-05-07 03:00:00,121.0,False,10.726570491452993,1
2026-05-07,8,132.97,170.18567789529914,0.0,0.0,P,132.97,2026-05-07 03:30:00,132.97,False,170.18567789529914,1
2026-05-07,9,133.0,198.13113055555556,0.0,0.0,P,133.0,2026-05-07 04:00:00,133.0,False,198.13113055555556,1
2026-05-07,10,117.43,41.28697638146168,0.0,0.0,P,117.43,2026-05-07 04:30:00,117.43,False,41.28697638146168,1
2026-05-07,11,137.0,398.4951615682738,0.0,0.0,P,137.0,2026-05-07 05:00:00,137.0,False,398.4951615682738,1
2026-05-07,12,137.0,160.3062091023096,0.0,0.0,P,137.0,2026-05-07 05:30:00,137.0,False,160.3062091023096,1
2026-05-07,13,137.0,99.08780723374554,0.0,0.0,P,137.0,2026-05-07 06:00:00,137.0,False,99.08780723374554,1
2026-05-07,14,157.0,918.9052845345872,0.0,0.0,P,157.0,2026-05-07 06:30:00,157.0,False,918.9052845345872,1
2026-05-07,15,135.0,30.14458541919192,0.0,0.0,P,135.0,2026-05-07 07:00:00,135.0,False,30.14458541919192,1
2026-05-07,16,135.0,169.30739652777777,0.0,0.0,P,135.0,2026-05-07 07:30:00,135.0,False,169.30739652777777,1
2026-05-07,17,135.0,137.30188093497586,0.0,0.0,P,135.0,2026-05-07 08:00:00,135.0,False,137.30188093497586,1
2026-05-07,18,135.0,107.60739841599715,0.0,0.0,P,135.0,2026-05-07 08:30:00,135.0,False,107.60739841599715,1
2026-05-07,19,133.3888864336428,401.26762335464434,0.0,0.0,P,133.3888864336428,2026-05-07 09:00:00,133.3888864336428,False,401.26762335464434,1
2026-05-07,20,123.95,117.80926682800224,0.0,0.0,P,123.95,2026-05-07 09:30:00,123.95,False,117.80926682800224,1
2026-05-07,21,101.75,-230.2114121575538,0.0,0.0,N,101.75,2026-05-07 10:00:00,101.75,False,230.2114121575538,0
2026-05-07,22,96.44,-275.9598186177932,0.0,0.0,N,96.44,2026-05-07 10:30:00,96.44,False,275.9598186177932,0
2026-05-07,23,89.84,-427.3565693162393,0.0,0.0,N,89.84,2026-05-07 11:00:00,89.84,False,427.3565693162393,0
2026-05-07,24,90.5,-117.71094824494948,0.0,0.0,N,90.5,2026-05-07 11:30:00,90.5,False,117.71094824494948,0
2026-05-07,25,89.72,-301.70121491610166,0.0,0.0,N,89.72,2026-05-07 12:00:00,89.72,False,301.70121491610166,0
2026-05-07,26,86.63,-130.63916126344083,0.0,0.0,N,86.63,2026-05-07 12:30:00,86.63,False,130.63916126344083,0
2026-05-07,27,84.30350703219665,-76.01027857751674,0.0,0.0,N,87.64666666666666,2026-05-07 13:00:00,84.30350703219665,False,76.01027857751674,0
2026-05-07,28,92.07,-76.93881955393014,0.0,0.0,N,92.07,2026-05-07 13:30:00,92.07,False,76.93881955393014,0
2026-05-07,29,110.0,74.56275791666667,0.0,0.0,P,110.0,2026-05-07 14:00:00,110.0,False,74.56275791666667,1
2026-05-07,30,110.0,41.39115430555555,0.0,0.0,P,110.0,2026-05-07 14:30:00,110.0,False,41.39115430555555,1
2026-05-07,31,115.0,56.86365565972222,0.0,0.0,P,115.0,2026-05-07 15:00:00,115.0,False,56.86365565972222,1
2026-05-07,32,115.0,93.64033910647106,0.0,0.0,P,115.0,2026-05-07 15:30:00,115.0,False,93.64033910647106,1
2026-05-07,33,124.95,448.37048837301586,0.0,0.0,P,124.95,2026-05-07 16:00:00,124.95,False,448.37048837301586,1
2026-05-07,34,104.11,-62.65871179067032,0.0,0.0,N,104.11,2026-05-07 16:30:00,104.11,False,62.65871179067032,0
2026-05-07,35,111.03333523985052,-35.502276354875285,0.0,0.0,N,111.22733333333332,2026-05-07 17:00:00,111.03333523985052,False,35.502276354875285,0
2026-05-07,36,153.99,-193.46269563492064,0.0,0.0,N,153.99,2026-05-07 17:30:00,153.99,False,193.46269563492064,0
2026-05-07,37,99.0,-109.78143980253212,0.0,0.0,N,99.0,2026-05-07 18:00:00,99.0,False,109.78143980253212,0
2026-05-07,38,130.0,50.52527818209091,0.0,0.0,P,130.0,2026-05-07 18:30:00,130.0,False,50.52527818209091,1
2026-05-07,39,99.0,-61.194242576761475,0.0,0.0,N,99.0,2026-05-07 19:00:00,99.0,False,61.194242576761475,0
2026-05-07,40,130.0,224.46292621031745,0.0,0.0,P,130.0,2026-05-07 19:30:00,130.0,False,224.46292621031745,1
2026-05-07,41,120.0,84.52011650584795,0.0,0.0,P,120.0,2026-05-07 20:00:00,120.0,False,84.52011650584795,1
2026-05-07,42,120.0,10.300658007222168,0.0,0.0,P,120.0,2026-05-07 20:30:00,120.0,False,10.300658007222168,1
2026-05-07,43,130.0,228.44448620477075,0.0,0.0,P,130.0,2026-05-07 21:00:00,130.0,False,228.44448620477075,1
2026-05-07,44,120.0,45.172223252314815,0.0,0.0,P,120.0,2026-05-07 21:30:00,120.0,False,45.172223252314815,1
2026-05-07,45,133.03,-386.4011111111111,0.0,0.0,N,133.03,2026-05-07 22:00:00,133.03,False,386.4011111111111,0
2026-05-07,46,123.73,-376.119830493037,0.0,0.0,N,123.73,2026-05-07 22:30:00,123.73,False,376.119830493037,0
2026-05-07,47,109.03,-352.1641046499118,0.0,0.0,N,109.03,2026-05-07 23:00:00,109.03,False,352.1641046499118,0
2026-05-07,48,120.0,31.348680709876543,0.0,0.0,P,120.0,2026-05-07 23:30:00,120.0,False,31.348680709876543,1
2026-05-08,1,120.0,109.64899141762452,0.0,0.0,P,120.0,2026-05-08 00:00:00,120.0,False,109.64899141762452,1
2026-05-08,2,120.0,18.65111111111111,0.0,0.0,P,120.0,2026-05-08 00:30:00,120.0,False,18.65111111111111,1
2026-05-08,3,120.0,97.8755675,0.0,0.0,P,120.0,2026-05-08 01:00:00,120.0,False,97.8755675,1
2026-05-08,4,135.0,379.4982736363637,0.0,0.0,P,135.0,2026-05-08 01:30:00,135.0,False,379.4982736363637,1
2026-05-08,5,140.0,426.3913888888889,0.0,0.0,P,140.0,2026-05-08 02:00:00,140.0,False,426.3913888888889,1
2026-05-08,6,140.0,309.47176708333336,0.0,0.0,P,140.0,2026-05-08 02:30:00,140.0,False,309.47176708333336,1
2026-05-08,7,120.0,64.87652853174603,0.0,0.0,P,120.0,2026-05-08 03:00:00,120.0,False,64.87652853174603,1
2026-05-08,8,120.0,71.85010642857142,0.0,0.0,P,120.0,2026-05-08 03:30:00,120.0,False,71.85010642857142,1
2026-05-08,9,100.88,-32.32882219135802,0.0,0.0,N,100.88,2026-05-08 04:00:00,100.88,False,32.32882219135802,0
2026-05-08,10,102.06958291351924,-13.022917103174604,0.0,0.0,N,102.06958291351924,2026-05-08 04:30:00,102.06958291351924,False,13.022917103174604,0
2026-05-08,11,120.0,195.29612298481712,0.0,0.0,P,120.0,2026-05-08 05:00:00,120.0,False,195.29612298481712,1
2026-05-08,12,120.0,38.691719166666665,0.0,0.0,P,120.0,2026-05-08 05:30:00,120.0,False,38.691719166666665,1
2026-05-08,13,135.93,274.215905,0.0,0.0,P,135.93,2026-05-08 06:00:00,135.93,False,274.215905,1
2026-05-08,14,120.0,166.20737429091992,0.0,0.0,P,120.0,2026-05-08 06:30:00,120.0,False,166.20737429091992,1
2026-05-08,15,139.0,319.8866523150469,0.0,0.0,P,139.0,2026-05-08 07:00:00,139.0,False,319.8866523150469,1
2026-05-08,16,139.0,278.83799968698173,0.0,0.0,P,139.0,2026-05-08 07:30:00,139.0,False,278.83799968698173,1
2026-05-08,17,120.0,92.39501924576156,0.0,0.0,P,120.0,2026-05-08 08:00:00,120.0,False,92.39501924576156,1
2026-05-08,18,120.0,192.2375970700959,0.0,0.0,P,120.0,2026-05-08 08:30:00,120.0,False,192.2375970700959,1
2026-05-08,19,68.99,-95.84150233465608,0.0,0.0,N,68.99,2026-05-08 09:00:00,68.99,False,95.84150233465608,0
2026-05-08,20,115.0,22.531513451699993,0.0,0.0,P,115.0,2026-05-08 09:30:00,115.0,False,22.531513451699993,1
2026-05-08,21,81.98532581460339,-73.30520859845844,0.0,0.0,N,82.154,2026-05-08 10:00:00,81.98532581460339,False,73.30520859845844,0
2026-05-08,22,89.19,-219.20623277116405,0.0,0.0,N,89.19,2026-05-08 10:30:00,89.19,False,219.20623277116405,0
2026-05-08,23,92.34,-1.6457652528021445,0.0,0.0,N,92.34,2026-05-08 11:00:00,92.34,False,1.6457652528021445,0
2026-05-08,24,46.0,-140.61886194444443,0.0,0.0,N,46.0,2026-05-08 11:30:00,46.0,False,140.61886194444443,0
2026-05-08,25,82.5,-183.49622222222223,0.0,0.0,N,82.5,2026-05-08 12:00:00,82.5,False,183.49622222222223,0
2026-05-08,26,82.4,-243.3821152777778,0.0,0.0,N,82.4,2026-05-08 12:30:00,82.4,False,243.3821152777778,0
2026-05-08,27,78.66,-356.8699167283951,0.0,0.0,N,78.66,2026-05-08 13:00:00,78.66,False,356.8699167283951,0
2026-05-08,28,82.6,-239.57360632850427,0.0,0.0,N,82.6,2026-05-08 13:30:00,82.6,False,239.57360632850427,0
2026-05-08,29,82.5,-289.7205231961698,0.0,0.0,N,82.5,2026-05-08 14:00:00,82.5,False,289.7205231961698,0
2026-05-08,30,82.5,-424.7844962445166,0.0,0.0,N,82.5,2026-05-08 14:30:00,82.5,False,424.7844962445166,0
2026-05-08,31,82.6,-344.4761405675838,0.0,0.0,N,82.6,2026-05-08 15:00:00,82.6,False,344.4761405675838,0
2026-05-08,32,82.6,-259.66277492368744,0.0,0.0,N,82.6,2026-05-08 15:30:00,82.6,False,259.66277492368744,0
2026-05-08,33,82.91,-87.31557108462161,0.0,0.0,N,82.91,2026-05-08 16:00:00,82.91,False,87.31557108462161,0
2026-05-08,34,82.85,-254.5835243580971,0.0,0.0,N,82.85,2026-05-08 16:30:00,82.85,False,254.5835243580971,0
2026-05-08,35,82.6,-312.60620166006413,0.0,0.0,N,82.6,2026-05-08 17:00:00,82.6,False,312.60620166006413,0
2026-05-08,36,89.0,-34.457254900195714,0.0,0.0,N,89.0,2026-05-08 17:30:00,89.0,False,34.457254900195714,0
2026-05-08,37,86.64,-181.56402028331237,0.0,0.0,N,86.64,2026-05-08 18:00:00,86.64,False,181.56402028331237,0
2026-05-08,38,89.0,-181.41290555555557,0.0,0.0,N,89.0,2026-05-08 18:30:00,89.0,False,181.41290555555557,0
2026-05-08,39,125.62,95.45944474358974,0.0,0.0,P,125.62,2026-05-08 19:00:00,125.62,False,95.45944474358974,1
2026-05-08,40,124.61,42.151525416666665,0.0,0.0,P,124.61,2026-05-08 19:30:00,124.61,False,42.151525416666665,1
2026-05-08,41,99.41,-18.82858486111111,0.0,0.0,N,99.41,2026-05-08 20:00:00,99.41,False,18.82858486111111,0
2026-05-08,42,131.03,31.442665555555557,0.0,0.0,P,131.03,2026-05-08 20:30:00,131.03,False,31.442665555555557,1
2026-05-08,43,145.0,77.73272486111111,0.0,0.0,P,145.0,2026-05-08 21:00:00,145.0,False,77.73272486111111,1
2026-05-08,44,135.0,212.458325,0.0,0.0,P,135.0,2026-05-08 21:30:00,135.0,False,212.458325,1
2026-05-08,45,129.0,214.925,0.0,0.0,P,129.0,2026-05-08 22:00:00,129.0,False,214.925,1
2026-05-08,46,129.0,143.675,0.0,0.0,P,129.0,2026-05-08 22:30:00,129.0,False,143.675,1
2026-05-08,47,106.4,89.26886326797386,0.0,0.0,P,106.4,2026-05-08 23:00:00,106.4,False,89.26886326797386,1
2026-05-08,48,83.58,-51.23518166666667,0.0,0.0,N,83.58,2026-05-08 23:30:00,83.58,False,51.23518166666667,0
2026-05-09,1,104.11,108.14345338293651,0.0,0.0,P,104.11,2026-05-09 00:00:00,104.11,False,108.14345338293651,1
2026-05-09,2,96.42,58.8583775,0.0,0.0,P,96.42,2026-05-09 00:30:00,96.42,False,58.8583775,1
2026-05-09,3,87.57,-44.11711187878788,0.0,0.0,N,87.57,2026-05-09 01:00:00,87.57,False,44.11711187878788,0
2026-05-09,4,97.64,82.44763673611111,0.0,0.0,P,97.64,2026-05-09 01:30:00,97.64,False,82.44763673611111,1
2026-05-09,5,99.22,115.44916666666668,0.0,0.0,P,99.22,2026-05-09 02:00:00,99.22,False,115.44916666666668,1
2026-05-09,6,111.14106454335396,115.04520833333332,0.0,0.0,P,110.50848125,2026-05-09 02:30:00,111.14106454335396,False,115.04520833333332,1
2026-05-09,7,103.16,173.1316695,0.0,0.0,P,103.16,2026-05-09 03:00:00,103.16,False,173.1316695,1
2026-05-09,8,100.31,36.87776763888889,0.0,0.0,P,100.31,2026-05-09 03:30:00,100.31,False,36.87776763888889,1
2026-05-09,9,107.96899779952857,194.02140583333335,0.0,0.0,P,107.96,2026-05-09 04:00:00,107.96899779952857,False,194.02140583333335,1
2026-05-09,10,103.72,173.675,0.0,0.0,P,103.72,2026-05-09 04:30:00,103.72,False,173.675,1
2026-05-09,11,102.18,157.14166666666668,0.0,0.0,P,102.18,2026-05-09 05:00:00,102.18,False,157.14166666666668,1
2026-05-09,12,90.44,-66.46190476190476,0.0,0.0,N,90.44,2026-05-09 05:30:00,90.44,False,66.46190476190476,0
2026-05-09,13,86.29,-7.8133928571428575,0.0,0.0,N,86.29,2026-05-09 06:00:00,86.29,False,7.8133928571428575,0
2026-05-09,14,80.21,-85.62006035714286,0.0,0.0,N,80.21,2026-05-09 06:30:00,80.21,False,85.62006035714286,0
2026-05-09,15,63.56,-88.36408444444444,0.0,0.0,N,63.56,2026-05-09 07:00:00,63.56,False,88.36408444444444,0
2026-05-09,16,119.95,40.86706491161616,0.0,0.0,P,119.95,2026-05-09 07:30:00,119.95,False,40.86706491161616,1
2026-05-09,17,119.95,48.05907431818182,0.0,0.0,P,119.95,2026-05-09 08:00:00,119.95,False,48.05907431818182,1
2026-05-09,18,124.9,67.78698572222223,0.0,0.0,P,124.9,2026-05-09 08:30:00,124.9,False,67.78698572222223,1
2026-05-09,19,124.45,49.773809523809526,0.0,0.0,P,124.45,2026-05-09 09:00:00,124.45,False,49.773809523809526,1
2026-05-09,20,64.69884003489719,-44.31353174603175,0.0,0.0,N,64.769,2026-05-09 09:30:00,64.69884003489719,False,44.31353174603175,0
2026-05-09,21,77.3,-33.64083333333333,0.0,0.0,N,77.3,2026-05-09 10:00:00,77.3,False,33.64083333333333,0
2026-05-09,22,77.3662415603901,82.05773055555555,0.0,0.0,P,77.3662415603901,2026-05-09 10:30:00,77.3662415603901,False,82.05773055555555,1
2026-05-09,23,65.12,9.25158507936508,0.0,0.0,P,65.12,2026-05-09 11:00:00,65.12,False,9.25158507936508,1
2026-05-09,24,65.0,-68.90342847222222,0.0,0.0,N,65.0,2026-05-09 11:30:00,65.0,False,68.90342847222222,0
2026-05-09,25,58.33,-77.85,0.0,0.0,N,58.33,2026-05-09 12:00:00,58.33,False,77.85,0
2026-05-09,26,53.57,-132.19999140336765,0.0,0.0,N,53.57,2026-05-09 12:30:00,53.57,False,132.19999140336765,0
2026-05-09,27,67.82,174.59948347222223,0.0,0.0,P,67.82,2026-05-09 13:00:00,67.82,False,174.59948347222223,1
2026-05-09,28,46.88,-130.167662190021,0.0,0.0,N,46.88,2026-05-09 13:30:00,46.88,False,130.167662190021,0
2026-05-09,29,24.13,-342.76695,0.0,0.0,N,24.13,2026-05-09 14:00:00,24.13,False,342.76695,0
2026-05-09,30,-13.9,-699.3435028769841,0.0,0.0,N,-13.9,2026-05-09 14:30:00,-13.9,False,699.3435028769841,0
2026-05-09,31,21.0,-407.36337104531947,0.0,0.0,N,21.0,2026-05-09 15:00:00,21.0,False,407.36337104531947,0
2026-05-09,32,50.03,-101.81555291666666,0.0,0.0,N,50.03,2026-05-09 15:30:00,50.03,False,101.81555291666666,0
2026-05-09,33,78.68,158.95971694444444,0.0,0.0,P,78.68,2026-05-09 16:00:00,78.68,False,158.95971694444444,1
2026-05-09,34,86.94,30.749827586206894,0.0,0.0,P,86.94,2026-05-09 16:30:00,86.94,False,30.749827586206894,1
2026-05-09,35,130.0,44.713541666666664,0.0,0.0,P,130.0,2026-05-09 17:00:00,130.0,False,44.713541666666664,1
2026-05-09,36,96.76,-1.342665849673203,0.0,0.0,N,96.76,2026-05-09 17:30:00,96.76,False,1.342665849673203,0
2026-05-09,37,130.0,67.18416666666667,0.0,0.0,P,130.0,2026-05-09 18:00:00,130.0,False,67.18416666666667,1
2026-05-09,38,130.93,361.93565027777777,0.0,0.0,P,130.93,2026-05-09 18:30:00,130.93,False,361.93565027777777,1
2026-05-09,39,140.0,318.0028398611111,0.0,0.0,P,140.0,2026-05-09 19:00:00,140.0,False,318.0028398611111,1
2026-05-09,40,157.9,701.6402176614184,0.0,0.0,P,157.9,2026-05-09 19:30:00,157.9,False,701.6402176614184,1
2026-05-09,41,157.9,540.6039094642857,0.0,0.0,P,157.9,2026-05-09 20:00:00,157.9,False,540.6039094642857,1
2026-05-09,42,174.0,710.5023476984127,0.0,0.0,P,174.0,2026-05-09 20:30:00,174.0,False,710.5023476984127,1
2026-05-09,43,174.0,549.5587470502645,0.0,0.0,P,174.0,2026-05-09 21:00:00,174.0,False,549.5587470502645,1
2026-05-09,44,169.3559383971966,296.15415930555554,0.0,0.0,P,168.81,2026-05-09 21:30:00,169.3559383971966,False,296.15415930555554,1
2026-05-09,45,135.78,115.93948597222224,0.0,0.0,P,135.78,2026-05-09 22:00:00,135.78,False,115.93948597222224,1
2026-05-09,46,85.42,-67.32205714566864,0.0,0.0,N,85.42,2026-05-09 22:30:00,85.42,False,67.32205714566864,0
2026-05-09,47,144.0,30.015332915140416,0.0,0.0,P,144.0,2026-05-09 23:00:00,144.0,False,30.015332915140416,1
2026-05-09,48,86.58220371091727,-78.7469696969697,0.0,0.0,N,86.58220371091727,2026-05-09 23:30:00,86.58220371091727,False,78.7469696969697,0
2026-05-10,1,83.5,-118.20915477971104,0.0,0.0,N,83.5,2026-05-10 00:00:00,83.5,False,118.20915477971104,0
2026-05-10,2,84.18,-101.6031210351377,0.0,0.0,N,84.18,2026-05-10 00:30:00,84.18,False,101.6031210351377,0
2026-05-10,3,113.67,42.298487764180265,0.0,0.0,P,113.67,2026-05-10 01:00:00,113.67,False,42.298487764180265,1
2026-05-10,4,98.16,55.217721455627704,0.0,0.0,P,98.16,2026-05-10 01:30:00,98.16,False,55.217721455627704,1
2026-05-10,5,82.4,-21.10912772391208,0.0,0.0,N,82.4,2026-05-10 02:00:00,82.4,False,21.10912772391208,0
2026-05-10,6,116.96551064695817,6.157665833333334,0.0,0.0,P,116.965,2026-05-10 02:30:00,116.96551064695817,False,6.157665833333334,1
2026-05-10,7,82.4,-81.05040083333333,0.0,0.0,N,82.4,2026-05-10 03:00:00,82.4,False,81.05040083333333,0
2026-05-10,8,86.2,57.153845277777776,0.0,0.0,P,86.2,2026-05-10 03:30:00,86.2,False,57.153845277777776,1
2026-05-10,9,86.80981998323155,52.50540069444445,0.0,0.0,P,86.71044426329136,2026-05-10 04:00:00,86.80981998323155,False,52.50540069444445,1
2026-05-10,10,66.79,-195.45929811507935,0.0,0.0,N,66.79,2026-05-10 04:30:00,66.79,False,195.45929811507935,0
2026-05-10,11,60.77,-350.55677050213677,0.0,0.0,N,60.77,2026-05-10 05:00:00,60.77,False,350.55677050213677,0
2026-05-10,12,54.39,-313.1298077777778,0.0,0.0,N,54.39,2026-05-10 05:30:00,54.39,False,313.1298077777778,0
2026-05-10,13,50.0,-300.43951627752523,0.0,0.0,N,50.0,2026-05-10 06:00:00,50.0,False,300.43951627752523,0
2026-05-10,14,41.82434129224144,-380.4903240872963,0.0,0.0,N,41.82434129224144,2026-05-10 06:30:00,41.82434129224144,False,380.4903240872963,0
2026-05-10,15,24.0,-345.32105336104746,0.0,0.0,N,24.0,2026-05-10 07:00:00,24.0,False,345.32105336104746,0
2026-05-10,16,30.76,-315.36415625,0.0,0.0,N,30.76,2026-05-10 07:30:00,30.76,False,315.36415625,0
2026-05-10,17,19.91,-273.4248346031746,0.0,0.0,N,19.91,2026-05-10 08:00:00,19.91,False,273.4248346031746,0
2026-05-10,18,42.07,19.21047181372549,0.0,0.0,P,42.07,2026-05-10 08:30:00,42.07,False,19.21047181372549,1
2026-05-10,19,112.0,68.20893776960784,0.0,0.0,P,112.0,2026-05-10 09:00:00,112.0,False,68.20893776960784,1
2026-05-10,20,6.0,-152.11958302827657,0.0,0.0,N,6.0,2026-05-10 09:30:00,6.0,False,152.11958302827657,0
2026-05-10,21,6.0,-10.755560067908908,0.0,0.0,N,6.0,2026-05-10 10:00:00,6.0,False,10.755560067908908,0
2026-05-10,22,0.0,-246.5020843055555,0.0,0.0,N,0.0,2026-05-10 10:30:00,0.0,False,246.5020843055555,0
2026-05-10,23,3.02,-39.84986111111111,0.0,0.0,N,3.02,2026-05-10 11:00:00,3.02,False,39.84986111111111,0
2026-05-10,24,21.66,38.752775138888886,0.0,0.0,P,21.66,2026-05-10 11:30:00,21.66,False,38.752775138888886,1
2026-05-10,25,3.03,-81.72239604915066,0.0,0.0,N,3.03,2026-05-10 12:00:00,3.03,False,81.72239604915066,0
2026-05-10,26,25.96,60.55616882936508,0.0,0.0,P,25.96,2026-05-10 12:30:00,25.96,False,60.55616882936508,1
2026-05-10,27,20.9,-26.95041861111111,0.0,0.0,N,20.9,2026-05-10 13:00:00,20.9,False,26.95041861111111,0
2026-05-10,28,3.09,-99.16868843253968,0.0,0.0,N,3.09,2026-05-10 13:30:00,3.09,False,99.16868843253968,0
2026-05-10,29,-1.0,-221.20166666666665,0.0,0.0,N,-1.0,2026-05-10 14:00:00,-1.0,False,221.20166666666665,0
2026-05-10,30,-1.0,-316.6995980545892,0.0,0.0,N,-1.0,2026-05-10 14:30:00,-1.0,False,316.6995980545892,0
2026-05-10,31,-1.0,-183.88392166666668,0.0,0.0,N,-1.0,2026-05-10 15:00:00,-1.0,False,183.88392166666668,0
2026-05-10,32,-7.0,-492.6122602380953,0.0,0.0,N,-7.0,2026-05-10 15:30:00,-7.0,False,492.6122602380953,0
2026-05-10,33,-15.0,-663.2494190955033,0.0,0.0,N,-15.0,2026-05-10 16:00:00,-15.0,False,663.2494190955033,0
2026-05-10,34,-13.9,-275.118134096527,0.0,0.0,N,-13.9,2026-05-10 16:30:00,-13.9,False,275.118134096527,0
2026-05-10,35,111.45,91.85231541666668,0.0,0.0,P,111.45,2026-05-10 17:00:00,111.45,False,91.85231541666668,1
2026-05-10,36,115.0,49.59578292184265,0.0,0.0,P,115.0,2026-05-10 17:30:00,115.0,False,49.59578292184265,1
2026-05-10,37,119.0,89.03139146686159,0.0,0.0,P,119.0,2026-05-10 18:00:00,119.0,False,89.03139146686159,1
2026-05-10,38,120.9850159806491,214.81130135721247,0.0,0.0,P,120.9850159806491,2026-05-10 18:30:00,120.9850159806491,False,214.81130135721247,1
2026-05-10,39,117.98,104.05319190412186,0.0,0.0,P,117.98,2026-05-10 19:00:00,117.98,False,104.05319190412186,1
2026-05-10,40,123.99826481518052,40.72349179289888,0.0,0.0,P,123.99826481518052,2026-05-10 19:30:00,123.99826481518052,False,40.72349179289888,1
2026-05-10,41,119.0,33.09075049612578,0.0,0.0,P,119.0,2026-05-10 20:00:00,119.0,False,33.09075049612578,1
2026-05-10,42,113.6,-49.44358317387875,0.0,0.0,N,113.6,2026-05-10 20:30:00,113.6,False,49.44358317387875,0
2026-05-10,43,127.94,104.7107152459404,0.0,0.0,P,127.94,2026-05-10 21:00:00,127.94,False,104.7107152459404,1
2026-05-10,44,44.87,-11.893162265838258,0.0,0.0,N,44.87,2026-05-10 21:30:00,44.87,False,11.893162265838258,0
2026-05-10,45,121.04,64.16819028992006,0.0,0.0,P,121.04,2026-05-10 22:00:00,121.04,False,64.16819028992006,1
2026-05-10,46,80.04208968253968,-47.246587301587304,0.0,0.0,N,80.04208968253968,2026-05-10 22:30:00,80.04208968253968,False,47.246587301587304,0
2026-05-10,47,109.95,137.66112296130953,0.0,0.0,P,109.95,2026-05-10 23:00:00,109.95,False,137.66112296130953,1
2026-05-10,48,81.8158646726746,-179.20416666666668,0.0,0.0,N,81.8275,2026-05-10 23:30:00,81.8158646726746,False,179.20416666666668,0
2026-05-11,1,97.03,11.38548861111111,0.0,0.0,P,97.03,2026-05-11 00:00:00,97.03,False,11.38548861111111,1
2026-05-11,2,77.2,-30.180444166666668,0.0,0.0,N,77.2,2026-05-11 00:30:00,77.2,False,30.180444166666668,0
2026-05-11,3,92.09,-18.23055555555555,0.0,0.0,N,92.09,2026-05-11 01:00:00,92.09,False,18.23055555555555,0
2026-05-11,4,114.9,38.40044191919192,0.0,0.0,P,114.9,2026-05-11 01:30:00,114.9,False,38.40044191919192,1
2026-05-11,5,81.78,-67.36962525252525,0.0,0.0,N,81.78,2026-05-11 02:00:00,81.78,False,67.36962525252525,0
2026-05-11,6,77.2,-57.69475257936508,0.0,0.0,N,77.2,2026-05-11 02:30:00,77.2,False,57.69475257936508,0
2026-05-11,7,77.2,-110.19903013888889,0.0,0.0,N,77.2,2026-05-11 03:00:00,77.2,False,110.19903013888889,0
2026-05-11,8,81.78,-44.19210944444445,0.0,0.0,N,81.78,2026-05-11 03:30:00,81.78,False,44.19210944444445,0
2026-05-11,9,114.95,145.67256944444443,0.0,0.0,P,114.95,2026-05-11 04:00:00,114.95,False,145.67256944444443,1
2026-05-11,10,77.2,-87.57585317460317,0.0,0.0,N,77.2,2026-05-11 04:30:00,77.2,False,87.57585317460317,0
2026-05-11,11,77.14,-281.88657738095236,0.0,0.0,N,77.14,2026-05-11 05:00:00,77.14,False,281.88657738095236,0
2026-05-11,12,77.13,-431.18764012930336,0.0,0.0,N,77.13,2026-05-11 05:30:00,77.13,False,431.18764012930336,0
2026-05-11,13,82.0,-259.53648042077316,0.0,0.0,N,82.0,2026-05-11 06:00:00,82.0,False,259.53648042077316,0
2026-05-11,14,129.6,162.66850723484848,0.0,0.0,P,129.6,2026-05-11 06:30:00,129.6,False,162.66850723484848,1
2026-05-11,15,130.0,254.73735521464647,0.0,0.0,P,130.0,2026-05-11 07:00:00,130.0,False,254.73735521464647,1
2026-05-11,16,141.0,530.7495768650793,0.0,0.0,P,141.0,2026-05-11 07:30:00,141.0,False,530.7495768650793,1
2026-05-11,17,127.5,90.03241766666666,0.0,0.0,P,127.5,2026-05-11 08:00:00,127.5,False,90.03241766666666,1
2026-05-11,18,125.0,43.428144211945465,0.0,0.0,P,125.0,2026-05-11 08:30:00,125.0,False,43.428144211945465,1
2026-05-11,19,87.43,-46.50257702546296,0.0,0.0,N,87.43,2026-05-11 09:00:00,87.43,False,46.50257702546296,0
2026-05-11,20,114.57,11.553388278388278,0.0,0.0,P,114.57,2026-05-11 09:30:00,114.57,False,11.553388278388278,1
2026-05-11,21,112.9,161.30950164862915,0.0,0.0,P,112.9,2026-05-11 10:00:00,112.9,False,161.30950164862915,1
2026-05-11,22,145.0,678.2874576124339,0.0,0.0,P,145.0,2026-05-11 10:30:00,145.0,False,678.2874576124339,1
2026-05-11,23,139.0,507.9124132407408,0.0,0.0,P,139.0,2026-05-11 11:00:00,139.0,False,507.9124132407408,1
2026-05-11,24,141.0,667.0527716666667,0.0,0.0,P,141.0,2026-05-11 11:30:00,141.0,False,667.0527716666667,1
2026-05-11,25,149.2225607235026,766.9448797555,0.0,0.0,P,149.2225607235026,2026-05-11 12:00:00,149.2225607235026,False,766.9448797555,1
2026-05-11,26,148.5,785.8925261111111,0.0,0.0,P,148.5,2026-05-11 12:30:00,148.5,False,785.8925261111111,1
2026-05-11,27,134.51,459.3179657892365,0.0,0.0,P,134.51,2026-05-11 13:00:00,134.51,False,459.3179657892365,1
2026-05-11,28,126.67797982383436,187.7473731746032,0.0,0.0,P,126.67797982383436,2026-05-11 13:30:00,126.67797982383436,False,187.7473731746032,1
2026-05-11,29,133.0,329.42706375,0.0,0.0,P,133.0,2026-05-11 14:00:00,133.0,False,329.42706375,1
2026-05-11,30,134.85,534.24618239752,0.0,0.0,P,134.85,2026-05-11 14:30:00,134.85,False,534.24618239752,1
2026-05-11,31,119.95,205.02386559027775,0.0,0.0,P,119.95,2026-05-11 15:00:00,119.95,False,205.02386559027775,1
2026-05-11,32,119.95,28.574998194444444,0.0,0.0,P,119.95,2026-05-11 15:30:00,119.95,False,28.574998194444444,1
2026-05-11,33,90.14,-74.68631243512006,0.0,0.0,N,90.14,2026-05-11 16:00:00,90.14,False,74.68631243512006,0
2026-05-11,34,82.5,-393.54967666666664,0.0,0.0,N,82.5,2026-05-11 16:30:00,82.5,False,393.54967666666664,0
2026-05-11,35,82.05,-386.8710061309524,0.0,0.0,N,82.05,2026-05-11 17:00:00,82.05,False,386.8710061309524,0
2026-05-11,36,82.75,-216.1797560515873,0.0,0.0,N,82.75,2026-05-11 17:30:00,82.75,False,216.1797560515873,0
2026-05-11,37,82.75,-235.6090969217153,0.0,0.0,N,82.75,2026-05-11 18:00:00,82.75,False,235.6090969217153,0
2026-05-11,38,82.75,-118.88862826190476,0.0,0.0,N,82.75,2026-05-11 18:30:00,82.75,False,118.88862826190476,0
2026-05-11,39,120.0,5.65,0.0,0.0,P,120.0,2026-05-11 19:00:00,120.0,False,5.65,1
2026-05-11,40,120.0,56.22777944444445,0.0,0.0,P,120.0,2026-05-11 19:30:00,120.0,False,56.22777944444445,1
2026-05-11,41,125.0,132.54151708333333,0.0,0.0,P,125.0,2026-05-11 20:00:00,125.0,False,132.54151708333333,1
2026-05-11,42,125.0,88.23299227777778,0.0,0.0,P,125.0,2026-05-11 20:30:00,125.0,False,88.23299227777778,1
2026-05-11,43,135.0,189.40281837257936,0.0,0.0,P,135.0,2026-05-11 21:00:00,135.0,False,189.40281837257936,1
2026-05-11,44,111.85,192.5891690009337,0.0,0.0,P,111.85,2026-05-11 21:30:00,111.85,False,192.5891690009337,1
2026-05-11,45,105.6,112.82795368589744,0.0,0.0,P,105.6,2026-05-11 22:00:00,105.6,False,112.82795368589744,1
2026-05-11,46,109.07,29.99174892759528,0.0,0.0,P,109.07,2026-05-11 22:30:00,109.07,False,29.99174892759528,1
2026-05-11,47,89.19,-173.06512251984128,0.0,0.0,N,89.19,2026-05-11 23:00:00,89.19,False,173.06512251984128,0
2026-05-11,48,89.92,-89.19420978681343,0.0,0.0,N,89.92,2026-05-11 23:30:00,89.92,False,89.19420978681343,0
2026-05-12,1,88.03,-21.748856666666665,0.0,0.0,N,88.03,2026-05-12 00:00:00,88.03,False,21.748856666666665,0
2026-05-12,2,82.5,-13.029549444444443,0.0,0.0,N,82.5,2026-05-12 00:30:00,82.5,False,13.029549444444443,0
2026-05-12,3,82.5,-58.607470972222224,0.0,0.0,N,82.5,2026-05-12 01:00:00,82.5,False,58.607470972222224,0
2026-05-12,4,119.6,34.54514813492064,0.0,0.0,P,119.6,2026-05-12 01:30:00,119.6,False,34.54514813492064,1
2026-05-12,5,119.6,70.91166583333333,0.0,0.0,P,119.6,2026-05-12 02:00:00,119.6,False,70.91166583333333,1
2026-05-12,6,82.0,-129.63749680555554,0.0,0.0,N,82.0,2026-05-12 02:30:00,82.0,False,129.63749680555554,0
2026-05-12,7,69.73024823616711,-55.3385668452381,0.0,0.0,N,72.54237284444444,2026-05-12 03:00:00,69.73024823616711,False,55.3385668452381,0
2026-05-12,8,82.0,-63.60506119047619,0.0,0.0,N,82.0,2026-05-12 03:30:00,82.0,False,63.60506119047619,0
2026-05-12,9,62.0931697821699,-132.06605996031746,0.0,0.0,N,62.515,2026-05-12 04:00:00,62.0931697821699,False,132.06605996031746,0
2026-05-12,10,105.0,61.74402680555555,0.0,0.0,P,105.0,2026-05-12 04:30:00,105.0,False,61.74402680555555,1
2026-05-12,11,106.51,179.065383,0.0,0.0,P,106.51,2026-05-12 05:00:00,106.51,False,179.065383,1
2026-05-12,12,110.0,284.1887598015873,0.0,0.0,P,110.0,2026-05-12 05:30:00,110.0,False,284.1887598015873,1
2026-05-12,13,116.48,217.7389450190424,0.0,0.0,P,116.48,2026-05-12 06:00:00,116.48,False,217.7389450190424,1
2026-05-12,14,142.5,565.13048127849,0.0,0.0,P,142.5,2026-05-12 06:30:00,142.5,False,565.13048127849,1
2026-05-12,15,135.0,292.1305295436343,0.0,0.0,P,135.0,2026-05-12 07:00:00,135.0,False,292.1305295436343,1
2026-05-12,16,120.06,6.5931968632756135,0.0,0.0,P,120.06,2026-05-12 07:30:00,120.06,False,6.5931968632756135,1
2026-05-12,17,120.04,58.67286203297586,0.0,0.0,P,120.04,2026-05-12 08:00:00,120.04,False,58.67286203297586,1
2026-05-12,18,56.55062580305777,-603.6512488888889,0.0,0.0,N,57.39208333333333,2026-05-12 08:30:00,56.55062580305777,False,603.6512488888889,0
2026-05-12,19,51.39428429596745,-317.71344021761394,0.0,0.0,N,52.72570697222222,2026-05-12 09:00:00,51.39428429596745,False,317.71344021761394,0
2026-05-12,20,63.93926324936621,-18.520833333333332,0.0,0.0,N,63.98,2026-05-12 09:30:00,63.93926324936621,False,18.520833333333332,0
2026-05-12,21,67.0,-69.66694444444444,0.0,0.0,N,67.0,2026-05-12 10:00:00,67.0,False,69.66694444444444,0
2026-05-12,22,25.0,-236.26416666666665,0.0,0.0,N,25.0,2026-05-12 10:30:00,25.0,False,236.26416666666665,0
2026-05-12,23,40.878362047312976,-144.23749458333333,0.0,0.0,N,41.85975,2026-05-12 11:00:00,40.878362047312976,False,144.23749458333333,0
2026-05-12,24,89.68,423.9072280555555,0.0,0.0,P,89.68,2026-05-12 11:30:00,89.68,False,423.9072280555555,1
2026-05-12,25,40.2,-186.9788398300166,0.0,0.0,N,40.2,2026-05-12 12:00:00,40.2,False,186.9788398300166,0
2026-05-12,26,69.99,-88.58325472222222,0.0,0.0,N,69.99,2026-05-12 12:30:00,69.99,False,88.58325472222222,0
2026-05-12,27,95.12,164.8792045,0.0,0.0,P,95.12,2026-05-12 13:00:00,95.12,False,164.8792045,1
2026-05-12,28,100.0,278.8323039823166,0.0,0.0,P,100.0,2026-05-12 13:30:00,100.0,False,278.8323039823166,1
2026-05-12,29,109.77,228.32215509920636,0.0,0.0,P,109.77,2026-05-12 14:00:00,109.77,False,228.32215509920636,1
2026-05-12,30,112.0,103.0211056465448,0.0,0.0,P,112.0,2026-05-12 14:30:00,112.0,False,103.0211056465448,1
2026-05-12,31,112.0,252.93265046296295,0.0,0.0,P,112.0,2026-05-12 15:00:00,112.0,False,252.93265046296295,1
2026-05-12,32,112.0,120.11444495370372,0.0,0.0,P,112.0,2026-05-12 15:30:00,112.0,False,120.11444495370372,1
2026-05-12,33,112.0,303.3263888888889,0.0,0.0,P,112.0,2026-05-12 16:00:00,112.0,False,303.3263888888889,1
2026-05-12,34,115.0,243.63863652777775,0.0,0.0,P,115.0,2026-05-12 16:30:00,115.0,False,243.63863652777775,1
2026-05-12,35,126.145987222648,7.939790317028986,0.0,0.0,P,126.145987222648,2026-05-12 17:00:00,126.145987222648,False,7.939790317028986,1
2026-05-12,36,129.6,31.20629212719298,0.0,0.0,P,129.6,2026-05-12 17:30:00,129.6,False,31.20629212719298,1
2026-05-12,37,85.0,-8.501658772492128,0.0,0.0,N,85.0,2026-05-12 18:00:00,85.0,False,8.501658772492128,0
2026-05-12,38,85.78206401188115,-130.33721936507936,0.0,0.0,N,86.19475991666667,2026-05-12 18:30:00,85.78206401188115,False,130.33721936507936,0
2026-05-12,39,148.28,261.2081617598605,0.0,0.0,P,148.28,2026-05-12 19:00:00,148.28,False,261.2081617598605,1
2026-05-12,40,158.0,658.4129340750873,0.0,0.0,P,158.0,2026-05-12 19:30:00,158.0,False,658.4129340750873,1
2026-05-12,41,165.99,917.7500624886236,0.0,0.0,P,165.99,2026-05-12 20:00:00,165.99,False,917.7500624886236,1
2026-05-12,42,167.0,1332.321068888889,0.0,0.0,P,167.0,2026-05-12 20:30:00,167.0,False,1332.321068888889,1
2026-05-12,43,175.0,1060.8438719517544,0.0,0.0,P,175.0,2026-05-12 21:00:00,175.0,False,1060.8438719517544,1
2026-05-12,44,167.0,581.3930875606947,0.0,0.0,P,167.0,2026-05-12 21:30:00,167.0,False,581.3930875606947,1
2026-05-12,45,167.0,204.4676827928407,0.0,0.0,P,167.0,2026-05-12 22:00:00,167.0,False,204.4676827928407,1
2026-05-12,46,85.1,-379.76315444444447,0.0,0.0,N,85.1,2026-05-12 22:30:00,85.1,False,379.76315444444447,0
2026-05-12,47,85.0,-158.64875966765874,0.0,0.0,N,85.0,2026-05-12 23:00:00,85.0,False,158.64875966765874,0
2026-05-12,48,134.64709504789587,233.80161109126985,0.0,0.0,P,133.392,2026-05-12 23:30:00,134.64709504789587,False,233.80161109126985,1
2026-05-13,1,114.61,166.27589875,0.0,0.0,P,114.61,2026-05-13 00:00:00,114.61,False,166.27589875,1
2026-05-13,2,136.2047328884968,478.9267304365079,0.0,0.0,P,135.07473333333334,2026-05-13 00:30:00,136.2047328884968,False,478.9267304365079,1
2026-05-13,3,122.8,580.8609027871148,0.0,0.0,P,122.8,2026-05-13 01:00:00,122.8,False,580.8609027871148,1
2026-05-13,4,135.82,335.15169797619046,0.0,0.0,P,135.82,2026-05-13 01:30:00,135.82,False,335.15169797619046,1
2026-05-13,5,93.77,6.142663316544566,0.0,0.0,P,93.77,2026-05-13 02:00:00,93.77,False,6.142663316544566,1
2026-05-13,6,85.2,-15.942419460678211,0.0,0.0,N,85.2,2026-05-13 02:30:00,85.2,False,15.942419460678211,0
2026-05-13,7,108.81,87.09029811647173,0.0,0.0,P,108.81,2026-05-13 03:00:00,108.81,False,87.09029811647173,1
2026-05-13,8,87.25607697012803,-15.394239415356394,0.0,0.0,N,87.25607697012803,2026-05-13 03:30:00,87.25607697012803,False,15.394239415356394,0
2026-05-13,9,145.18685244186946,109.62192551282052,0.0,0.0,P,143.96962390869913,2026-05-13 04:00:00,145.18685244186946,False,109.62192551282052,1
2026-05-13,10,129.78350598184912,301.1299160042735,0.0,0.0,P,125.0540445496932,2026-05-13 04:30:00,129.78350598184912,False,301.1299160042735,1
2026-05-13,11,139.0,241.35884196429168,0.0,0.0,P,139.0,2026-05-13 05:00:00,139.0,False,241.35884196429168,1
2026-05-13,12,89.32,-188.28459135078103,0.0,0.0,N,89.32,2026-05-13 05:30:00,89.32,False,188.28459135078103,0
2026-05-13,13,139.0,103.67960305585204,0.0,0.0,P,139.0,2026-05-13 06:00:00,139.0,False,103.67960305585204,1
2026-05-13,14,150.0,447.8890179960317,0.0,0.0,P,150.0,2026-05-13 06:30:00,150.0,False,447.8890179960317,1
2026-05-13,15,140.0978334047622,829.8583370833334,0.0,0.0,P,139.638475,2026-05-13 07:00:00,140.0978334047622,False,829.8583370833334,1
2026-05-13,16,139.0,813.6501472685185,0.0,0.0,P,139.0,2026-05-13 07:30:00,139.0,False,813.6501472685185,1
2026-05-13,17,136.0,273.421559751462,0.0,0.0,P,136.0,2026-05-13 08:00:00,136.0,False,273.421559751462,1
2026-05-13,18,90.25,-127.88104673001948,0.0,0.0,N,90.25,2026-05-13 08:30:00,90.25,False,127.88104673001948,0
2026-05-13,19,119.5,89.94200469729344,0.0,0.0,P,119.5,2026-05-13 09:00:00,119.5,False,89.94200469729344,1
2026-05-13,20,119.5,88.11121758730158,0.0,0.0,P,119.5,2026-05-13 09:30:00,119.5,False,88.11121758730158,1
2026-05-13,21,90.03,-17.83396678197065,0.0,0.0,N,90.03,2026-05-13 10:00:00,90.03,False,17.83396678197065,0
2026-05-13,22,89.3,-26.116218333333332,0.0,0.0,N,89.3,2026-05-13 10:30:00,89.3,False,26.116218333333332,0
2026-05-13,23,130.0,199.1405092592593,0.0,0.0,P,130.0,2026-05-13 11:00:00,130.0,False,199.1405092592593,1
2026-05-13,24,132.20926074074077,110.3682101234568,0.0,0.0,P,132.20926074074077,2026-05-13 11:30:00,132.20926074074077,False,110.3682101234568,1
2026-05-13,25,136.0,166.79014833333332,0.0,0.0,P,136.0,2026-05-13 12:00:00,136.0,False,166.79014833333332,1
2026-05-13,26,82.68,-170.52817458333334,0.0,0.0,N,82.68,2026-05-13 12:30:00,82.68,False,170.52817458333334,0
2026-05-13,27,54.0,-153.4947236111111,0.0,0.0,N,54.0,2026-05-13 13:00:00,54.0,False,153.4947236111111,0
2026-05-13,28,83.05,-123.94023680555556,0.0,0.0,N,83.05,2026-05-13 13:30:00,83.05,False,123.94023680555556,0
2026-05-13,29,130.0,35.10852305555556,0.0,0.0,P,130.0,2026-05-13 14:00:00,130.0,False,35.10852305555556,1
2026-05-13,30,80.68,-58.92314642094017,0.0,0.0,N,80.68,2026-05-13 14:30:00,80.68,False,58.92314642094017,0
2026-05-13,31,135.47,268.7977739672365,0.0,0.0,P,135.47,2026-05-13 15:00:00,135.47,False,268.7977739672365,1
2026-05-13,32,136.0,216.38691084034792,0.0,0.0,P,136.0,2026-05-13 15:30:00,136.0,False,216.38691084034792,1
2026-05-13,33,130.0,110.75187880718954,0.0,0.0,P,130.0,2026-05-13 16:00:00,130.0,False,110.75187880718954,1
2026-05-13,34,138.0,189.1570325593354,0.0,0.0,P,138.0,2026-05-13 16:30:00,138.0,False,189.1570325593354,1
2026-05-13,35,152.6491026411124,609.5112532157794,0.0,0.0,P,152.6491026411124,2026-05-13 17:00:00,152.6491026411124,False,609.5112532157794,1
2026-05-13,36,154.87,786.9850567063095,0.0,0.0,P,154.87,2026-05-13 17:30:00,154.87,False,786.9850567063095,1
2026-05-13,37,151.4,658.8587471014492,0.0,0.0,P,151.4,2026-05-13 18:00:00,151.4,False,658.8587471014492,1
2026-05-13,38,167.5,950.5166427192984,0.0,0.0,P,167.5,2026-05-13 18:30:00,167.5,False,950.5166427192984,1
2026-05-13,39,168.78,658.9424964473684,0.0,0.0,P,168.78,2026-05-13 19:00:00,168.78,False,658.9424964473684,1
2026-05-13,40,168.78,545.3749988492063,0.0,0.0,P,168.78,2026-05-13 19:30:00,168.78,False,545.3749988492063,1
2026-05-13,41,153.99010752688173,545.66328125,0.0,0.0,P,153.99010752688173,2026-05-13 20:00:00,153.99010752688173,False,545.66328125,1
2026-05-13,42,135.0,167.14020208333332,0.0,0.0,P,135.0,2026-05-13 20:30:00,135.0,False,167.14020208333332,1
2026-05-13,43,108.36,-30.16720435185185,0.0,0.0,N,108.36,2026-05-13 21:00:00,108.36,False,30.16720435185185,0
2026-05-13,44,108.36,-12.323611111111113,0.0,0.0,N,108.36,2026-05-13 21:30:00,108.36,False,12.323611111111113,0
2026-05-13,45,100.52,-54.289867361111114,0.0,0.0,N,100.52,2026-05-13 22:00:00,100.52,False,54.289867361111114,0
2026-05-13,46,96.83,-94.2677669570707,0.0,0.0,N,96.83,2026-05-13 22:30:00,96.83,False,94.2677669570707,0
2026-05-13,47,96.21,-37.14106751860712,0.0,0.0,N,96.21,2026-05-13 23:00:00,96.21,False,37.14106751860712,0
2026-05-13,48,90.0,-50.83954826190476,0.0,0.0,N,90.0,2026-05-13 23:30:00,90.0,False,50.83954826190476,0
2026-05-14,1,86.14,-291.08502756265665,0.0,0.0,N,86.14,2026-05-14 00:00:00,86.14,False,291.08502756265665,0
2026-05-14,2,80.0,-661.76,0.0,0.0,N,80.0,2026-05-14 00:30:00,80.0,False,661.76,0
2026-05-14,3,80.0,-855.0794493820847,0.0,0.0,N,80.0,2026-05-14 01:00:00,80.0,False,855.0794493820847,0
2026-05-14,4,82.6,-159.1131573391813,0.0,0.0,N,82.6,2026-05-14 01:30:00,82.6,False,159.1131573391813,0
2026-05-14,5,112.28335893041243,57.795082638888886,0.0,0.0,P,111.86808333333332,2026-05-14 02:00:00,112.28335893041243,False,57.795082638888886,1
2026-05-14,6,86.12,-85.22816163887282,0.0,0.0,N,86.12,2026-05-14 02:30:00,86.12,False,85.22816163887282,0
2026-05-14,7,82.6,-107.18744464349976,0.0,0.0,N,82.6,2026-05-14 03:00:00,82.6,False,107.18744464349976,0
2026-05-14,8,80.16,-57.728077030771374,0.0,0.0,N,80.16,2026-05-14 03:30:00,80.16,False,57.728077030771374,0
2026-05-14,9,85.62,28.44999875,0.0,0.0,P,85.62,2026-05-14 04:00:00,85.62,False,28.44999875,1
2026-05-14,10,86.12,-18.70765316993464,0.0,0.0,N,86.12,2026-05-14 04:30:00,86.12,False,18.70765316993464,0
2026-05-14,11,77.05,-158.3055464137385,0.0,0.0,N,77.05,2026-05-14 05:00:00,77.05,False,158.3055464137385,0
2026-05-14,12,75.1,-306.8922332602339,0.0,0.0,N,75.1,2026-05-14 05:30:00,75.1,False,306.8922332602339,0
2026-05-14,13,74.6,-507.7386680769231,0.0,0.0,N,74.6,2026-05-14 06:00:00,74.6,False,507.7386680769231,0
2026-05-14,14,80.0,-92.761021590738,0.0,0.0,N,80.0,2026-05-14 06:30:00,80.0,False,92.761021590738,0
2026-05-14,15,120.0,205.48795124236875,0.0,0.0,P,120.0,2026-05-14 07:00:00,120.0,False,205.48795124236875,1
2026-05-14,16,123.02,42.3304385625,0.0,0.0,P,123.02,2026-05-14 07:30:00,123.02,False,42.3304385625,1
2026-05-14,17,77.58185645530156,-355.06668125,0.0,0.0,N,77.76666666666667,2026-05-14 08:00:00,77.58185645530156,False,355.06668125,0
2026-05-14,18,78.8,-207.4360268452381,0.0,0.0,N,78.8,2026-05-14 08:30:00,78.8,False,207.4360268452381,0
2026-05-14,19,80.01,-32.22741392857143,0.0,0.0,N,80.01,2026-05-14 09:00:00,80.01,False,32.22741392857143,0
2026-05-14,20,84.09725345253489,-119.1582873611111,0.0,0.0,N,84.17184438040346,2026-05-14 09:30:00,84.09725345253489,False,119.1582873611111,0
2026-05-14,21,88.0,-186.1010579365079,0.0,0.0,N,88.0,2026-05-14 10:00:00,88.0,False,186.1010579365079,0
2026-05-14,22,83.77010384434234,-8.178258185045948,0.0,0.0,N,83.99166666666666,2026-05-14 10:30:00,83.77010384434234,False,8.178258185045948,0
2026-05-14,23,84.3,-416.2072238888889,0.0,0.0,N,84.3,2026-05-14 11:00:00,84.3,False,416.2072238888889,0
2026-05-14,24,82.47389011400253,-322.26668445121953,0.0,0.0,N,82.57166666666667,2026-05-14 11:30:00,82.47389011400253,False,322.26668445121953,0
2026-05-14,25,75.0,-438.9737862193362,0.0,0.0,N,75.0,2026-05-14 12:00:00,75.0,False,438.9737862193362,0
2026-05-14,26,86.13,-68.22130655844155,0.0,0.0,N,86.13,2026-05-14 12:30:00,86.13,False,68.22130655844155,0
2026-05-14,27,2.07,-336.50770944444446,0.0,0.0,N,2.07,2026-05-14 13:00:00,2.07,False,336.50770944444446,0
2026-05-14,28,57.03390602664902,-394.9031025,0.0,0.0,N,57.721583333333335,2026-05-14 13:30:00,57.03390602664902,False,394.9031025,0
2026-05-14,29,70.0,-656.6944444444445,0.0,0.0,N,70.0,2026-05-14 14:00:00,70.0,False,656.6944444444445,0
2026-05-14,30,59.553205094029266,-314.50138888888887,0.0,0.0,N,59.621,2026-05-14 14:30:00,59.553205094029266,False,314.50138888888887,0
2026-05-14,31,109.45,143.8699634502924,0.0,0.0,P,109.45,2026-05-14 15:00:00,109.45,False,143.8699634502924,1
2026-05-14,32,108.0,139.4771232142857,0.0,0.0,P,108.0,2026-05-14 15:30:00,108.0,False,139.4771232142857,1
2026-05-14,33,73.64,-2.2237301587301586,0.0,0.0,N,73.64,2026-05-14 16:00:00,73.64,False,2.2237301587301586,0
2026-05-14,34,82.15,-3.5002339814814816,0.0,0.0,N,82.15,2026-05-14 16:30:00,82.15,False,3.5002339814814816,0
2026-05-14,35,109.56,131.7980654068366,0.0,0.0,P,109.56,2026-05-14 17:00:00,109.56,False,131.7980654068366,1
2026-05-14,36,116.85,325.2957567318455,0.0,0.0,P,116.85,2026-05-14 17:30:00,116.85,False,325.2957567318455,1
2026-05-14,37,4.79,-95.7517312684054,0.0,0.0,N,4.79,2026-05-14 18:00:00,4.79,False,95.7517312684054,0
2026-05-14,38,85.0,-162.05367171023966,0.0,0.0,N,85.0,2026-05-14 18:30:00,85.0,False,162.05367171023966,0
2026-05-14,39,135.0,117.89142665722224,0.0,0.0,P,135.0,2026-05-14 19:00:00,135.0,False,117.89142665722224,1
2026-05-14,40,135.0,71.45986161064425,0.0,0.0,P,135.0,2026-05-14 19:30:00,135.0,False,71.45986161064425,1
2026-05-14,41,135.0,91.26931263347764,0.0,0.0,P,135.0,2026-05-14 20:00:00,135.0,False,91.26931263347764,1
2026-05-14,42,101.66,-28.39308721260221,0.0,0.0,N,101.66,2026-05-14 20:30:00,101.66,False,28.39308721260221,0
2026-05-14,43,120.0,29.05330536111111,0.0,0.0,P,120.0,2026-05-14 21:00:00,120.0,False,29.05330536111111,1
2026-05-14,44,120.0,134.22259041666666,0.0,0.0,P,120.0,2026-05-14 21:30:00,120.0,False,134.22259041666666,1
2026-05-14,45,120.0,61.023372003968255,0.0,0.0,P,120.0,2026-05-14 22:00:00,120.0,False,61.023372003968255,1
2026-05-14,46,120.0,171.99575488038568,0.0,0.0,P,120.0,2026-05-14 22:30:00,120.0,False,171.99575488038568,1
2026-05-14,47,125.69,536.8802888892741,0.0,0.0,P,125.69,2026-05-14 23:00:00,125.69,False,536.8802888892741,1
2026-05-14,48,120.0,422.11909736574074,0.0,0.0,P,120.0,2026-05-14 23:30:00,120.0,False,422.11909736574074,1
2026-05-15,1,120.0,208.30545833333332,0.0,0.0,P,120.0,2026-05-15 00:00:00,120.0,False,208.30545833333332,1
2026-05-15,2,70.02,-84.53118686868687,0.0,0.0,N,70.02,2026-05-15 00:30:00,70.02,False,84.53118686868687,0
2026-05-15,3,120.0,59.1460820959596,0.0,0.0,P,120.0,2026-05-15 01:00:00,120.0,False,59.1460820959596,1
2026-05-15,4,120.0,153.57111872835495,0.0,0.0,P,120.0,2026-05-15 01:30:00,120.0,False,153.57111872835495,1
2026-05-15,5,119.85,12.19690373015873,0.0,0.0,P,119.85,2026-05-15 02:00:00,119.85,False,12.19690373015873,1
2026-05-15,6,119.85,207.1486059722222,0.0,0.0,P,119.85,2026-05-15 02:30:00,119.85,False,207.1486059722222,1
2026-05-15,7,119.85,93.0294396031746,0.0,0.0,P,119.85,2026-05-15 03:00:00,119.85,False,93.0294396031746,1
2026-05-15,8,119.85,195.58448106962103,0.0,0.0,P,119.85,2026-05-15 03:30:00,119.85,False,195.58448106962103,1
2026-05-15,9,119.85,36.03194527777778,0.0,0.0,P,119.85,2026-05-15 04:00:00,119.85,False,36.03194527777778,1
2026-05-15,10,129.0,310.9555101388889,0.0,0.0,P,129.0,2026-05-15 04:30:00,129.0,False,310.9555101388889,1
2026-05-15,11,119.85,114.58375137973138,0.0,0.0,P,119.85,2026-05-15 05:00:00,119.85,False,114.58375137973138,1
2026-05-15,12,119.85,57.31858901709402,0.0,0.0,P,119.85,2026-05-15 05:30:00,119.85,False,57.31858901709402,1
2026-05-15,13,123.84,190.71765819444445,0.0,0.0,P,123.84,2026-05-15 06:00:00,123.84,False,190.71765819444445,1
2026-05-15,14,134.45,605.5596212085859,0.0,0.0,P,134.45,2026-05-15 06:30:00,134.45,False,605.5596212085859,1
2026-05-15,15,134.45,657.0466866133249,0.0,0.0,P,134.45,2026-05-15 07:00:00,134.45,False,657.0466866133249,1
2026-05-15,16,134.0,611.0785480561568,0.0,0.0,P,134.0,2026-05-15 07:30:00,134.0,False,611.0785480561568,1
2026-05-15,17,130.0,383.6685621265771,0.0,0.0,P,130.0,2026-05-15 08:00:00,130.0,False,383.6685621265771,1
2026-05-15,18,129.0,63.91659050925926,0.0,0.0,P,129.0,2026-05-15 08:30:00,129.0,False,63.91659050925926,1
2026-05-15,19,126.0,105.53769371761668,0.0,0.0,P,126.0,2026-05-15 09:00:00,126.0,False,105.53769371761668,1
2026-05-15,20,114.88,2.6586274567562067,0.0,0.0,P,114.88,2026-05-15 09:30:00,114.88,False,2.6586274567562067,1
2026-05-15,21,101.59,-26.69288718253968,0.0,0.0,N,101.59,2026-05-15 10:00:00,101.59,False,26.69288718253968,0
2026-05-15,22,113.18,96.59909992559524,0.0,0.0,P,113.18,2026-05-15 10:30:00,113.18,False,96.59909992559524,1
2026-05-15,23,117.0,136.0402380952381,0.0,0.0,P,117.0,2026-05-15 11:00:00,117.0,False,136.0402380952381,1
2026-05-15,24,112.47,35.99959069444444,0.0,0.0,P,112.47,2026-05-15 11:30:00,112.47,False,35.99959069444444,1
2026-05-15,25,117.0,83.81916974358974,0.0,0.0,P,117.0,2026-05-15 12:00:00,117.0,False,83.81916974358974,1
2026-05-15,26,109.87,12.425160256410257,0.0,0.0,P,109.87,2026-05-15 12:30:00,109.87,False,12.425160256410257,1
2026-05-15,27,122.0,396.1013888888889,0.0,0.0,P,122.0,2026-05-15 13:00:00,122.0,False,396.1013888888889,1
2026-05-15,28,122.0,280.20972518518516,0.0,0.0,P,122.0,2026-05-15 13:30:00,122.0,False,280.20972518518516,1
2026-05-15,29,117.0,38.42309212962963,0.0,0.0,P,117.0,2026-05-15 14:00:00,117.0,False,38.42309212962963,1
2026-05-15,30,82.3,-11.154409778429455,0.0,0.0,N,82.3,2026-05-15 14:30:00,82.3,False,11.154409778429455,0
2026-05-15,31,83.5904568022799,-55.754900221570544,0.0,0.0,N,85.753,2026-05-15 15:00:00,83.5904568022799,False,55.754900221570544,0
2026-05-15,32,84.9325999164366,-78.84081235556408,0.0,0.0,N,86.19316666666667,2026-05-15 15:30:00,84.9325999164366,False,78.84081235556408,0
2026-05-15,33,91.56149035979962,-19.44611111111111,0.0,0.0,N,93.72083333333332,2026-05-15 16:00:00,91.56149035979962,False,19.44611111111111,0
2026-05-15,34,70.0,-209.01706413686492,0.0,0.0,N,70.0,2026-05-15 16:30:00,70.0,False,209.01706413686492,0
2026-05-15,35,81.0,-395.9932133134921,0.0,0.0,N,81.0,2026-05-15 17:00:00,81.0,False,395.9932133134921,0
2026-05-15,36,81.0,-595.1118935353535,0.0,0.0,N,81.0,2026-05-15 17:30:00,81.0,False,595.1118935353535,0
2026-05-15,37,81.0,-257.31808357843136,0.0,0.0,N,81.0,2026-05-15 18:00:00,81.0,False,257.31808357843136,0
2026-05-15,38,56.579900760396605,-66.46083333333333,0.0,0.0,N,57.31544105555555,2026-05-15 18:30:00,56.579900760396605,False,66.46083333333333,0
2026-05-15,39,115.09,-84.39104588519466,0.0,0.0,N,115.09,2026-05-15 19:00:00,115.09,False,84.39104588519466,0
2026-05-15,40,139.45,425.8482797466422,0.0,0.0,P,139.45,2026-05-15 19:30:00,139.45,False,425.8482797466422,1
2026-05-15,41,139.45,276.0915346230159,0.0,0.0,P,139.45,2026-05-15 20:00:00,139.45,False,276.0915346230159,1
2026-05-15,42,129.0,25.478331654040403,0.0,0.0,P,129.0,2026-05-15 20:30:00,129.0,False,25.478331654040403,1
2026-05-15,43,20.0,-276.7073551487431,0.0,0.0,N,20.0,2026-05-15 21:00:00,20.0,False,276.7073551487431,0
2026-05-15,44,84.77036710450103,-86.77190235690236,0.0,0.0,N,84.89846085020308,2026-05-15 21:30:00,84.77036710450103,False,86.77190235690236,0
2026-05-15,45,89.43,-115.39742175925926,0.0,0.0,N,89.43,2026-05-15 22:00:00,89.43,False,115.39742175925926,0
2026-05-15,46,90.0,-85.53596429654672,0.0,0.0,N,90.0,2026-05-15 22:30:00,90.0,False,85.53596429654672,0
2026-05-15,47,98.39,-14.607223055555556,0.0,0.0,N,98.39,2026-05-15 23:00:00,98.39,False,14.607223055555556,0
2026-05-15,48,125.0,145.41076694444445,0.0,0.0,P,125.0,2026-05-15 23:30:00,125.0,False,145.41076694444445,1
2026-05-16,1,125.0,73.64166666666667,0.0,0.0,P,125.0,2026-05-16 00:00:00,125.0,False,73.64166666666667,1
2026-05-16,2,125.0,88.14791666666666,0.0,0.0,P,125.0,2026-05-16 00:30:00,125.0,False,88.14791666666666,1
2026-05-16,3,125.0,126.51388888888889,0.0,0.0,P,125.0,2026-05-16 01:00:00,125.0,False,126.51388888888889,1
2026-05-16,4,120.0,106.50139666666666,0.0,0.0,P,120.0,2026-05-16 01:30:00,120.0,False,106.50139666666666,1
2026-05-16,5,120.0,68.2953125,0.0,0.0,P,120.0,2026-05-16 02:00:00,120.0,False,68.2953125,1
2026-05-16,6,93.79,-9.236922811004783,0.0,0.0,N,93.79,2026-05-16 02:30:00,93.79,False,9.236922811004783,0
2026-05-16,7,93.71,-64.20457029040404,0.0,0.0,N,93.71,2026-05-16 03:00:00,93.71,False,64.20457029040404,0
2026-05-16,8,85.82,-35.78333333333333,0.0,0.0,N,85.82,2026-05-16 03:30:00,85.82,False,35.78333333333333,0
2026-05-16,9,85.8,-38.397222222222226,0.0,0.0,N,85.8,2026-05-16 04:00:00,85.8,False,38.397222222222226,0
2026-05-16,10,120.0,23.677487916666667,0.0,0.0,P,120.0,2026-05-16 04:30:00,120.0,False,23.677487916666667,1
2026-05-16,11,120.0,100.58703703703704,0.0,0.0,P,120.0,2026-05-16 05:00:00,120.0,False,100.58703703703704,1
2026-05-16,12,89.63,-4.755290925925926,0.0,0.0,N,89.63,2026-05-16 05:30:00,89.63,False,4.755290925925926,0
2026-05-16,13,85.81,-61.08944295973674,0.0,0.0,N,85.81,2026-05-16 06:00:00,85.81,False,61.08944295973674,0
2026-05-16,14,86.32,-156.79437943476577,0.0,0.0,N,86.32,2026-05-16 06:30:00,86.32,False,156.79437943476577,0
2026-05-16,15,90.37,-92.32198869007536,0.0,0.0,N,90.37,2026-05-16 07:00:00,90.37,False,92.32198869007536,0
2026-05-16,16,85.8,-103.6222438216486,0.0,0.0,N,85.8,2026-05-16 07:30:00,85.8,False,103.6222438216486,0
2026-05-16,17,86.32,-67.46691083333333,0.0,0.0,N,86.32,2026-05-16 08:00:00,86.32,False,67.46691083333333,0
2026-05-16,18,86.32,-231.34368242811396,0.0,0.0,N,86.32,2026-05-16 08:30:00,86.32,False,231.34368242811396,0
2026-05-16,19,86.12,-510.8319561111111,0.0,0.0,N,86.12,2026-05-16 09:00:00,86.12,False,510.8319561111111,0
2026-05-16,20,85.8,-697.8780933333334,0.0,0.0,N,85.8,2026-05-16 09:30:00,85.8,False,697.8780933333334,0
2026-05-16,21,85.1,-593.0947880743084,0.0,0.0,N,85.1,2026-05-16 10:00:00,85.1,False,593.0947880743084,0
2026-05-16,22,86.32,-219.84772833603773,0.0,0.0,N,86.32,2026-05-16 10:30:00,86.32,False,219.84772833603773,0
2026-05-16,23,86.32,-202.74285714285713,0.0,0.0,N,86.32,2026-05-16 11:00:00,86.32,False,202.74285714285713,0
2026-05-16,24,86.41,-98.99166666666666,0.0,0.0,N,86.41,2026-05-16 11:30:00,86.41,False,98.99166666666666,0
2026-05-16,25,86.41,-111.444595754662,0.0,0.0,N,86.41,2026-05-16 12:00:00,86.41,False,111.444595754662,0
2026-05-16,26,120.0,5.092518482905983,0.0,0.0,P,120.0,2026-05-16 12:30:00,120.0,False,5.092518482905983,1
2026-05-16,27,92.8,-34.69177657051282,0.0,0.0,N,92.8,2026-05-16 13:00:00,92.8,False,34.69177657051282,0
2026-05-16,28,92.8,-60.276524027777775,0.0,0.0,N,92.8,2026-05-16 13:30:00,92.8,False,60.276524027777775,0
2026-05-16,29,91.16,-127.89679472222224,0.0,0.0,N,91.16,2026-05-16 14:00:00,91.16,False,127.89679472222224,0
2026-05-16,30,91.81,-98.96082930555556,0.0,0.0,N,91.81,2026-05-16 14:30:00,91.81,False,98.96082930555556,0
2026-05-16,31,91.52,-256.59055125,0.0,0.0,N,91.52,2026-05-16 15:00:00,91.52,False,256.59055125,0
2026-05-16,32,86.56,-212.41292694444445,0.0,0.0,N,86.56,2026-05-16 15:30:00,86.56,False,212.41292694444445,0
2026-05-16,33,98.2,-52.774776959064326,0.0,0.0,N,98.2,2026-05-16 16:00:00,98.2,False,52.774776959064326,0
2026-05-16,34,135.0,39.07285347222222,0.0,0.0,P,135.0,2026-05-16 16:30:00,135.0,False,39.07285347222222,1
2026-05-16,35,101.62,-44.75166588122222,0.0,0.0,N,101.62,2026-05-16 17:00:00,101.62,False,44.75166588122222,0
2026-05-16,36,135.0,111.36000416666668,0.0,0.0,P,135.0,2026-05-16 17:30:00,135.0,False,111.36000416666668,1
2026-05-16,37,103.59,-70.9652048611111,0.0,0.0,N,103.59,2026-05-16 18:00:00,103.59,False,70.9652048611111,0
2026-05-16,38,103.05,-110.45722388888888,0.0,0.0,N,103.05,2026-05-16 18:30:00,103.05,False,110.45722388888888,0
2026-05-16,39,103.78,-56.708333333333336,0.0,0.0,N,103.78,2026-05-16 19:00:00,103.78,False,56.708333333333336,0
2026-05-16,40,130.0,18.66666625,0.0,0.0,P,130.0,2026-05-16 19:30:00,130.0,False,18.66666625,1
2026-05-16,41,130.0,23.639814166666667,0.0,0.0,P,130.0,2026-05-16 20:00:00,130.0,False,23.639814166666667,1
2026-05-16,42,94.0,-169.28721774193548,0.0,0.0,N,94.0,2026-05-16 20:30:00,94.0,False,169.28721774193548,0
2026-05-16,43,94.0,-162.07415501262625,0.0,0.0,N,94.0,2026-05-16 21:00:00,94.0,False,162.07415501262625,0
2026-05-16,44,95.0,-17.462499729532162,0.0,0.0,N,95.0,2026-05-16 21:30:00,95.0,False,17.462499729532162,0
2026-05-16,45,96.3,-5.330421245421245,0.0,0.0,N,96.3,2026-05-16 22:00:00,96.3,False,5.330421245421245,0
2026-05-16,46,95.0,-15.417307692307691,0.0,0.0,N,95.0,2026-05-16 22:30:00,95.0,False,15.417307692307691,0
2026-05-16,47,133.0,43.74008892280559,0.0,0.0,P,133.0,2026-05-16 23:00:00,133.0,False,43.74008892280559,1
2026-05-16,48,117.60565204036736,35.67009924269006,0.0,0.0,P,115.39980701754386,2026-05-16 23:30:00,117.60565204036736,False,35.67009924269006,1
2026-05-17,1,101.08,4.950023611111111,0.0,0.0,P,101.08,2026-05-17 00:00:00,101.08,False,4.950023611111111,1
2026-05-17,2,89.9,-105.44166666666666,0.0,0.0,N,89.9,2026-05-17 00:30:00,89.9,False,105.44166666666666,0
2026-05-17,3,82.29,-253.62999916666664,0.0,0.0,N,82.29,2026-05-17 01:00:00,82.29,False,253.62999916666664,0
2026-05-17,4,85.55,-145.00331548148148,0.0,0.0,N,85.55,2026-05-17 01:30:00,85.55,False,145.00331548148148,0
2026-05-17,5,77.26,-115.93333333333334,0.0,0.0,N,77.26,2026-05-17 02:00:00,77.26,False,115.93333333333334,0
2026-05-17,6,77.35,-119.18333333333334,0.0,0.0,N,77.35,2026-05-17 02:30:00,77.35,False,119.18333333333334,0
2026-05-17,7,81.87,41.49,0.0,0.0,P,81.87,2026-05-17 03:00:00,81.87,False,41.49,1
2026-05-17,8,80.41,-89.075,0.0,0.0,N,80.41,2026-05-17 03:30:00,80.41,False,89.075,0
2026-05-17,9,75.0,-73.0,0.0,0.0,N,75.0,2026-05-17 04:00:00,75.0,False,73.0,0
2026-05-17,10,79.04,25.0,0.0,0.0,P,79.04,2026-05-17 04:30:00,79.04,False,25.0,1
2026-05-17,11,100.68,155.275,0.0,0.0,P,100.68,2026-05-17 05:00:00,100.68,False,155.275,1
2026-05-17,12,99.2,74.84166666666667,0.0,0.0,P,99.2,2026-05-17 05:30:00,99.2,False,74.84166666666667,1
2026-05-17,13,99.18131967822984,60.51056083333334,0.0,0.0,P,99.18131967822984,2026-05-17 06:00:00,99.18131967822984,False,60.51056083333334,1
2026-05-17,14,35.99,-38.0,0.0,0.0,N,35.99,2026-05-17 06:30:00,35.99,False,38.0,0
2026-05-17,15,111.7924570640661,424.6754027419355,0.0,0.0,P,111.64209133333334,2026-05-17 07:00:00,111.7924570640661,False,424.6754027419355,1
2026-05-17,16,86.79,223.34504704301077,0.0,0.0,P,86.79,2026-05-17 07:30:00,86.79,False,223.34504704301077,1
2026-05-17,17,89.91,51.078155315656566,0.0,0.0,P,89.91,2026-05-17 08:00:00,89.91,False,51.078155315656566,1
2026-05-17,18,95.45,26.254581073232323,0.0,0.0,P,95.45,2026-05-17 08:30:00,95.45,False,26.254581073232323,1
2026-05-17,19,74.47,-302.7977428200496,0.0,0.0,N,74.47,2026-05-17 09:00:00,74.47,False,302.7977428200496,0
2026-05-17,20,100.12,5.931873444011608,0.0,0.0,P,100.12,2026-05-17 09:30:00,100.12,False,5.931873444011608,1
2026-05-17,21,80.41,-56.26481736111111,0.0,0.0,N,80.41,2026-05-17 10:00:00,80.41,False,56.26481736111111,0
2026-05-17,22,80.02,-114.67842090643276,0.0,0.0,N,80.02,2026-05-17 10:30:00,80.02,False,114.67842090643276,0
2026-05-17,23,108.27,50.64123083333333,0.0,0.0,P,108.27,2026-05-17 11:00:00,108.27,False,50.64123083333333,1
2026-05-17,24,106.25,76.93821305555555,0.0,0.0,P,106.25,2026-05-17 11:30:00,106.25,False,76.93821305555555,1
2026-05-17,25,109.07,51.15694444444444,0.0,0.0,P,109.07,2026-05-17 12:00:00,109.07,False,51.15694444444444,1
2026-05-17,26,85.11,-86.41843486111111,0.0,0.0,N,85.11,2026-05-17 12:30:00,85.11,False,86.41843486111111,0
2026-05-17,27,60.16706708729749,-367.2466447307596,0.0,0.0,N,60.16706708729749,2026-05-17 13:00:00,60.16706708729749,False,367.2466447307596,0
2026-05-17,28,3.0,-786.0317414300026,0.0,0.0,N,3.0,2026-05-17 13:30:00,3.0,False,786.0317414300026,0
2026-05-17,29,3.0,-828.1752592365486,0.0,0.0,N,3.0,2026-05-17 14:00:00,3.0,False,828.1752592365486,0
2026-05-17,30,3.0,-1047.7001809470808,0.0,0.0,N,3.0,2026-05-17 14:30:00,3.0,False,1047.7001809470808,0
2026-05-17,31,3.0,-805.5691672222222,0.0,0.0,N,3.0,2026-05-17 15:00:00,3.0,False,805.5691672222222,0
2026-05-17,32,5.0,-495.7958264805135,0.0,0.0,N,5.0,2026-05-17 15:30:00,5.0,False,495.7958264805135,0
2026-05-17,33,80.41,-58.50171537698413,0.0,0.0,N,80.41,2026-05-17 16:00:00,80.41,False,58.50171537698413,0
2026-05-17,34,129.0,40.76864315083802,0.0,0.0,P,129.0,2026-05-17 16:30:00,129.0,False,40.76864315083802,1
2026-05-17,35,93.0,-149.1513733367776,0.0,0.0,N,93.0,2026-05-17 17:00:00,93.0,False,149.1513733367776,0
2026-05-17,36,157.45,129.64556277056278,0.0,0.0,P,157.45,2026-05-17 17:30:00,157.45,False,129.64556277056278,1
2026-05-17,37,132.85,114.9483234469697,0.0,0.0,P,132.85,2026-05-17 18:00:00,132.85,False,114.9483234469697,1
2026-05-17,38,135.64,260.8256051587302,0.0,0.0,P,135.64,2026-05-17 18:30:00,135.64,False,260.8256051587302,1
2026-05-17,39,137.98,45.72976236110948,0.0,0.0,P,137.98,2026-05-17 19:00:00,137.98,False,45.72976236110948,1
2026-05-17,40,106.0,-164.99223119261202,0.0,0.0,N,106.0,2026-05-17 19:30:00,106.0,False,164.99223119261202,0
2026-05-17,41,137.98,16.99341609006734,0.0,0.0,P,137.98,2026-05-17 20:00:00,137.98,False,16.99341609006734,1
2026-05-17,42,137.98,68.89009698933859,0.0,0.0,P,137.98,2026-05-17 20:30:00,137.98,False,68.89009698933859,1
2026-05-17,43,157.45,129.01718698773448,0.0,0.0,P,157.45,2026-05-17 21:00:00,157.45,False,129.01718698773448,1
2026-05-17,44,157.85,162.28333333333333,0.0,0.0,P,157.85,2026-05-17 21:30:00,157.85,False,162.28333333333333,1
2026-05-17,45,105.11,-32.108333055555555,0.0,0.0,N,105.11,2026-05-17 22:00:00,105.11,False,32.108333055555555,0
2026-05-17,46,102.53,-28.828796296296296,0.0,0.0,N,102.53,2026-05-17 22:30:00,102.53,False,28.828796296296296,0
2026-05-17,47,121.91,99.87540944444444,0.0,0.0,P,121.91,2026-05-17 23:00:00,121.91,False,99.87540944444444,1
2026-05-17,48,117.92,142.30694444444444,0.0,0.0,P,117.92,2026-05-17 23:30:00,117.92,False,142.30694444444444,1
