settlement_date,settlement_period,ssp,net_imbalance_volume,sell_price_adjustment,buy_price_adjustment,price_derivation_code,replacement_price
2026-04-12,1,14.95,-480.82546296296294,0.0,0.0,N,14.95
2026-04-12,2,10.63,-681.9143051990741,0.0,0.0,N,10.63
2026-04-12,3,13.35,-646.8124538257575,0.0,0.0,N,13.35
2026-04-12,4,1.94,-435.427641752892,0.0,0.0,N,1.94
2026-04-12,5,20.390548612775262,-324.42083337962964,0.0,0.0,N,20.821409361132044
2026-04-12,6,14.24206777549455,-157.77798642045215,0.0,0.0,N,16.426225251795838
2026-04-12,7,20.72,-475.14621759785354,0.0,0.0,N,20.72
2026-04-12,8,12.93,-328.1776741861631,0.0,0.0,N,12.93
2026-04-12,9,21.28,-288.9343996845324,0.0,0.0,N,21.28
2026-04-12,10,21.69981247098466,-339.00397055555555,0.0,0.0,N,22.5766190749854
2026-04-12,11,16.52975105458361,-456.7264711237374,0.0,0.0,N,16.659583333333334
2026-04-12,12,12.437693300539976,-340.5584025453125,0.0,0.0,N,12.486875
2026-04-12,13,29.02,-263.7563888587563,0.0,0.0,N,29.02
2026-04-12,14,15.06762371217478,-208.52088355819996,0.0,0.0,N,15.089333333333334
2026-04-12,15,66.2,131.54945922187122,0.0,0.0,P,
2026-04-12,16,80.0,47.794489408735494,0.0,0.0,P,
2026-04-12,17,50.61,-84.6773559920635,0.0,0.0,N,50.61
2026-04-12,18,50.43,-368.89627083333335,0.0,0.0,N,50.43
2026-04-12,19,-6.8561786147140635,-325.2317057306763,0.0,0.0,N,-5.717996783333334
2026-04-12,20,24.82,-100.4455606999537,0.0,0.0,N,24.82
2026-04-12,21,25.13,-144.82859094566416,0.0,0.0,N,25.13
2026-04-12,22,55.0,227.14739510097223,0.0,0.0,P,
2026-04-12,23,49.87,119.85261772569444,0.0,0.0,P,
2026-04-12,24,44.2,9.500760462962964,0.0,0.0,P,
2026-04-12,25,46.42,19.927274212962963,0.0,0.0,P,
2026-04-12,26,49.6,4.882821547619048,0.0,0.0,P,
2026-04-12,27,65.3,313.59739143518516,0.0,0.0,P,
2026-04-12,28,-9.06145947275848,-124.6030699473351,0.0,0.0,N,-8.577926456742205
2026-04-12,29,0.0,-177.65795944614086,0.0,0.0,N,0.0
2026-04-12,30,5.421680746889274,-44.81381311712743,0.0,0.0,N,8.138143688888889
2026-04-12,31,24.07,-691.9583353086402,0.0,0.0,N,24.07
2026-04-12,32,14.585173763593634,-679.5441029086667,0.0,0.0,N,16.410651224166667
2026-04-12,33,20.0,-327.9139843027683,0.0,0.0,N,20.0
2026-04-12,34,117.0,98.4870842546507,0.0,0.0,P,
2026-04-12,35,121.5,175.7891112037037,0.0,0.0,P,
2026-04-12,36,139.5,857.4488603024388,0.0,0.0,P,
2026-04-12,37,142.45,500.9663522325766,0.0,0.0,P,
2026-04-12,38,139.5,318.5049905804764,0.0,0.0,P,
2026-04-12,39,142.45,542.1896306317204,0.0,0.0,P,
2026-04-12,40,143.99,1005.0137506640256,0.0,0.0,P,
2026-04-12,41,142.45,404.9513590996293,0.0,0.0,P,
2026-04-12,42,142.45,338.2628444871795,0.0,0.0,P,
2026-04-12,43,96.83,-17.498307092257416,0.0,0.0,N,
2026-04-12,44,119.59,-229.8030310373264,0.0,0.0,N,119.59
2026-04-12,45,73.2452444298065,-150.09737575089127,0.0,0.0,N,73.62794134722222
2026-04-12,46,122.18,40.698173461870255,0.0,0.0,P,
2026-04-12,47,107.48,-48.760093552973075,0.0,0.0,N,107.48
2026-04-12,48,104.51,-244.1087145875421,0.0,0.0,N,104.51
2026-04-13,1,111.9,51.75365631018721,0.0,0.0,P,
2026-04-13,2,111.9,84.7414892376894,0.0,0.0,P,
2026-04-13,3,111.9,61.833986573275865,0.0,0.0,P,
2026-04-13,4,117.9,157.69685501282052,0.0,0.0,P,
2026-04-13,5,127.0,224.0468590096154,0.0,0.0,P,
2026-04-13,6,127.0,353.88204871855487,0.0,0.0,P,
2026-04-13,7,127.0,253.09057224127673,0.0,0.0,P,
2026-04-13,8,127.0,358.1652441094011,0.0,0.0,P,
2026-04-13,9,127.0,325.7862295801472,0.0,0.0,P,
2026-04-13,10,127.4,432.5176029791939,0.0,0.0,P,
2026-04-13,11,146.64,543.0851070244872,0.0,0.0,P,
2026-04-13,12,147.0,335.4147759969697,0.0,0.0,P,
2026-04-13,13,160.0,362.9000807618478,0.0,0.0,P,
2026-04-13,14,175.33,1046.9857000322902,0.0,0.0,P,
2026-04-13,15,177.22,916.700676162801,0.0,0.0,P,
2026-04-13,16,199.1,1215.162542975434,0.0,0.0,P,
2026-04-13,17,215.32,856.1785349664751,0.0,0.0,P,
2026-04-13,18,179.91260442865885,185.85170299603175,0.0,0.0,P,
2026-04-13,19,80.0,-314.74500452380954,0.0,0.0,N,80.0
2026-04-13,20,40.88,-370.1507131944445,0.0,0.0,N,40.88
2026-04-13,21,91.91,-51.26340055555555,0.0,0.0,N,
2026-04-13,22,87.12,-91.91696428571429,0.0,0.0,N,
2026-04-13,23,97.3,5.0569444444444445,0.0,0.0,P,97.3
2026-04-13,24,94.05,-62.794441666666664,0.0,0.0,N,
2026-04-13,25,89.78,-130.02449917328042,0.0,0.0,N,
2026-04-13,26,88.82,-44.19487,0.0,0.0,N,
2026-04-13,27,98.08,8.4125,0.0,0.0,P,98.08
2026-04-13,28,85.75,-166.36247895622895,0.0,0.0,N,
2026-04-13,29,121.45,173.50337339436027,0.0,0.0,P,121.45
2026-04-13,30,122.89036231611884,13.976060284391536,0.0,0.0,P,
2026-04-13,31,85.75,-454.2435994706604,0.0,0.0,N,
2026-04-13,32,85.75,-457.5684670873379,0.0,0.0,N,
2026-04-13,33,85.78,-212.08743855926585,0.0,0.0,N,
2026-04-13,34,85.78,-280.34126823491306,0.0,0.0,N,
2026-04-13,35,85.78,-136.4533348611111,0.0,0.0,N,85.78
2026-04-13,36,120.45,-56.02607638888889,0.0,0.0,N,120.45
2026-04-13,37,121.62,-176.6761535103842,0.0,0.0,N,121.62
2026-04-13,38,103.42,-230.21228398148148,0.0,0.0,N,103.42
2026-04-13,39,117.11,-85.78232638888889,0.0,0.0,N,117.11
2026-04-13,40,140.0,101.59641291666668,0.0,0.0,P,
2026-04-13,41,131.65,56.366057777777776,0.0,0.0,P,
2026-04-13,42,98.04798343619196,-47.88765611111111,0.0,0.0,N,98.51575
2026-04-13,43,85.8,-77.86012999183006,0.0,0.0,N,85.8
2026-04-13,44,85.8,-96.24552921719444,0.0,0.0,N,85.8
2026-04-13,45,121.6,12.933609722222222,0.0,0.0,P,
2026-04-13,46,129.99,456.68307279833334,0.0,0.0,P,
2026-04-13,47,118.0,3.6072901388888887,0.0,0.0,P,
2026-04-13,48,89.35,-25.5375,0.0,0.0,N,
2026-04-14,1,99.34,98.75697115384617,0.0,0.0,P,99.34
2026-04-14,2,98.33,20.59249861111111,0.0,0.0,P,98.33
2026-04-14,3,88.65,-60.13819875,0.0,0.0,N,
2026-04-14,4,90.66,-50.083888888888886,0.0,0.0,N,
2026-04-14,5,82.12,-235.32027888888888,0.0,0.0,N,
2026-04-14,6,82.12,-148.77717391304347,0.0,0.0,N,
2026-04-14,7,124.31025033557864,201.0882830178904,0.0,0.0,P,124.12141666666666
2026-04-14,8,105.01,0.6870514660493827,0.0,0.0,P,
2026-04-14,9,81.25,-34.50277777777778,0.0,0.0,N,
2026-04-14,10,90.62067699742234,-68.21666666666667,0.0,0.0,N,
2026-04-14,11,142.56,154.60656565656566,0.0,0.0,P,
2026-04-14,12,137.61,58.53387021164021,0.0,0.0,P,
2026-04-14,13,144.5,65.43245483868185,0.0,0.0,P,
2026-04-14,14,157.5,421.6933486965812,0.0,0.0,P,
2026-04-14,15,144.5,118.32412771184065,0.0,0.0,P,
2026-04-14,16,146.9,303.99518518518516,0.0,0.0,P,
2026-04-14,17,95.4,-58.643496435185185,0.0,0.0,N,
2026-04-14,18,144.5,17.811515555555555,0.0,0.0,P,
2026-04-14,19,83.23,-264.7518122592593,0.0,0.0,N,
2026-04-14,20,82.26,-180.8352870967655,0.0,0.0,N,
2026-04-14,21,83.24,-145.5808095689033,0.0,0.0,N,
2026-04-14,22,81.14,-672.3330667171717,0.0,0.0,N,
2026-04-14,23,80.0,-331.29887191849815,0.0,0.0,N,
2026-04-14,24,80.0,-426.2736164145329,0.0,0.0,N,
2026-04-14,25,61.74,-327.110085814566,0.0,0.0,N,
2026-04-14,26,63.45,-168.25640250314228,0.0,0.0,N,
2026-04-14,27,50.01,-488.78678030627583,0.0,0.0,N,
2026-04-14,28,40.95,-756.2866711869464,0.0,0.0,N,
2026-04-14,29,55.34,-331.4051128280574,0.0,0.0,N,
2026-04-14,30,71.01,-384.50614415868455,0.0,0.0,N,71.01
2026-04-14,31,105.0,90.3406882559114,0.0,0.0,P,
2026-04-14,32,89.55,-5.891926758087201,0.0,0.0,N,89.55
2026-04-14,33,97.28,-103.74792100308642,0.0,0.0,N,97.28
2026-04-14,34,120.99,33.97476255277641,0.0,0.0,P,
2026-04-14,35,119.84,119.82509147726388,0.0,0.0,P,
2026-04-14,36,124.0,302.53182869723264,0.0,0.0,P,
2026-04-14,37,124.0,142.52475578702777,0.0,0.0,P,
2026-04-14,38,125.0097833285088,221.69445444444443,0.0,0.0,P,
2026-04-14,39,124.0,87.50688097222222,0.0,0.0,P,
2026-04-14,40,135.0,500.2014233333333,0.0,0.0,P,
2026-04-14,41,135.0,567.5485761682299,0.0,0.0,P,
2026-04-14,42,135.0,403.1258144755155,0.0,0.0,P,
2026-04-14,43,139.98,375.11843759656824,0.0,0.0,P,
2026-04-14,44,119.53,32.56174149556264,0.0,0.0,P,
2026-04-14,45,97.72,-82.75195194684945,0.0,0.0,N,97.72
2026-04-14,46,119.5,147.81691018867244,0.0,0.0,P,
2026-04-14,47,101.41178529041385,93.53497524160738,0.0,0.0,P,
2026-04-14,48,73.94,-124.52875323412698,0.0,0.0,N,73.94
2026-04-15,1,70.62797284069518,-97.54851639701104,0.0,0.0,N,75.33510668055555
2026-04-15,2,53.47,-92.99188267825012,0.0,0.0,N,53.47
2026-04-15,3,58.0,-24.01306728113734,0.0,0.0,N,58.0
2026-04-15,4,85.0,3.5005871111111113,0.0,0.0,P,
2026-04-15,5,87.5,96.22232641666666,0.0,0.0,P,
2026-04-15,6,97.0,223.41643505555555,0.0,0.0,P,
2026-04-15,7,98.0,216.14861305555556,0.0,0.0,P,
2026-04-15,8,95.53,81.96189927524773,0.0,0.0,P,
2026-04-15,9,111.21,177.56124050925925,0.0,0.0,P,
2026-04-15,10,107.0,37.07525142232639,0.0,0.0,P,
2026-04-15,11,71.94,-143.02058674302262,0.0,0.0,N,71.94
2026-04-15,12,111.67,76.82794708333333,0.0,0.0,P,
2026-04-15,13,114.45,494.290315026903,0.0,0.0,P,
2026-04-15,14,117.0,723.9439961111111,0.0,0.0,P,
2026-04-15,15,128.9,1209.011282263793,0.0,0.0,P,
2026-04-15,16,128.8,1534.971423229508,0.0,0.0,P,
2026-04-15,17,121.85,381.2147510231416,0.0,0.0,P,
2026-04-15,18,120.0,154.507971346688,0.0,0.0,P,
2026-04-15,19,88.15,-201.05263083874425,0.0,0.0,N,88.15
2026-04-15,20,74.34,-152.05892484307358,0.0,0.0,N,74.34
2026-04-15,21,69.66,-113.81633428539554,0.0,0.0,N,69.66
2026-04-15,22,63.4,-237.29941664213297,0.0,0.0,N,63.4
2026-04-15,23,22.937329197662088,-328.8717609722222,0.0,0.0,N,23.212275375
2026-04-15,24,7.82,-419.8751119298882,0.0,0.0,N,7.82
2026-04-15,25,34.96,-254.06228735446527,0.0,0.0,N,34.96
2026-04-15,26,64.7,128.52729607351344,0.0,0.0,P,
2026-04-15,27,72.0,244.7738013882137,0.0,0.0,P,
2026-04-15,28,112.0,713.2973851051348,0.0,0.0,P,
2026-04-15,29,113.5,901.4480020186096,0.0,0.0,P,
2026-04-15,30,113.0,893.3484804513889,0.0,0.0,P,
2026-04-15,31,114.79,375.81799098875695,0.0,0.0,P,
2026-04-15,32,84.82,-219.00711794871796,0.0,0.0,N,84.82
2026-04-15,33,89.43,-181.492388034188,0.0,0.0,N,89.43
2026-04-15,34,83.0,-157.422606875,0.0,0.0,N,83.0
2026-04-15,35,103.93,-112.9686577902903,0.0,0.0,N,103.93
2026-04-15,36,45.0,-247.55343173754972,0.0,0.0,N,
2026-04-15,37,66.0,90.17232570906432,0.0,0.0,P,
2026-04-15,38,104.45,-123.8199044454876,0.0,0.0,N,104.45
2026-04-15,39,103.6,-150.5796483478441,0.0,0.0,N,103.6
2026-04-15,40,128.0122680483299,240.01613702941063,0.0,0.0,P,
2026-04-15,41,134.4,305.8984383234127,0.0,0.0,P,
2026-04-15,42,134.4,238.8466668829603,0.0,0.0,P,
2026-04-15,43,129.0,311.37602265497077,0.0,0.0,P,
2026-04-15,44,122.85,351.3254812332401,0.0,0.0,P,
2026-04-15,45,118.9,21.03438784152707,0.0,0.0,P,
2026-04-15,46,116.8,310.7025722978552,0.0,0.0,P,
2026-04-15,47,81.01,-24.023445731872293,0.0,0.0,N,
2026-04-15,48,65.48856026261883,-8.464565423881673,0.0,0.0,N,65.85966666666667
2026-04-16,1,106.9,57.166533703715245,0.0,0.0,P,
2026-04-16,2,107.75,219.95046464646464,0.0,0.0,P,
2026-04-16,3,106.69,518.4855437247475,0.0,0.0,P,
2026-04-16,4,105.45,394.43186726851854,0.0,0.0,P,
2026-04-16,5,92.14,-38.20502404513889,0.0,0.0,N,92.14
2026-04-16,6,68.58374456837981,-239.40244513888888,0.0,0.0,N,68.83483333333334
2026-04-16,7,87.05,-1.8440959722222223,0.0,0.0,N,87.05
2026-04-16,8,86.7,-60.16739611111111,0.0,0.0,N,86.7
2026-04-16,9,102.75,283.84055819444444,0.0,0.0,P,
2026-04-16,10,102.4,116.27409739365218,0.0,0.0,P,
2026-04-16,11,50.0,-96.88042033496733,0.0,0.0,N,50.0
2026-04-16,12,55.0,-65.60976713911468,0.0,0.0,N,
2026-04-16,13,107.0,315.3734839432924,0.0,0.0,P,
2026-04-16,14,119.4,295.4808179513889,0.0,0.0,P,
2026-04-16,15,119.4,589.1607497012786,0.0,0.0,P,
2026-04-16,16,123.45,773.1259331392213,0.0,0.0,P,
2026-04-16,17,122.0,513.8981425504178,0.0,0.0,P,
2026-04-16,18,112.0,223.79043944031085,0.0,0.0,P,
2026-04-16,19,69.21,-96.3157624963925,0.0,0.0,N,69.21
2026-04-16,20,40.0,-259.61151878787877,0.0,0.0,N,40.0
2026-04-16,21,102.92,97.45931875,0.0,0.0,P,
2026-04-16,22,101.5,306.1811277640218,0.0,0.0,P,
2026-04-16,23,93.87227112469186,55.87707218205101,0.0,0.0,P,
2026-04-16,24,111.45,215.56549958333332,0.0,0.0,P,
2026-04-16,25,65.93,-23.580282222222223,0.0,0.0,N,
2026-04-16,26,58.4,-211.07522833333337,0.0,0.0,N,58.4
2026-04-16,27,9.37,-293.40629583333333,0.0,0.0,N,
2026-04-16,28,43.66,-220.40453763888888,0.0,0.0,N,
2026-04-16,29,11.5,-288.51205039473683,0.0,0.0,N,
2026-04-16,30,11.5,-312.47449921213894,0.0,0.0,N,
2026-04-16,31,50.17,-70.27140059523809,0.0,0.0,N,
2026-04-16,32,49.17,-291.7401650568499,0.0,0.0,N,
2026-04-16,33,40.0,-323.67147938492064,0.0,0.0,N,
2026-04-16,34,49.580678817494,-631.6603867320262,0.0,0.0,N,49.78
2026-04-16,35,75.1,-323.7113636363636,0.0,0.0,N,75.1
2026-04-16,36,74.27821366672036,-222.805346998366,0.0,0.0,N,74.508
2026-04-16,37,88.11,-255.37177479846943,0.0,0.0,N,
2026-04-16,38,137.46,89.33023110150879,0.0,0.0,P,
2026-04-16,39,79.15,-329.70307550958177,0.0,0.0,N,
2026-04-16,40,115.39,-133.97290604575164,0.0,0.0,N,115.39
2026-04-16,41,125.0,45.36396981223854,0.0,0.0,P,
2026-04-16,42,140.0,536.8905140873015,0.0,0.0,P,
2026-04-16,43,137.49,317.72287012566136,0.0,0.0,P,
2026-04-16,44,125.0,202.08499236359737,0.0,0.0,P,
2026-04-16,45,69.33759617857315,-87.00620515873015,0.0,0.0,N,69.93174079166667
2026-04-16,46,121.35774237348542,297.62870244692346,0.0,0.0,P,
2026-04-16,47,115.8,125.54357582142858,0.0,0.0,P,
2026-04-16,48,111.9,111.27797148576096,0.0,0.0,P,
2026-04-17,1,109.45,22.842120456862745,0.0,0.0,P,
2026-04-17,2,79.99,-75.7320208185863,0.0,0.0,N,79.99
2026-04-17,3,76.03,-395.2598306746032,0.0,0.0,N,76.03
2026-04-17,4,73.15439651722349,-270.6805425,0.0,0.0,N,75.119547625
2026-04-17,5,90.38,-178.24011638888888,0.0,0.0,N,90.38
2026-04-17,6,85.93,-240.0274031911376,0.0,0.0,N,85.93
2026-04-17,7,100.0,93.7527699118166,0.0,0.0,P,
2026-04-17,8,100.5,139.3483904149108,0.0,0.0,P,
2026-04-17,9,103.78,52.44541434653916,0.0,0.0,P,
2026-04-17,10,103.78,184.12705413694908,0.0,0.0,P,
2026-04-17,11,94.68,-217.54698845238096,0.0,0.0,N,94.68
2026-04-17,12,119.6,131.52678944444443,0.0,0.0,P,
2026-04-17,13,120.0,172.69241349206348,0.0,0.0,P,
2026-04-17,14,123.45,421.22855958581295,0.0,0.0,P,
2026-04-17,15,91.79,-55.25455751957541,0.0,0.0,N,91.79
2026-04-17,16,134.0,385.84636230962553,0.0,0.0,P,
2026-04-17,17,134.0,531.3025634611304,0.0,0.0,P,
2026-04-17,18,78.57,-18.372387030803488,0.0,0.0,N,78.57
2026-04-17,19,52.87,-96.5989934634127,0.0,0.0,N,52.87
2026-04-17,20,54.31,-94.2502806679894,0.0,0.0,N,54.31
2026-04-17,21,51.35,-158.66871380182926,0.0,0.0,N,51.35
2026-04-17,22,44.05,-292.6981071408402,0.0,0.0,N,44.05
2026-04-17,23,30.16,-292.8456514408668,0.0,0.0,N,30.16
2026-04-17,24,24.51,-208.830805,0.0,0.0,N,24.51
2026-04-17,25,23.26,-430.06102591555185,0.0,0.0,N,23.26
2026-04-17,26,-1.987852333128964,-428.09805680555553,0.0,0.0,N,-1.9686755555555555
2026-04-17,27,26.961728027080568,-229.48734973039217,0.0,0.0,N,32.19900505555555
2026-04-17,28,41.98,-183.933624359678,0.0,0.0,N,41.98
2026-04-17,29,85.51,257.62598305555554,0.0,0.0,P,
2026-04-17,30,86.59,270.20321976539657,0.0,0.0,P,
2026-04-17,31,67.81004048582996,184.92488135212415,0.0,0.0,P,
2026-04-17,32,71.2,-95.46777223944876,0.0,0.0,N,71.2
2026-04-17,33,64.15,-227.31127268518517,0.0,0.0,N,64.15
2026-04-17,34,85.0,-194.96349006436316,0.0,0.0,N,85.0
2026-04-17,35,87.08,-419.9642275942461,0.0,0.0,N,87.08
2026-04-17,36,77.63,-478.9978272997685,0.0,0.0,N,77.63
2026-04-17,37,102.604570505829,-96.23411957070708,0.0,0.0,N,102.81694386666666
2026-04-17,38,117.0,144.1995967175478,0.0,0.0,P,
2026-04-17,39,130.0,529.9755665715962,0.0,0.0,P,
2026-04-17,40,132.0,311.75443818703997,0.0,0.0,P,
2026-04-17,41,133.4,377.86485064870976,0.0,0.0,P,
2026-04-17,42,129.25,478.816278363752,0.0,0.0,P,
2026-04-17,43,124.5,153.10418021566596,0.0,0.0,P,
2026-04-17,44,75.03,-18.53539588568376,0.0,0.0,N,
2026-04-17,45,71.79732137117955,-43.6444974186057,0.0,0.0,N,
2026-04-17,46,123.49,276.1912680134381,0.0,0.0,P,
2026-04-17,47,120.45,324.28892277777777,0.0,0.0,P,
2026-04-17,48,110.0,106.99598990272618,0.0,0.0,P,
2026-04-18,1,97.47,-176.81548180555555,0.0,0.0,N,97.47
2026-04-18,2,95.11,-480.5558382616488,0.0,0.0,N,95.11
2026-04-18,3,88.89,-682.3735001685528,0.0,0.0,N,88.89
2026-04-18,4,86.42,-317.14194406852926,0.0,0.0,N,86.42
2026-04-18,5,85.16,-350.7661763117284,0.0,0.0,N,85.16
2026-04-18,6,48.274880132282014,-416.8330236882716,0.0,0.0,N,49.24923805
2026-04-18,7,57.77912275234041,-422.8072959722222,0.0,0.0,N,58.935
2026-04-18,8,69.81,-411.7981238095238,0.0,0.0,N,69.81
2026-04-18,9,66.36,-135.0984528968254,0.0,0.0,N,66.36
2026-04-18,10,67.22,-10.110379464285714,0.0,0.0,N,67.22
2026-04-18,11,66.55,-74.47988169293762,0.0,0.0,N,66.55
2026-04-18,12,68.78,-73.76707093253968,0.0,0.0,N,68.78
2026-04-18,13,48.77,-151.97923822916667,0.0,0.0,N,48.77
2026-04-18,14,49.16,-8.313681391568593,0.0,0.0,N,
2026-04-18,15,42.58932855534297,-142.5197879713081,0.0,0.0,N,43.55575
2026-04-18,16,52.0,-103.95782673883444,0.0,0.0,N,52.0
2026-04-18,17,37.34,-102.44264203703705,0.0,0.0,N,
2026-04-18,18,10.0,-171.6454921604727,0.0,0.0,N,
2026-04-18,19,10.0,-266.48099123015874,0.0,0.0,N,
2026-04-18,20,19.55476196405852,-237.94796194444444,0.0,0.0,N,19.694
2026-04-18,21,12.62,-262.3270884722222,0.0,0.0,N,12.62
2026-04-18,22,59.99,41.82531898148148,0.0,0.0,P,
2026-04-18,23,115.0,406.9941990497835,0.0,0.0,P,
2026-04-18,24,112.95,257.1322120984961,0.0,0.0,P,
2026-04-18,25,112.75,131.52335666666667,0.0,0.0,P,
2026-04-18,26,42.97,-32.12356347222222,0.0,0.0,N,42.97
2026-04-18,27,85.89,68.01492104166667,0.0,0.0,P,
2026-04-18,28,90.23,104.9322671548542,0.0,0.0,P,
2026-04-18,29,97.75,49.44540902777778,0.0,0.0,P,
2026-04-18,30,103.89920865315804,91.99012,0.0,0.0,P,
2026-04-18,31,0.0,-289.43288655982906,0.0,0.0,N,
2026-04-18,32,2.0,-195.17282051282052,0.0,0.0,N,2.0
2026-04-18,33,2.0,-281.44640120689655,0.0,0.0,N,2.0
2026-04-18,34,72.78,-396.07416666666666,0.0,0.0,N,72.78
2026-04-18,35,91.13,-409.1705555555555,0.0,0.0,N,91.13
2026-04-18,36,93.55,-448.1734135648149,0.0,0.0,N,93.55
2026-04-18,37,99.51,-402.04366013071893,0.0,0.0,N,99.51
2026-04-18,38,103.4248091933646,-69.47300375064123,0.0,0.0,N,105.459783783992
2026-04-18,39,113.46,-292.1801161337513,0.0,0.0,N,113.46
2026-04-18,40,79.87,-271.01540714358225,0.0,0.0,N,79.87
2026-04-18,41,75.74513020509964,-326.51132778846153,0.0,0.0,N,78.12133333333334
2026-04-18,42,77.18127212867392,-40.61765046296296,0.0,0.0,N,79.0115
2026-04-18,43,100.0,6.236907638888889,0.0,0.0,P,
2026-04-18,44,74.33,-87.70354916666666,0.0,0.0,N,
2026-04-18,45,73.0,-269.73333333333335,0.0,0.0,N,73.0
2026-04-18,46,71.56396622858598,-242.31277777777777,0.0,0.0,N,71.98283333333333
2026-04-18,47,94.18,3.492878861111111,0.0,0.0,P,
2026-04-18,48,70.05089766714005,-231.27980402777777,0.0,0.0,N,70.11
2026-04-19,1,102.68,54.42056548609259,0.0,0.0,P,
2026-04-19,2,61.24,-29.76431125,0.0,0.0,N,
2026-04-19,3,102.72,52.891026705943915,0.0,0.0,P,
2026-04-19,4,108.9,80.86103444444444,0.0,0.0,P,
2026-04-19,5,108.9,154.02168874368687,0.0,0.0,P,
2026-04-19,6,104.95844301329268,71.95206037820513,0.0,0.0,P,
2026-04-19,7,94.35,-59.341667638888886,0.0,0.0,N,94.35
2026-04-19,8,77.45,-25.62916625,0.0,0.0,N,77.45
2026-04-19,9,98.07,17.01101068121693,0.0,0.0,P,
2026-04-19,10,103.61,66.75773319444444,0.0,0.0,P,
2026-04-19,11,114.5,219.98064274440836,0.0,0.0,P,
2026-04-19,12,113.95,92.07424242424244,0.0,0.0,P,
2026-04-19,13,67.67,-174.58814194444443,0.0,0.0,N,
2026-04-19,14,103.28,36.83230291666667,0.0,0.0,P,
2026-04-19,15,116.49,64.30277777777778,0.0,0.0,P,
2026-04-19,16,116.49,55.8333324464887,0.0,0.0,P,
2026-04-19,17,123.5,378.05,0.0,0.0,P,
2026-04-19,18,116.5,82.53583333333333,0.0,0.0,P,
2026-04-19,19,55.75,-24.205,0.0,0.0,N,
2026-04-19,20,46.46,-186.86435833333337,0.0,0.0,N,
2026-04-19,21,116.5,126.21111111111112,0.0,0.0,P,
2026-04-19,22,38.47,-105.00355694444444,0.0,0.0,N,
2026-04-19,23,42.26,-162.05972041666666,0.0,0.0,N,
2026-04-19,24,116.5,209.6032552020202,0.0,0.0,P,
2026-04-19,25,116.5,141.6494795115,0.0,0.0,P,
2026-04-19,26,133.0,342.845,0.0,0.0,P,
2026-04-19,27,110.0,550.0728394444444,0.0,0.0,P,
2026-04-19,28,106.74,110.20131875,0.0,0.0,P,
2026-04-19,29,111.0,54.43780152777778,0.0,0.0,P,
2026-04-19,30,115.95,317.6594990895062,0.0,0.0,P,
2026-04-19,31,115.95,36.50198209876543,0.0,0.0,P,
2026-04-19,32,75.76,-111.80445366525424,0.0,0.0,N,
2026-04-19,33,73.0,-194.0643453917633,0.0,0.0,N,
2026-04-19,34,73.0,-76.47294761363636,0.0,0.0,N,
2026-04-19,35,77.69,-115.39806054945056,0.0,0.0,N,
2026-04-19,36,79.01,-144.3589368964369,0.0,0.0,N,
2026-04-19,37,81.0,-64.15492641256313,0.0,0.0,N,
2026-04-19,38,137.6,205.87964646464647,0.0,0.0,P,
2026-04-19,39,137.6,146.46021343434722,0.0,0.0,P,
2026-04-19,40,94.61,-76.02649847040584,0.0,0.0,N,
2026-04-19,41,137.6,163.35000083333333,0.0,0.0,P,
2026-04-19,42,97.57,-61.520001160910574,0.0,0.0,N,
2026-04-19,43,140.0,188.3288333712121,0.0,0.0,P,
2026-04-19,44,140.0,106.16292238351257,0.0,0.0,P,
2026-04-19,45,140.0,14.43181698205916,0.0,0.0,P,
2026-04-19,46,80.0,-246.1193089557785,0.0,0.0,N,
2026-04-19,47,83.25,-157.28269891349217,0.0,0.0,N,
2026-04-19,48,79.01,-284.8908853074549,0.0,0.0,N,
2026-04-20,1,79.01,-156.047854319923,0.0,0.0,N,
2026-04-20,2,79.1,-175.82170287061794,0.0,0.0,N,
2026-04-20,3,79.01,-233.14803898723255,0.0,0.0,N,
2026-04-20,4,79.87012658227849,-67.11576253968254,0.0,0.0,N,
2026-04-20,5,79.01,-191.46862828431372,0.0,0.0,N,
2026-04-20,6,79.01,-181.5237848366013,0.0,0.0,N,
2026-04-20,7,79.02,-146.60332412457913,0.0,0.0,N,
2026-04-20,8,79.01,-210.8127548225957,0.0,0.0,N,
2026-04-20,9,79.01,-464.3536784824629,0.0,0.0,N,
2026-04-20,10,79.01,-563.048290315126,0.0,0.0,N,
2026-04-20,11,79.01,-271.38497399121303,0.0,0.0,N,
2026-04-20,12,79.01,-132.57712676562,0.0,0.0,N,
2026-04-20,13,148.55094406170343,326.2148725921355,0.0,0.0,P,148.2930429875
2026-04-20,14,144.44,517.06513680257,0.0,0.0,P,144.44
2026-04-20,15,145.0,509.7224395910149,0.0,0.0,P,145.0
2026-04-20,16,144.0,356.4094606522182,0.0,0.0,P,
2026-04-20,17,143.0,310.03280478174605,0.0,0.0,P,
2026-04-20,18,134.45,52.72345633986928,0.0,0.0,P,
2026-04-20,19,134.45,73.73703263536595,0.0,0.0,P,
2026-04-20,20,79.2,-82.57020779900655,0.0,0.0,N,
2026-04-20,21,76.4,-167.2922864690807,0.0,0.0,N,
2026-04-20,22,76.32,-289.99722432517615,0.0,0.0,N,
2026-04-20,23,76.32,-296.81207902777777,0.0,0.0,N,
2026-04-20,24,76.4,-193.906861031746,0.0,0.0,N,
2026-04-20,25,105.95,63.20476007936508,0.0,0.0,P,
2026-04-20,26,76.4,-79.01795124503968,0.0,0.0,N,
2026-04-20,27,76.4,-218.96190199717955,0.0,0.0,N,
2026-04-20,28,76.41,-64.13594652380952,0.0,0.0,N,
2026-04-20,29,105.95,159.58986970959597,0.0,0.0,P,
2026-04-20,30,111.5,410.272858339599,0.0,0.0,P,
2026-04-20,31,105.95,145.50261911352752,0.0,0.0,P,
2026-04-20,32,105.95,171.85258033751694,0.0,0.0,P,
2026-04-20,33,78.56,-248.85158694444445,0.0,0.0,N,
2026-04-20,34,78.81,-199.13616973716896,0.0,0.0,N,
2026-04-20,35,85.23,-17.363831367521367,0.0,0.0,N,
2026-04-20,36,93.19,-3.710084087301587,0.0,0.0,N,
2026-04-20,37,139.8,249.4369957053383,0.0,0.0,P,
2026-04-20,38,85.0,-33.83029793140028,0.0,0.0,N,
2026-04-20,39,139.8,411.8064252975992,0.0,0.0,P,
2026-04-20,40,139.8,284.29289944444446,0.0,0.0,P,
2026-04-20,41,139.9,446.97144799603177,0.0,0.0,P,
2026-04-20,42,139.8,398.6965986706349,0.0,0.0,P,
2026-04-20,43,134.0,16.186719537037035,0.0,0.0,P,
2026-04-20,44,139.8,295.56404761904764,0.0,0.0,P,
2026-04-20,45,116.9,156.7434025396825,0.0,0.0,P,
2026-04-20,46,116.9,163.27536514774008,0.0,0.0,P,
2026-04-20,47,74.21,-139.93274446142092,0.0,0.0,N,
2026-04-20,48,74.25,-67.27383275468975,0.0,0.0,N,
2026-04-21,1,90.78,92.04634576719576,0.0,0.0,P,90.78
2026-04-21,2,74.2,-29.976702647907647,0.0,0.0,N,
2026-04-21,3,74.25,-110.38161424603176,0.0,0.0,N,
2026-04-21,4,74.25,-103.70207791666668,0.0,0.0,N,
2026-04-21,5,110.0,36.84671484973156,0.0,0.0,P,110.0
2026-04-21,6,74.21,-66.11331922619047,0.0,0.0,N,
2026-04-21,7,74.21,-50.45179249039359,0.0,0.0,N,
2026-04-21,8,81.61,109.86950118589743,0.0,0.0,P,81.61
2026-04-21,9,85.75,490.01232278061906,0.0,0.0,P,85.75
2026-04-21,10,121.5,99.48974869708996,0.0,0.0,P,
2026-04-21,11,121.5,185.6865476190476,0.0,0.0,P,
2026-04-21,12,129.0,30.86819402488426,0.0,0.0,P,
2026-04-21,13,133.0,282.94381273809523,0.0,0.0,P,
2026-04-21,14,136.0,563.8615025925926,0.0,0.0,P,
2026-04-21,15,136.0,556.1975200462963,0.0,0.0,P,
2026-04-21,16,136.0,525.4449102373018,0.0,0.0,P,
2026-04-21,17,136.0,683.3520453751804,0.0,0.0,P,
2026-04-21,18,133.0,568.4583323611112,0.0,0.0,P,
2026-04-21,19,131.0,535.1937987497092,0.0,0.0,P,
2026-04-21,20,128.9,428.6084169128758,0.0,0.0,P,
2026-04-21,21,69.23102343539196,-9.554181430023148,0.0,0.0,N,
2026-04-21,22,57.31,-440.8843285582319,0.0,0.0,N,
2026-04-21,23,50.04,-214.0186872538803,0.0,0.0,N,
2026-04-21,24,39.9,-285.8763084743069,0.0,0.0,N,
2026-04-21,25,33.31,-541.9212008417499,0.0,0.0,N,
2026-04-21,26,25.0,-306.7684867681197,0.0,0.0,N,
2026-04-21,27,15.11,-328.3496510176845,0.0,0.0,N,
2026-04-21,28,-29.002198231102124,-649.6668762684085,0.0,0.0,N,
2026-04-21,29,-73.34,-952.4319591053172,0.0,0.0,N,
2026-04-21,30,-83.99,-1234.2681969278049,0.0,0.0,N,
2026-04-21,31,-71.11,-752.0834777030074,0.0,0.0,N,
2026-04-21,32,-40.0,-605.6038509273677,0.0,0.0,N,
2026-04-21,33,38.0,-150.46783792328043,0.0,0.0,N,
2026-04-21,34,40.0,-42.84635165228777,0.0,0.0,N,
2026-04-21,35,50.0,-55.66724217262555,0.0,0.0,N,
2026-04-21,36,134.0,87.99062686507936,0.0,0.0,P,
2026-04-21,37,100.0,8.863042568172057,0.0,0.0,P,
2026-04-21,38,149.8,199.5189319197932,0.0,0.0,P,
2026-04-21,39,149.8,213.970835370375,0.0,0.0,P,
2026-04-21,40,73.0,-53.716745352976005,0.0,0.0,N,
2026-04-21,41,113.53,8.498055833333334,0.0,0.0,P,
2026-04-21,42,154.5,296.9863399503722,0.0,0.0,P,
2026-04-21,43,149.8,198.1178167777778,0.0,0.0,P,
2026-04-21,44,149.8,165.23035611111112,0.0,0.0,P,
2026-04-21,45,73.0,-254.84059836805557,0.0,0.0,N,
2026-04-21,46,73.0,-268.17468430555556,0.0,0.0,N,
2026-04-21,47,69.35,-357.17848242149756,0.0,0.0,N,
2026-04-21,48,70.09,-320.6730579563492,0.0,0.0,N,
2026-04-22,1,75.02,-283.97595989028946,0.0,0.0,N,
2026-04-22,2,73.06977777777777,-365.08637053391055,0.0,0.0,N,
2026-04-22,3,70.93013333333333,-240.27034035714289,0.0,0.0,N,
2026-04-22,4,76.99009900990099,-119.30267797619048,0.0,0.0,N,
2026-04-22,5,73.62,-79.89242282430213,0.0,0.0,N,
2026-04-22,6,74.9,105.74919550218938,0.0,0.0,P,74.9
2026-04-22,7,73.38,10.748080277777778,0.0,0.0,P,73.38
2026-04-22,8,70.46,-147.18789881944446,0.0,0.0,N,
2026-04-22,9,66.2,-293.72691092185096,0.0,0.0,N,
2026-04-22,10,71.84688808302117,-110.79260787878788,0.0,0.0,N,
2026-04-22,11,96.48,295.3186199933862,0.0,0.0,P,96.48
2026-04-22,12,69.92,-348.7093014637051,0.0,0.0,N,
2026-04-22,13,129.37,129.08936369047618,0.0,0.0,P,129.37
2026-04-22,14,134.09230947885908,424.7869789035088,0.0,0.0,P,134.056
2026-04-22,15,100.1,22.419876721186252,0.0,0.0,P,
2026-04-22,16,101.66,60.80416666666667,0.0,0.0,P,101.66
2026-04-22,17,51.03,-239.09166666666667,0.0,0.0,N,
2026-04-22,18,51.03,-94.1444585691048,0.0,0.0,N,
2026-04-22,19,50.11,62.453472222222224,0.0,0.0,P,50.11
2026-04-22,20,30.61,140.2465523611111,0.0,0.0,P,30.61
2026-04-22,21,-6.06,-254.7111111111111,0.0,0.0,N,
2026-04-22,22,-6.06,-256.74690875,0.0,0.0,N,
2026-04-22,23,-9.18,-309.69999990384616,0.0,0.0,N,
2026-04-22,24,-10.0,-390.74583333333334,0.0,0.0,N,
2026-04-22,25,-20.22,-395.5447222222222,0.0,0.0,N,
2026-04-22,26,-21.54,-467.8509245576131,0.0,0.0,N,
2026-04-22,27,-21.92,-245.52340597222224,0.0,0.0,N,
2026-04-22,28,-27.5,-434.98326741716994,0.0,0.0,N,
2026-04-22,29,-30.84,-666.6792010317461,0.0,0.0,N,
2026-04-22,30,-82.42,-738.22882479234,0.0,0.0,N,
2026-04-22,31,-40.0,-452.37194444444447,0.0,0.0,N,
2026-04-22,32,-27.5,-322.4213888888889,0.0,0.0,N,
2026-04-22,33,115.0,14.22888888888889,0.0,0.0,P,
2026-04-22,34,146.29213834359877,381.05570013629506,0.0,0.0,P,145.70833333333334
2026-04-22,35,149.0,96.64011789021164,0.0,0.0,P,
2026-04-22,36,149.0,102.4473082010582,0.0,0.0,P,
2026-04-22,37,140.0,201.3272634325397,0.0,0.0,P,
2026-04-22,38,149.0,525.9551478186274,0.0,0.0,P,
2026-04-22,39,135.0,238.90840555555556,0.0,0.0,P,
2026-04-22,40,140.0,318.40649305555553,0.0,0.0,P,
2026-04-22,41,88.1,-59.96667402777778,0.0,0.0,N,
2026-04-22,42,140.0,44.76166680555555,0.0,0.0,P,
2026-04-22,43,88.51,-20.91629950617284,0.0,0.0,N,
2026-04-22,44,73.0,-443.7361728946517,0.0,0.0,N,
2026-04-22,45,140.0,163.5627926845377,0.0,0.0,P,
2026-04-22,46,140.0,114.25438427316644,0.0,0.0,P,140.0
2026-04-22,47,78.92,-54.4991403030303,0.0,0.0,N,
2026-04-22,48,88.51,-17.831232667857908,0.0,0.0,N,
2026-04-23,1,86.48,67.72308368589744,0.0,0.0,P,86.48
2026-04-23,2,81.64,-98.41667083333331,0.0,0.0,N,
2026-04-23,3,70.32,-122.39368964646464,0.0,0.0,N,
2026-04-23,4,88.94,104.77496172077922,0.0,0.0,P,88.94
2026-04-23,5,86.45,-112.9774317063492,0.0,0.0,N,
2026-04-23,6,86.22,-103.45272281691923,0.0,0.0,N,
2026-04-23,7,75.68,-175.7799603174603,0.0,0.0,N,
2026-04-23,8,66.0,-189.97976428571428,0.0,0.0,N,
2026-04-23,9,65.0,-146.25818942908307,0.0,0.0,N,
2026-04-23,10,81.81,-18.860725855119824,0.0,0.0,N,
2026-04-23,11,68.44568961162614,-69.87618880952381,0.0,0.0,N,
2026-04-23,12,105.09,180.71785714285716,0.0,0.0,P,105.09
2026-04-23,13,133.85,304.98366625,0.0,0.0,P,133.85
2026-04-23,14,157.0,234.31947852411477,0.0,0.0,P,157.0
2026-04-23,15,157.0,162.11225285714286,0.0,0.0,P,
2026-04-23,16,114.35,106.03818321428572,0.0,0.0,P,
2026-04-23,17,169.3,652.0338567766422,0.0,0.0,P,169.3
2026-04-23,18,159.4,351.1168744737103,0.0,0.0,P,
2026-04-23,19,160.9446248634361,176.21060077731747,0.0,0.0,P,
2026-04-23,20,66.0,-162.48208555555556,0.0,0.0,N,
2026-04-23,21,76.9,-48.83,0.0,0.0,N,
2026-04-23,22,76.9,-34.06388888888889,0.0,0.0,N,
2026-04-23,23,113.6,86.79833638888888,0.0,0.0,P,
2026-04-23,24,114.0,158.39437819444444,0.0,0.0,P,
2026-04-23,25,114.0,320.39722222222224,0.0,0.0,P,114.0
2026-04-23,26,114.0,222.74166805555555,0.0,0.0,P,114.0
2026-04-23,27,114.0,258.2583323611111,0.0,0.0,P,114.0
2026-04-23,28,114.0,305.8833333333333,0.0,0.0,P,114.0
2026-04-23,29,109.6,78.50263069444445,0.0,0.0,P,
2026-04-23,30,109.6,68.5279738888889,0.0,0.0,P,
2026-04-23,31,114.0,318.8065362896825,0.0,0.0,P,
2026-04-23,32,113.75,115.69166666666666,0.0,0.0,P,
2026-04-23,33,72.0,-109.1847595553889,0.0,0.0,N,
2026-04-23,34,109.6,12.624120833333333,0.0,0.0,P,
2026-04-23,35,109.6,55.682346148238494,0.0,0.0,P,
2026-04-23,36,139.0,87.32654611659665,0.0,0.0,P,
2026-04-23,37,97.87,-5.66403384920635,0.0,0.0,N,
2026-04-23,38,139.0,306.81666583333333,0.0,0.0,P,139.0
2026-04-23,39,139.0,293.7538249498747,0.0,0.0,P,139.0
2026-04-23,40,140.0,175.75833333333333,0.0,0.0,P,140.0
2026-04-23,41,132.75,149.5,0.0,0.0,P,132.75
2026-04-23,42,145.0,215.6026547222222,0.0,0.0,P,
2026-04-23,43,142.0,492.7750402777778,0.0,0.0,P,
2026-04-23,44,140.0,356.80239572733916,0.0,0.0,P,
2026-04-23,45,124.74667378235203,67.89194444444445,0.0,0.0,P,124.72
2026-04-23,46,87.09,-5.818486296296296,0.0,0.0,N,
2026-04-23,47,82.0,-112.87799875541126,0.0,0.0,N,
2026-04-23,48,82.35,-61.08459595959596,0.0,0.0,N,
2026-04-24,1,92.6,216.9346175042795,0.0,0.0,P,92.6
2026-04-24,2,96.7,198.73085725957048,0.0,0.0,P,96.7
2026-04-24,3,80.01,-163.29401837912087,0.0,0.0,N,
2026-04-24,4,88.59,-80.12257936507936,0.0,0.0,N,
2026-04-24,5,90.81,1.7670238095238096,0.0,0.0,P,90.81
2026-04-24,6,89.81,197.12439961871465,0.0,0.0,P,89.81
2026-04-24,7,84.91,-40.54171713934214,0.0,0.0,N,
2026-04-24,8,80.65,-41.544860185185186,0.0,0.0,N,
2026-04-24,9,80.75,-124.09631636881636,0.0,0.0,N,
2026-04-24,10,80.75,-103.18957786519036,0.0,0.0,N,
2026-04-24,11,80.75,-282.60022925925927,0.0,0.0,N,
2026-04-24,12,96.91,55.80833611111111,0.0,0.0,P,96.91
2026-04-24,13,123.47,116.23173694444444,0.0,0.0,P,123.47
2026-04-24,14,122.61,49.60277282910628,0.0,0.0,P,122.61
2026-04-24,15,80.77,-6.2446311111111115,0.0,0.0,N,
2026-04-24,16,136.85560190243064,3.1178601388888887,0.0,0.0,P,
2026-04-24,17,87.47,-25.459373333333332,0.0,0.0,N,
2026-04-24,18,87.48,-56.91780083333333,0.0,0.0,N,
2026-04-24,19,80.78,-84.21782898809523,0.0,0.0,N,
2026-04-24,20,101.89,26.656077957393485,0.0,0.0,P,101.89
2026-04-24,21,80.79,-81.86495378503105,0.0,0.0,N,
2026-04-24,22,80.79,-31.47389970043573,0.0,0.0,N,
2026-04-24,23,120.0,429.72146733096105,0.0,0.0,P,
2026-04-24,24,134.83,536.156755243378,0.0,0.0,P,134.83
2026-04-24,25,120.0,353.47627651960784,0.0,0.0,P,
2026-04-24,26,78.1,-8.675014444444445,0.0,0.0,N,
2026-04-24,27,74.1,-25.383333333333333,0.0,0.0,N,
2026-04-24,28,75.0,-28.60195773148148,0.0,0.0,N,
2026-04-24,29,120.0,436.63755422839506,0.0,0.0,P,
2026-04-24,30,99.48,112.125,0.0,0.0,P,99.48
2026-04-24,31,118.9,117.74166666666666,0.0,0.0,P,118.9
2026-04-24,32,79.0,-79.69212166666667,0.0,0.0,N,
2026-04-24,33,150.0,37.78125,0.0,0.0,P,
2026-04-24,34,92.63,-66.51622145743146,0.0,0.0,N,
2026-04-24,35,93.32,-60.77808363095238,0.0,0.0,N,
2026-04-24,36,94.28,-140.58028071428572,0.0,0.0,N,
2026-04-24,37,136.0,2.8944562003968253,0.0,0.0,P,
2026-04-24,38,136.0,38.086813511904765,0.0,0.0,P,
2026-04-24,39,136.0,14.759130555555556,0.0,0.0,P,
2026-04-24,40,129.0,14.294176080246912,0.0,0.0,P,
2026-04-24,41,129.0,46.23747547191697,0.0,0.0,P,
2026-04-24,42,129.0,42.566670277777774,0.0,0.0,P,
2026-04-24,43,129.0,17.0,0.0,0.0,P,
2026-04-24,44,129.0,3.924020545843046,0.0,0.0,P,
2026-04-24,45,96.2,-36.237444583333335,0.0,0.0,N,
2026-04-24,46,103.32,139.7247445014245,0.0,0.0,P,103.32
2026-04-24,47,107.79,49.18333333333333,0.0,0.0,P,107.79
2026-04-24,48,103.9,97.825,0.0,0.0,P,103.9
2026-04-25,1,95.67,-3.0083333333333333,0.0,0.0,N,
2026-04-25,2,105.36,34.766666666666666,0.0,0.0,P,105.36
2026-04-25,3,113.07,281.61296296296297,0.0,0.0,P,113.07
2026-04-25,4,115.87,281.0466666666667,0.0,0.0,P,115.87
2026-04-25,5,88.88,-43.78333333333333,0.0,0.0,N,
2026-04-25,6,104.64,86.4425,0.0,0.0,P,104.64
2026-04-25,7,86.0,-35.19734848484848,0.0,0.0,N,
2026-04-25,8,81.9,-34.015151515151516,0.0,0.0,N,
2026-04-25,9,106.62,84.09476031215162,0.0,0.0,P,106.62
2026-04-25,10,87.44,40.695454545454545,0.0,0.0,P,87.44
2026-04-25,11,88.46,96.58200280112044,0.0,0.0,P,88.46
2026-04-25,12,93.21,171.85,0.0,0.0,P,93.21
2026-04-25,13,94.4,12.772222222222222,0.0,0.0,P,94.4
2026-04-25,14,97.53,39.09761904761905,0.0,0.0,P,97.53
2026-04-25,15,82.66,-121.02103174603177,0.0,0.0,N,
2026-04-25,16,82.66,-77.53492063492064,0.0,0.0,N,
2026-04-25,17,82.25,-47.242981666666665,0.0,0.0,N,
2026-04-25,18,82.25,-88.34999555555555,0.0,0.0,N,
2026-04-25,19,116.22,249.775135,0.0,0.0,P,116.22
2026-04-25,20,109.02,176.07958765231834,0.0,0.0,P,109.02
2026-04-25,21,154.0,381.82270246527776,0.0,0.0,P,
2026-04-25,22,154.0,530.6115776388889,0.0,0.0,P,
2026-04-25,23,125.0,196.38856383680556,0.0,0.0,P,125.0
2026-04-25,24,130.0,220.98783402777775,0.0,0.0,P,
2026-04-25,25,116.01891916225723,26.26309523809524,0.0,0.0,P,113.42333333333332
2026-04-25,26,109.9,150.6163492063492,0.0,0.0,P,109.9
2026-04-25,27,109.9,75.67723964646464,0.0,0.0,P,109.9
2026-04-25,28,130.0,144.3875,0.0,0.0,P,
2026-04-25,29,130.0,396.96303204545455,0.0,0.0,P,
2026-04-25,30,73.12,-97.26212297979798,0.0,0.0,N,
2026-04-25,31,83.53,-2.5279349145299146,0.0,0.0,N,
2026-04-25,32,40.0,-733.9304708796296,0.0,0.0,N,
2026-04-25,33,60.0,-140.6942420467647,0.0,0.0,N,
2026-04-25,34,70.0,-245.87582105555555,0.0,0.0,N,
2026-04-25,35,82.25,-223.07129944444443,0.0,0.0,N,
2026-04-25,36,130.3119755808707,140.92625745263695,0.0,0.0,P,129.84318055555556
2026-04-25,37,129.16,32.276350514255334,0.0,0.0,P,
2026-04-25,38,129.29,100.9106474537037,0.0,0.0,P,129.29
2026-04-25,39,138.0,70.5324074074074,0.0,0.0,P,138.0
2026-04-25,40,138.0,165.75,0.0,0.0,P,138.0
2026-04-25,41,103.0,-15.800416666666669,0.0,0.0,N,
2026-04-25,42,103.01,-23.666665555555557,0.0,0.0,N,
2026-04-25,43,130.92,132.50299972222223,0.0,0.0,P,130.92
2026-04-25,44,97.57,-22.35,0.0,0.0,N,
2026-04-25,45,126.91,165.96964708333334,0.0,0.0,P,126.91
2026-04-25,46,91.55,-15.00324211988304,0.0,0.0,N,
2026-04-25,47,79.46,-156.8098311546841,0.0,0.0,N,
2026-04-25,48,77.58,-129.38333333333333,0.0,0.0,N,
2026-04-26,1,104.87,1.024166666666667,0.0,0.0,P,
2026-04-26,2,113.4396809810754,27.508333333333333,0.0,0.0,P,
2026-04-26,3,109.54,16.591666666666665,0.0,0.0,P,
2026-04-26,4,79.45,-22.850513333333332,0.0,0.0,N,
2026-04-26,5,80.63,-42.48166666666667,0.0,0.0,N,
2026-04-26,6,81.15,-65.09259439814815,0.0,0.0,N,
2026-04-26,7,89.14,-4.417685982152777,0.0,0.0,N,
2026-04-26,8,81.15,-120.54833333333332,0.0,0.0,N,
2026-04-26,9,92.4,26.835897306104545,0.0,0.0,P,92.4
2026-04-26,10,92.9,50.75652888888889,0.0,0.0,P,92.9
2026-04-26,11,96.95,54.647653674863385,0.0,0.0,P,96.95
2026-04-26,12,96.39,94.76562416666668,0.0,0.0,P,96.39
2026-04-26,13,120.0,99.0014175,0.0,0.0,P,
2026-04-26,14,97.41,133.6140873015873,0.0,0.0,P,97.41
2026-04-26,15,81.83,-130.21825396825398,0.0,0.0,N,
2026-04-26,16,77.34,-128.90349416666666,0.0,0.0,N,
2026-04-26,17,93.38,5.9273482993691955,0.0,0.0,P,93.38
2026-04-26,18,91.63,78.80357166666667,0.0,0.0,P,91.63
2026-04-26,19,94.52,48.99154220949958,0.0,0.0,P,94.52
2026-04-26,20,77.65,-167.28150787037038,0.0,0.0,N,
2026-04-26,21,73.9,-312.8076986111111,0.0,0.0,N,
2026-04-26,22,73.67,-285.7857227777778,0.0,0.0,N,
2026-04-26,23,68.54,-135.23020527777777,0.0,0.0,N,
2026-04-26,24,84.0,13.585073472222222,0.0,0.0,P,84.0
2026-04-26,25,101.49374596554571,15.21666875,0.0,0.0,P,
2026-04-26,26,110.0,216.71555833333332,0.0,0.0,P,
2026-04-26,27,114.0,135.58759433333333,0.0,0.0,P,
2026-04-26,28,107.22,295.74070409982176,0.0,0.0,P,
2026-04-26,29,155.0,143.24078282828282,0.0,0.0,P,155.0
2026-04-26,30,117.2538491760714,96.57281140151515,0.0,0.0,P,117.12416666666668
2026-04-26,31,120.0,207.56878830862976,0.0,0.0,P,
2026-04-26,32,115.0,92.10833333333332,0.0,0.0,P,
2026-04-26,33,128.33,154.26693680555556,0.0,0.0,P,
2026-04-26,34,128.33,166.3779347689702,0.0,0.0,P,
2026-04-26,35,136.75,298.1641666666667,0.0,0.0,P,136.75
2026-04-26,36,136.75,25.994107142857143,0.0,0.0,P,
2026-04-26,37,169.0,268.71652714285716,0.0,0.0,P,
2026-04-26,38,136.75,82.09523742435734,0.0,0.0,P,
2026-04-26,39,136.75,46.833333333333336,0.0,0.0,P,
2026-04-26,40,136.75,141.49916555555555,0.0,0.0,P,
2026-04-26,41,96.67,-232.44015,0.0,0.0,N,
2026-04-26,42,95.77226005103915,-22.34167099206349,0.0,0.0,N,
2026-04-26,43,94.82,-2.4833333333333334,0.0,0.0,N,
2026-04-26,44,88.92,-53.49166666666667,0.0,0.0,N,
2026-04-26,45,88.77,-9.57856976190476,0.0,0.0,N,
2026-04-26,46,82.05,-129.91566836309525,0.0,0.0,N,
2026-04-26,47,82.1,-34.86880958333333,0.0,0.0,N,
2026-04-26,48,116.17,57.420211944444446,0.0,0.0,P,
2026-04-27,1,130.0,72.90416666666667,0.0,0.0,P,
2026-04-27,2,114.06,146.5225,0.0,0.0,P,
2026-04-27,3,82.1,-14.880411944444443,0.0,0.0,N,
2026-04-27,4,82.2,-14.584166944444444,0.0,0.0,N,
2026-04-27,5,82.2,-20.391666944444445,0.0,0.0,N,
2026-04-27,6,82.1,-107.09583333333332,0.0,0.0,N,
2026-04-27,7,113.95,1.6251701510863368,0.0,0.0,P,
2026-04-27,8,82.19,-68.075,0.0,0.0,N,
2026-04-27,9,118.44339966011395,20.21698287037037,0.0,0.0,P,
2026-04-27,10,82.19,-128.99505065104168,0.0,0.0,N,
2026-04-27,11,139.0,144.07580555555555,0.0,0.0,P,
2026-04-27,12,130.0,32.27018030639731,0.0,0.0,P,
2026-04-27,13,93.25,-40.227958641975306,0.0,0.0,N,
2026-04-27,14,139.0,69.19182051587302,0.0,0.0,P,
2026-04-27,15,89.52,-6.2375,0.0,0.0,N,
2026-04-27,16,82.92,-59.64615277777778,0.0,0.0,N,
2026-04-27,17,82.25,-213.1882051282051,0.0,0.0,N,
2026-04-27,18,82.1,-416.5910353996312,0.0,0.0,N,
2026-04-27,19,82.21,-800.2515963203463,0.0,0.0,N,
2026-04-27,20,82.21,-571.4163881060116,0.0,0.0,N,
2026-04-27,21,82.21,-579.9694504501915,0.0,0.0,N,
2026-04-27,22,15.0,-545.8192460714286,0.0,0.0,N,
2026-04-27,23,15.0,-379.91329365079366,0.0,0.0,N,
2026-04-27,24,80.21,-41.111111111111114,0.0,0.0,N,
2026-04-27,25,80.21,-191.7125,0.0,0.0,N,80.21
2026-04-27,26,80.21,-115.22569444444444,0.0,0.0,N,80.21
2026-04-27,27,-3.01,-282.07208333333335,0.0,0.0,N,
2026-04-27,28,15.0,-2.9210864814814816,0.0,0.0,N,
2026-04-27,29,15.0,-21.522039166666666,0.0,0.0,N,
2026-04-27,30,100.0,35.108123194444445,0.0,0.0,P,
2026-04-27,31,45.29,-180.8926306624379,0.0,0.0,N,
2026-04-27,32,104.0,32.93516602288393,0.0,0.0,P,
2026-04-27,33,80.05,-7.480331541218638,0.0,0.0,N,
2026-04-27,34,113.0,187.44129260078145,0.0,0.0,P,
2026-04-27,35,115.19622512989604,290.14342407330935,0.0,0.0,P,
2026-04-27,36,140.0,351.6136260936041,0.0,0.0,P,
2026-04-27,37,147.28,581.4980669874135,0.0,0.0,P,
2026-04-27,38,147.44,642.3916666666667,0.0,0.0,P,
2026-04-27,39,147.03,273.14166666666665,0.0,0.0,P,
2026-04-27,40,140.0,104.99520602449223,0.0,0.0,P,
2026-04-27,41,87.8,-106.8001022782651,0.0,0.0,N,
2026-04-27,42,81.0,-65.51108918128655,0.0,0.0,N,
2026-04-27,43,80.5,-200.7477775,0.0,0.0,N,
2026-04-27,44,83.0,-70.10465583333334,0.0,0.0,N,
2026-04-27,45,124.0,37.17619047619048,0.0,0.0,P,
2026-04-27,46,124.0,31.0201908146592,0.0,0.0,P,
2026-04-27,47,122.0,67.12836216164544,0.0,0.0,P,
2026-04-27,48,82.83,-97.88750277777778,0.0,0.0,N,
2026-04-28,1,79.89,-353.43079435185183,0.0,0.0,N,
2026-04-28,2,77.5,-425.85591885802467,0.0,0.0,N,
2026-04-28,3,78.24,-348.8594712301587,0.0,0.0,N,
2026-04-28,4,80.41,-25.752395416666666,0.0,0.0,N,
2026-04-28,5,73.16879470178574,-297.12985073329446,0.0,0.0,N,
2026-04-28,6,80.41,-26.345088319115096,0.0,0.0,N,
2026-04-28,7,66.51,-340.3742463888889,0.0,0.0,N,
2026-04-28,8,65.21,-410.52538482323234,0.0,0.0,N,
2026-04-28,9,65.21,-487.31230817375786,0.0,0.0,N,
2026-04-28,10,65.21,-376.6798217725296,0.0,0.0,N,
2026-04-28,11,65.21,-316.7115667784032,0.0,0.0,N,
2026-04-28,12,65.21,-323.9733974358974,0.0,0.0,N,
2026-04-28,13,69.43,-288.41611712962964,0.0,0.0,N,
2026-04-28,14,71.56,-286.83266906605974,0.0,0.0,N,
2026-04-28,15,73.4,-256.38159722222224,0.0,0.0,N,
2026-04-28,16,116.14,42.39433885683761,0.0,0.0,P,
2026-04-28,17,132.0,98.58166666666666,0.0,0.0,P,
2026-04-28,18,132.0,81.89115494505495,0.0,0.0,P,
2026-04-28,19,132.0,137.44497308699633,0.0,0.0,P,
2026-04-28,20,135.0,185.37368597222223,0.0,0.0,P,
2026-04-28,21,135.0,136.5159798611111,0.0,0.0,P,
2026-04-28,22,135.0,367.2282043055555,0.0,0.0,P,
2026-04-28,23,135.0,252.94003583333333,0.0,0.0,P,
2026-04-28,24,135.0,346.4673945833333,0.0,0.0,P,
2026-04-28,25,135.0,352.96893430555554,0.0,0.0,P,
2026-04-28,26,135.0,388.7399637301587,0.0,0.0,P,
2026-04-28,27,135.0,409.5592550616688,0.0,0.0,P,
2026-04-28,28,120.0,360.871579920635,0.0,0.0,P,
2026-04-28,29,120.0,364.1124755753968,0.0,0.0,P,
2026-04-28,30,120.0,412.8004272222222,0.0,0.0,P,
2026-04-28,31,114.0,192.6757298639861,0.0,0.0,P,
2026-04-28,32,115.4,227.74251055926956,0.0,0.0,P,
2026-04-28,33,83.81,-173.58042536757986,0.0,0.0,N,
2026-04-28,34,77.0,-126.10154421296296,0.0,0.0,N,
2026-04-28,35,81.0,-236.50287250015535,0.0,0.0,N,
2026-04-28,36,85.0,-164.61431854166668,0.0,0.0,N,
2026-04-28,37,113.0,81.78265347222222,0.0,0.0,P,
2026-04-28,38,118.0,7.280555555555556,0.0,0.0,P,
2026-04-28,39,100.0,-8.832043136446886,0.0,0.0,N,
2026-04-28,40,119.98,29.926701431623933,0.0,0.0,P,
2026-04-28,41,121.11,102.12734976478497,0.0,0.0,P,121.11
2026-04-28,42,110.26,49.29650669873609,0.0,0.0,P,110.26
2026-04-28,43,99.81,118.11374282635352,0.0,0.0,P,99.81
2026-04-28,44,118.05589599505676,305.9644831175391,0.0,0.0,P,117.121195808
2026-04-28,45,94.62,50.936886059322035,0.0,0.0,P,94.62
2026-04-28,46,89.28,130.0859052165725,0.0,0.0,P,89.28
2026-04-28,47,84.23,167.11634972222222,0.0,0.0,P,84.23
2026-04-28,48,96.83,246.65525751984129,0.0,0.0,P,96.83
2026-04-29,1,97.86169461209305,433.9291666666667,0.0,0.0,P,97.68125
2026-04-29,2,106.30228078674229,456.74305555555554,0.0,0.0,P,105.89133333333334
2026-04-29,3,136.0,791.2507617424243,0.0,0.0,P,136.0
2026-04-29,4,110.45,832.7701854627912,0.0,0.0,P,110.45
2026-04-29,5,109.1712463610226,1011.6548359722224,0.0,0.0,P,109.00425
2026-04-29,6,108.15,555.9933333333333,0.0,0.0,P,108.15
2026-04-29,7,99.7,200.42224555555555,0.0,0.0,P,99.7
2026-04-29,8,96.53210198283462,96.58644194444445,0.0,0.0,P,95.61275984064514
2026-04-29,9,95.02,154.05075930555554,0.0,0.0,P,95.02
2026-04-29,10,95.56,254.43056680555551,0.0,0.0,P,95.56
2026-04-29,11,125.0,705.9833333333333,0.0,0.0,P,125.0
2026-04-29,12,125.0,204.0833037037037,0.0,0.0,P,125.0
2026-04-29,13,126.0,452.8128941053391,0.0,0.0,P,126.0
2026-04-29,14,126.0,445.94520044094793,0.0,0.0,P,126.0
2026-04-29,15,126.0,406.9777065892911,0.0,0.0,P,126.0
2026-04-29,16,135.0,398.23483854166665,0.0,0.0,P,
2026-04-29,17,125.0,248.05604476471808,0.0,0.0,P,
2026-04-29,18,65.32,-27.70972040673289,0.0,0.0,N,
2026-04-29,19,32.0,-59.00999971401578,0.0,0.0,N,
2026-04-29,20,119.0,88.95051923397406,0.0,0.0,P,
2026-04-29,21,120.0,212.70338569444445,0.0,0.0,P,
2026-04-29,22,126.0,551.1416645075758,0.0,0.0,P,126.0
2026-04-29,23,120.0,313.25,0.0,0.0,P,
2026-04-29,24,120.0,266.4416651388889,0.0,0.0,P,
2026-04-29,25,5.44,-199.0316698809524,0.0,0.0,N,
2026-04-29,26,15.11,-66.7734886111111,0.0,0.0,N,
2026-04-29,27,120.0,3.80230827991453,0.0,0.0,P,
2026-04-29,28,120.0,44.93860375,0.0,0.0,P,
2026-04-29,29,120.0,146.5800911111111,0.0,0.0,P,
2026-04-29,30,11.68,-75.71647194444445,0.0,0.0,N,
2026-04-29,31,120.0,81.24066625,0.0,0.0,P,
2026-04-29,32,15.85,-167.6796866741407,0.0,0.0,N,
2026-04-29,33,120.0,21.9181530317886,0.0,0.0,P,
2026-04-29,34,24.2,-218.4769648056084,0.0,0.0,N,
2026-04-29,35,55.88,-136.8225056728867,0.0,0.0,N,
2026-04-29,36,120.0,23.91857473873349,0.0,0.0,P,
2026-04-29,37,127.8,116.70451388888888,0.0,0.0,P,
2026-04-29,38,97.39,-6.556242916666666,0.0,0.0,N,
2026-04-29,39,129.3,395.4500025,0.0,0.0,P,
2026-04-29,40,127.8,179.01427972789187,0.0,0.0,P,
2026-04-29,41,127.8,450.25833180555554,0.0,0.0,P,
2026-04-29,42,120.0,23.64166611111111,0.0,0.0,P,
2026-04-29,43,127.8,222.72083305555552,0.0,0.0,P,
2026-04-29,44,127.8,191.44212416666667,0.0,0.0,P,
2026-04-29,45,78.65,-10.156952509002975,0.0,0.0,N,
2026-04-29,46,127.8,135.9317467321312,0.0,0.0,P,
2026-04-29,47,69.82,-60.54913970959596,0.0,0.0,N,
2026-04-29,48,106.2,142.82246111111112,0.0,0.0,P,106.2
2026-04-30,1,86.12,304.5813154340278,0.0,0.0,P,86.12
2026-04-30,2,101.06160888653122,169.08876867971887,0.0,0.0,P,99.84845317216508
2026-04-30,3,85.28326715231263,68.15735862654167,0.0,0.0,P,85.24117647058823
2026-04-30,4,92.51,142.3814312923287,0.0,0.0,P,92.51
2026-04-30,5,54.48,-15.218009583333334,0.0,0.0,N,
2026-04-30,6,43.73,-102.28716638888888,0.0,0.0,N,
2026-04-30,7,50.5,-52.70277236111111,0.0,0.0,N,
2026-04-30,8,43.74,-102.7,0.0,0.0,N,
2026-04-30,9,30.33,-73.8,0.0,0.0,N,
2026-04-30,10,30.33,-102.5,0.0,0.0,N,
2026-04-30,11,75.0,-82.21666666666667,0.0,0.0,N,
2026-04-30,12,65.83,88.66749458333334,0.0,0.0,P,65.83
2026-04-30,13,137.85,425.0157834126984,0.0,0.0,P,137.85
2026-04-30,14,150.0,635.0547066182613,0.0,0.0,P,
2026-04-30,15,137.85,311.5868102935748,0.0,0.0,P,
2026-04-30,16,136.9,165.05000218142982,0.0,0.0,P,
2026-04-30,17,137.85,154.9347797136231,0.0,0.0,P,
2026-04-30,18,0.37,-285.3040815860127,0.0,0.0,N,
2026-04-30,19,-9.4,-290.06484462712297,0.0,0.0,N,
2026-04-30,20,-14.02,-374.96649041224816,0.0,0.0,N,
2026-04-30,21,-19.56,-636.2485750085456,0.0,0.0,N,
2026-04-30,22,-21.64,-294.00835269292264,0.0,0.0,N,
2026-04-30,23,-25.0,-439.96276430727545,0.0,0.0,N,
2026-04-30,24,-22.0,-413.7830308314766,0.0,0.0,N,
2026-04-30,25,-28.14,-994.4727777777778,0.0,0.0,N,
2026-04-30,26,-28.350133333333332,-1036.3702358333333,0.0,0.0,N,
2026-04-30,27,-24.53,-641.2549348611111,0.0,0.0,N,
2026-04-30,28,-25.44,-800.2545636111112,0.0,0.0,N,
2026-04-30,29,-20.0,-148.1186739167277,0.0,0.0,N,
2026-04-30,30,-33.29620103284542,-348.36307051313776,0.0,0.0,N,
2026-04-30,31,-33.22,-907.3364319444444,0.0,0.0,N,
2026-04-30,32,-33.22,-883.8240130240872,0.0,0.0,N,
2026-04-30,33,-30.24,-718.638161632271,0.0,0.0,N,
2026-04-30,34,-14.02,-445.4135142536037,0.0,0.0,N,
2026-04-30,35,112.9,11.62388414930477,0.0,0.0,P,
2026-04-30,36,112.9,85.6235913982684,0.0,0.0,P,
2026-04-30,37,137.9,199.76956117346936,0.0,0.0,P,
2026-04-30,38,95.23398708895886,-60.936078468906736,0.0,0.0,N,95.43395553347744
2026-04-30,39,139.5676696347321,71.32458056157635,0.0,0.0,P,
2026-04-30,40,141.25,226.90405900089607,0.0,0.0,P,
2026-04-30,41,138.09,46.511663546626984,0.0,0.0,P,
2026-04-30,42,138.08,70.86929541666667,0.0,0.0,P,
2026-04-30,43,100.5078363527792,-25.082734265873015,0.0,0.0,N,103.53369333333332
2026-04-30,44,101.6,-333.9123058730159,0.0,0.0,N,101.6
2026-04-30,45,69.73178185923267,-523.4910565277778,0.0,0.0,N,70.53625
2026-04-30,46,88.59,-49.41829289141414,0.0,0.0,N,88.59
2026-04-30,47,105.72,209.0578889537037,0.0,0.0,P,
2026-04-30,48,116.9,27.96234527777778,0.0,0.0,P,
2026-05-01,1,72.0,-206.05347852983536,0.0,0.0,N,
2026-05-01,2,95.2,39.04843972222222,0.0,0.0,P,
2026-05-01,3,75.06,-117.46666208333332,0.0,0.0,N,
2026-05-01,4,72.85,-180.7699305290496,0.0,0.0,N,
2026-05-01,5,73.08,-152.61756827380952,0.0,0.0,N,
2026-05-01,6,75.67,-88.41049278000594,0.0,0.0,N,
2026-05-01,7,76.03013333333334,-140.25614166666668,0.0,0.0,N,
2026-05-01,8,74.8,-200.75,0.0,0.0,N,
2026-05-01,9,72.83,-381.4208316666667,0.0,0.0,N,
2026-05-01,10,78.58,-105.9601375,0.0,0.0,N,
2026-05-01,11,77.0,-225.46361523326388,0.0,0.0,N,
2026-05-01,12,92.33,21.423316352813853,0.0,0.0,P,92.33
2026-05-01,13,96.17,284.5441098611111,0.0,0.0,P,96.17
2026-05-01,14,144.0,102.96314166666669,0.0,0.0,P,
2026-05-01,15,144.0,44.62079799733238,0.0,0.0,P,
2026-05-01,16,95.01,-51.852564107142854,0.0,0.0,N,
2026-05-01,17,145.6,140.07777736111112,0.0,0.0,P,
2026-05-01,18,145.6,24.387797063492066,0.0,0.0,P,
2026-05-01,19,145.6,81.58952255960347,0.0,0.0,P,
2026-05-01,20,145.6,456.1007142857143,0.0,0.0,P,145.6
2026-05-01,21,145.6,299.9726173314851,0.0,0.0,P,145.6
2026-05-01,22,145.6,10.722190277777775,0.0,0.0,P,
2026-05-01,23,85.15,-28.53241138888889,0.0,0.0,N,
2026-05-01,24,145.6,47.443353333333334,0.0,0.0,P,
2026-05-01,25,80.32,-10.898808513284102,0.0,0.0,N,
2026-05-01,26,116.9,105.24166736111113,0.0,0.0,P,
2026-05-01,27,113.0,277.21205691394374,0.0,0.0,P,
2026-05-01,28,111.43,89.84030146296297,0.0,0.0,P,
2026-05-01,29,117.9,455.6909882251698,0.0,0.0,P,
2026-05-01,30,113.0,123.58880561148818,0.0,0.0,P,
2026-05-01,31,0.05,-57.25658089181287,0.0,0.0,N,
2026-05-01,32,128.0,163.75787711538462,0.0,0.0,P,
2026-05-01,33,144.0,224.27109972504763,0.0,0.0,P,
2026-05-01,34,145.0,313.02079913999546,0.0,0.0,P,
2026-05-01,35,148.07,336.06058055555553,0.0,0.0,P,
2026-05-01,36,147.0,261.04854825757576,0.0,0.0,P,
2026-05-01,37,153.99,586.5039418055555,0.0,0.0,P,
2026-05-01,38,175.0,757.5963723611111,0.0,0.0,P,
2026-05-01,39,178.0,771.0212553467323,0.0,0.0,P,
2026-05-01,40,197.3311819375,1021.7934652182292,0.0,0.0,P,
2026-05-01,41,178.0,228.44863572887488,0.0,0.0,P,
2026-05-01,42,150.33,-29.7,0.0,0.0,N,150.33
2026-05-01,43,98.16,-84.78333333333333,0.0,0.0,N,98.16
2026-05-01,44,113.88,-83.10833333333333,0.0,0.0,N,113.88
2026-05-01,45,116.82,-18.224999145299144,0.0,0.0,N,116.82
2026-05-01,46,90.26,-134.59166666666667,0.0,0.0,N,
2026-05-01,47,89.44,-166.0556130642361,0.0,0.0,N,
2026-05-01,48,90.0,-143.1885777312715,0.0,0.0,N,
2026-05-02,1,89.5,-191.0083338888889,0.0,0.0,N,
2026-05-02,2,90.06,-61.048037083333334,0.0,0.0,N,
2026-05-02,3,101.48,134.09166666666667,0.0,0.0,P,101.48
2026-05-02,4,93.45,-36.00833375,0.0,0.0,N,
2026-05-02,5,99.84,119.91666597222222,0.0,0.0,P,99.84
2026-05-02,6,90.94,-1.1083333333333334,0.0,0.0,N,
2026-05-02,7,96.23,63.29585222222222,0.0,0.0,P,96.23
2026-05-02,8,97.3,114.3637449074074,0.0,0.0,P,97.3
2026-05-02,9,98.28,13.439286527777778,0.0,0.0,P,98.28
2026-05-02,10,87.78,-34.53334097222222,0.0,0.0,N,
2026-05-02,11,96.3,-24.6425025,0.0,0.0,N,
2026-05-02,12,84.3,-203.7586101157407,0.0,0.0,N,
2026-05-02,13,80.01,-276.6018888425926,0.0,0.0,N,
2026-05-02,14,80.01,-328.64027458333334,0.0,0.0,N,
2026-05-02,15,80.0,-371.08124549601854,0.0,0.0,N,
2026-05-02,16,80.01,-132.92169053418803,0.0,0.0,N,
2026-05-02,17,84.0,-159.2188054516115,0.0,0.0,N,
2026-05-02,18,80.0,-412.7372879273505,0.0,0.0,N,
2026-05-02,19,80.0,-182.00234126984128,0.0,0.0,N,
2026-05-02,20,80.0,-148.9891865079365,0.0,0.0,N,
2026-05-02,21,73.5,-54.57037037037037,0.0,0.0,N,
2026-05-02,22,67.73,-157.51000666666667,0.0,0.0,N,
2026-05-02,23,-24.0,-100.20828763888888,0.0,0.0,N,
2026-05-02,24,-24.0,-198.56666666666663,0.0,0.0,N,
2026-05-02,25,0.01,-257.57500180555553,0.0,0.0,N,
2026-05-02,26,0.01,-256.33333125,0.0,0.0,N,
2026-05-02,27,55.0,-252.08972222222224,0.0,0.0,N,
2026-05-02,28,55.0,-367.26375,0.0,0.0,N,
2026-05-02,29,0.01,-388.9595836706349,0.0,0.0,N,
2026-05-02,30,0.01,-165.75,0.0,0.0,N,
2026-05-02,31,113.0,48.849242424242426,0.0,0.0,P,113.0
2026-05-02,32,130.0,187.17083333333332,0.0,0.0,P,
2026-05-02,33,130.0,165.01998677083333,0.0,0.0,P,
2026-05-02,34,137.51,319.16274822751325,0.0,0.0,P,
2026-05-02,35,146.89,306.49678904892534,0.0,0.0,P,
2026-05-02,36,139.9,157.89991543650794,0.0,0.0,P,
2026-05-02,37,139.9,266.7408898015873,0.0,0.0,P,
2026-05-02,38,164.9,513.9098607458616,0.0,0.0,P,
2026-05-02,39,158.8,391.3477759722222,0.0,0.0,P,
2026-05-02,40,139.9,355.93333333333334,0.0,0.0,P,
2026-05-02,41,169.0,386.34649930555554,0.0,0.0,P,
2026-05-02,42,169.0,282.90833333333336,0.0,0.0,P,
2026-05-02,43,139.9,156.465,0.0,0.0,P,
2026-05-02,44,139.9,48.641666666666666,0.0,0.0,P,
2026-05-02,45,86.14,-180.49953703703704,0.0,0.0,N,
2026-05-02,46,139.9,79.54398400637666,0.0,0.0,P,
2026-05-02,47,105.35,478.426975,0.0,0.0,P,105.35
2026-05-02,48,110.76,706.6669582204861,0.0,0.0,P,110.76
2026-05-03,1,109.27,389.16874837398376,0.0,0.0,P,109.27
2026-05-03,2,106.92,83.08560300925926,0.0,0.0,P,106.92
2026-05-03,3,81.83,-134.4875,0.0,0.0,N,
2026-05-03,4,80.25,-168.24479166666666,0.0,0.0,N,
2026-05-03,5,81.86,-176.5675005357143,0.0,0.0,N,
2026-05-03,6,99.97,17.205710578703705,0.0,0.0,P,99.97
2026-05-03,7,103.3,127.22548611111112,0.0,0.0,P,103.3
2026-05-03,8,100.75,83.54499958333334,0.0,0.0,P,100.75
2026-05-03,9,103.29,472.75,0.0,0.0,P,103.29
2026-05-03,10,101.7,390.725,0.0,0.0,P,101.7
2026-05-03,11,102.87,602.950462962963,0.0,0.0,P,102.87
2026-05-03,12,102.58,497.1722222222222,0.0,0.0,P,102.58
2026-05-03,13,104.14,463.04583333333335,0.0,0.0,P,104.14
2026-05-03,14,103.89,288.39051472222224,0.0,0.0,P,103.89
2026-05-03,15,93.45,-1.620720642132275,0.0,0.0,N,
2026-05-03,16,105.37,86.75353553571429,0.0,0.0,P,105.37
2026-05-03,17,104.03,65.4226248466811,0.0,0.0,P,104.03
2026-05-03,18,106.45,141.07635481240982,0.0,0.0,P,106.45
2026-05-03,19,95.54,-57.28439825757576,0.0,0.0,N,
2026-05-03,20,86.0,-122.66698263888888,0.0,0.0,N,
2026-05-03,21,73.47427715957389,-383.87655291666664,0.0,0.0,N,
2026-05-03,22,75.24336457784385,-309.61636805555554,0.0,0.0,N,
2026-05-03,23,78.04779853525804,-351.5409722222222,0.0,0.0,N,
2026-05-03,24,77.94,-217.3063884722222,0.0,0.0,N,77.94
2026-05-03,25,133.0,40.30208513888889,0.0,0.0,P,
2026-05-03,26,133.0,80.39166666666667,0.0,0.0,P,
2026-05-03,27,133.0,53.97666666666667,0.0,0.0,P,
2026-05-03,28,88.98,-65.20396820436508,0.0,0.0,N,
2026-05-03,29,80.80892529047202,-199.0024595238095,0.0,0.0,N,
2026-05-03,30,80.9,-360.4658952777778,0.0,0.0,N,
2026-05-03,31,80.9,-390.3808722317516,0.0,0.0,N,
2026-05-03,32,80.95,-255.41707633423192,0.0,0.0,N,
2026-05-03,33,82.73,-143.139995302422,0.0,0.0,N,
2026-05-03,34,80.95,-222.11964262026865,0.0,0.0,N,
2026-05-03,35,134.0,2.3606552706552706,0.0,0.0,P,
2026-05-03,36,150.0,3.882827816951567,0.0,0.0,P,
2026-05-03,37,150.0,56.451726111111114,0.0,0.0,P,
2026-05-03,38,97.0,-86.50554796296296,0.0,0.0,N,
2026-05-03,39,93.87,-403.71209532271615,0.0,0.0,N,
2026-05-03,40,91.46,-195.70145818061567,0.0,0.0,N,
2026-05-03,41,91.0,-199.9707410185185,0.0,0.0,N,
2026-05-03,42,150.0,8.944860138888888,0.0,0.0,P,
2026-05-03,43,90.0,-100.47348482323233,0.0,0.0,N,
2026-05-03,44,87.73,-144.5322875,0.0,0.0,N,
2026-05-03,45,85.0,-210.31609126984128,0.0,0.0,N,
2026-05-03,46,83.38,-158.0759243560606,0.0,0.0,N,
2026-05-03,47,97.35,8.033748196248196,0.0,0.0,P,97.35
2026-05-03,48,89.32,-27.983638095238096,0.0,0.0,N,
2026-05-04,1,115.63399253825456,37.70527279872685,0.0,0.0,P,115.562
2026-05-04,2,85.96,-55.117697859362856,0.0,0.0,N,
2026-05-04,3,86.51,-95.66692341880342,0.0,0.0,N,
2026-05-04,4,86.45730926324433,-54.905064102564104,0.0,0.0,N,
2026-05-04,5,86.69,-11.89906298076923,0.0,0.0,N,
2026-05-04,6,86.7,-1.7757264957264958,0.0,0.0,N,
2026-05-04,7,83.6,-53.912179487179486,0.0,0.0,N,
2026-05-04,8,83.6,-66.07826259920635,0.0,0.0,N,
2026-05-04,9,95.05,143.38933428062677,0.0,0.0,P,95.05
2026-05-04,10,88.26,-13.103111923400672,0.0,0.0,N,
2026-05-04,11,107.0,154.4959231728895,0.0,0.0,P,107.0
2026-05-04,12,87.22,-129.76542597222223,0.0,0.0,N,
2026-05-04,13,89.95,-107.00134833333334,0.0,0.0,N,
2026-05-04,14,90.57,-174.2256438378125,0.0,0.0,N,
2026-05-04,15,109.32715846274894,72.18727089980689,0.0,0.0,P,107.97481818181818
2026-05-04,16,153.0,69.9442389520202,0.0,0.0,P,
2026-05-04,17,110.88,48.470627247474745,0.0,0.0,P,
2026-05-04,18,129.78463390993647,149.69458062260537,0.0,0.0,P,
2026-05-04,19,85.18403056637186,-25.349534643550893,0.0,0.0,N,85.43000747222223
2026-05-04,20,106.91,30.580966603535355,0.0,0.0,P,
2026-05-04,21,92.94,-128.6735176948021,0.0,0.0,N,92.94
2026-05-04,22,93.4,-175.11999876984126,0.0,0.0,N,93.4
2026-05-04,23,92.65,-69.26967111111111,0.0,0.0,N,92.65
2026-05-04,24,93.74,-106.65960645967984,0.0,0.0,N,93.74
2026-05-04,25,100.0,-16.98482110156682,0.0,0.0,N,
2026-05-04,26,74.3180411061091,-374.63729205761086,0.0,0.0,N,74.64925
2026-05-04,27,114.19,24.119531017811255,0.0,0.0,P,
2026-05-04,28,117.42,74.87449928036598,0.0,0.0,P,
2026-05-04,29,119.0,113.0930862121212,0.0,0.0,P,
2026-05-04,30,123.6,477.4913308547939,0.0,0.0,P,
2026-05-04,31,123.6,293.7082264484127,0.0,0.0,P,
2026-05-04,32,123.6,91.11166666666666,0.0,0.0,P,
2026-05-04,33,122.0,0.3755399735051035,0.0,0.0,P,
2026-05-04,34,127.53,176.19532206349206,0.0,0.0,P,
2026-05-04,35,123.6,5.43092037037037,0.0,0.0,P,
2026-05-04,36,152.9,202.70022633213856,0.0,0.0,P,
2026-05-04,37,145.0,69.04968024193549,0.0,0.0,P,
2026-05-04,38,145.0,70.3074171539961,0.0,0.0,P,
2026-05-04,39,152.9,146.26829365079365,0.0,0.0,P,
2026-05-04,40,159.9,430.03725823412697,0.0,0.0,P,
2026-05-04,41,169.0,495.0807677579365,0.0,0.0,P,
2026-05-04,42,159.9,188.320783032708,0.0,0.0,P,
2026-05-04,43,109.92656737996288,-11.708928571428572,0.0,0.0,N,
2026-05-04,44,110.06,-15.213333333333331,0.0,0.0,N,
2026-05-04,45,96.78,-97.425,0.0,0.0,N,
2026-05-04,46,169.0,130.22201507575758,0.0,0.0,P,169.0
2026-05-04,47,113.86937358555616,20.496111111111112,0.0,0.0,P,
2026-05-04,48,116.8,99.38970208333332,0.0,0.0,P,116.8
2026-05-05,1,97.28837114276423,-77.29147083333334,0.0,0.0,N,
2026-05-05,2,99.61,-18.648333333333333,0.0,0.0,N,
2026-05-05,3,99.64,-24.04,0.0,0.0,N,
2026-05-05,4,104.58,258.8333333333333,0.0,0.0,P,104.58
2026-05-05,5,105.15,248.78333333333333,0.0,0.0,P,105.15
2026-05-05,6,104.39,259.93666583333334,0.0,0.0,P,104.39
2026-05-05,7,99.64,-3.1788547222222223,0.0,0.0,N,
2026-05-05,8,97.86,-53.94166666666667,0.0,0.0,N,
2026-05-05,9,88.2,-8.66188614379085,0.0,0.0,N,
2026-05-05,10,145.0,35.71174603174603,0.0,0.0,P,
2026-05-05,11,91.73,-4.371044868432222,0.0,0.0,N,
2026-05-05,12,126.58,29.045966455733808,0.0,0.0,P,
2026-05-05,13,122.53,5.345136666666667,0.0,0.0,P,
2026-05-05,14,91.76,-109.07734958333332,0.0,0.0,N,91.76
2026-05-05,15,133.9,176.31240785714286,0.0,0.0,P,
2026-05-05,16,92.8527011052752,-75.12365972222223,0.0,0.0,N,93.67833333333331
2026-05-05,17,89.3,-203.33664305555556,0.0,0.0,N,89.3
2026-05-05,18,91.5605023883783,-230.35730125,0.0,0.0,N,92.87408333333332
2026-05-05,19,89.3,-258.0439821759259,0.0,0.0,N,89.3
2026-05-05,20,65.07184942640083,-411.9742982407407,0.0,0.0,N,65.07617777777777
2026-05-05,21,80.36476120925819,-591.1672048611111,0.0,0.0,N,80.407
2026-05-05,22,86.24500171214903,-95.9254035780516,0.0,0.0,N,86.81358333333333
2026-05-05,23,89.14788570960923,-97.80391301587302,0.0,0.0,N,89.219
2026-05-05,24,87.52,-247.3029749404762,0.0,0.0,N,87.52
2026-05-05,25,86.02660039464294,-178.12842325396826,0.0,0.0,N,86.51566666666666
2026-05-05,26,88.40527922402609,-300.1225457738095,0.0,0.0,N,88.52083333333333
2026-05-05,27,52.82,-322.1152333333333,0.0,0.0,N,
2026-05-05,28,86.70802080632804,-109.21309694444444,0.0,0.0,N,87.44158333333333
2026-05-05,29,127.71,214.2238991388889,0.0,0.0,P,
2026-05-05,30,122.52,22.37939375,0.0,0.0,P,
2026-05-05,31,89.45,-164.40143911492376,0.0,0.0,N,89.45
2026-05-05,32,109.11,-49.34926004050926,0.0,0.0,N,109.11
2026-05-05,33,143.47909017773227,66.81126541666667,0.0,0.0,P,
2026-05-05,34,147.29,36.21735708333333,0.0,0.0,P,
2026-05-05,35,146.97,61.95017402777778,0.0,0.0,P,
2026-05-05,36,143.57,35.12574835748792,0.0,0.0,P,
2026-05-05,37,160.0,428.0822231746032,0.0,0.0,P,
2026-05-05,38,160.0,568.6196418452348,0.0,0.0,P,
2026-05-05,39,165.0,580.2959414146499,0.0,0.0,P,
2026-05-05,40,172.11,507.87824288461536,0.0,0.0,P,
2026-05-05,41,89.52,-43.831805555555555,0.0,0.0,N,
2026-05-05,42,150.43,7.610555555555556,0.0,0.0,P,
2026-05-05,43,137.16468475360747,36.43375277777778,0.0,0.0,P,
2026-05-05,44,129.0,4.699569444444444,0.0,0.0,P,
2026-05-05,45,129.0,59.08703225806452,0.0,0.0,P,
2026-05-05,46,129.0,193.17690067049807,0.0,0.0,P,
2026-05-05,47,123.48,2.5368207941483805,0.0,0.0,P,
2026-05-05,48,111.34,198.75277777777777,0.0,0.0,P,111.34
2026-05-06,1,96.79,-37.99166666666667,0.0,0.0,N,
2026-05-06,2,97.02,-35.72121737036261,0.0,0.0,N,
2026-05-06,3,103.94,483.3391414141414,0.0,0.0,P,103.94
2026-05-06,4,102.63,496.3361111111111,0.0,0.0,P,102.63
2026-05-06,5,106.41,499.30833333333334,0.0,0.0,P,106.41
2026-05-06,6,104.14,229.5781256432749,0.0,0.0,P,104.14
2026-05-06,7,102.38,211.04939925438595,0.0,0.0,P,102.38
2026-05-06,8,137.69821088531015,241.51515083333337,0.0,0.0,P,133.88795277777777
2026-05-06,9,120.0,113.21131513991035,0.0,0.0,P,120.0
2026-05-06,10,93.12,-82.36978979797979,0.0,0.0,N,
2026-05-06,11,98.57,-34.999211063467854,0.0,0.0,N,
2026-05-06,12,140.0,11.49268897907648,0.0,0.0,P,
2026-05-06,13,106.2,-7.416837486842561,0.0,0.0,N,
2026-05-06,14,143.0,119.7757413528892,0.0,0.0,P,
2026-05-06,15,130.0,25.277606379554317,0.0,0.0,P,
2026-05-06,16,139.48852117480013,1.1272020775281932,0.0,0.0,P,
2026-05-06,17,96.0,-116.27992576388888,0.0,0.0,N,
2026-05-06,18,86.45,-240.93013444444443,0.0,0.0,N,
2026-05-06,19,86.35,-398.02905166666665,0.0,0.0,N,
2026-05-06,20,84.6,-681.9281194987366,0.0,0.0,N,
2026-05-06,21,84.6,-1004.5622225250628,0.0,0.0,N,
2026-05-06,22,83.15,-858.1887609649123,0.0,0.0,N,
2026-05-06,23,83.01,-1018.7479161800334,0.0,0.0,N,
2026-05-06,24,80.0,-725.3845459750204,0.0,0.0,N,
2026-05-06,25,80.0,-741.5646939268756,0.0,0.0,N,
2026-05-06,26,75.5,-877.0063913289885,0.0,0.0,N,
2026-05-06,27,75.0,-892.2470354761905,0.0,0.0,N,
2026-05-06,28,72.3,-847.2613028020282,0.0,0.0,N,
2026-05-06,29,75.0,-172.0488247863248,0.0,0.0,N,
2026-05-06,30,75.0,-188.13231632275136,0.0,0.0,N,
2026-05-06,31,75.0,-435.1688784781447,0.0,0.0,N,
2026-05-06,32,76.41,-477.00343820526695,0.0,0.0,N,
2026-05-06,33,78.01,-220.68499841293047,0.0,0.0,N,
2026-05-06,34,78.0255,-201.5283229563492,0.0,0.0,N,
2026-05-06,35,78.03612990815256,-119.35919885964913,0.0,0.0,N,78.038
2026-05-06,36,99.71,-48.039302222222226,0.0,0.0,N,99.71
2026-05-06,37,133.96,177.3169437037037,0.0,0.0,P,
2026-05-06,38,106.44,-8.727505069444444,0.0,0.0,N,
2026-05-06,39,107.12,-29.562281448412698,0.0,0.0,N,
2026-05-06,40,136.42,61.29353235653236,0.0,0.0,P,
2026-05-06,41,133.06,61.82451534188034,0.0,0.0,P,
2026-05-06,42,133.06,71.75939861111111,0.0,0.0,P,
2026-05-06,43,117.54890632009143,59.84336819573843,0.0,0.0,P,
2026-05-06,44,122.0,140.84325577991453,0.0,0.0,P,
2026-05-06,45,119.0,204.89299544189504,0.0,0.0,P,
2026-05-06,46,91.74,-169.89502063842963,0.0,0.0,N,
2026-05-06,47,83.51136077820415,-399.60025583333334,0.0,0.0,N,84.144
2026-05-06,48,102.46,-137.8583303422228,0.0,0.0,N,102.46
2026-05-07,1,93.61,-4.543111836438271,0.0,0.0,N,93.61
2026-05-07,2,118.0,347.2424471843403,0.0,0.0,P,
2026-05-07,3,118.0,209.40142194444445,0.0,0.0,P,
2026-05-07,4,118.0,165.1405425,0.0,0.0,P,
2026-05-07,5,118.0,95.10530694444444,0.0,0.0,P,
2026-05-07,6,125.0,84.93293541954417,0.0,0.0,P,
2026-05-07,7,121.0,10.726570491452993,0.0,0.0,P,
2026-05-07,8,132.97,170.18567789529914,0.0,0.0,P,
2026-05-07,9,133.0,198.13113055555556,0.0,0.0,P,
2026-05-07,10,117.43,41.28697638146168,0.0,0.0,P,
2026-05-07,11,137.0,398.4951615682738,0.0,0.0,P,
2026-05-07,12,137.0,160.3062091023096,0.0,0.0,P,
2026-05-07,13,137.0,99.08780723374554,0.0,0.0,P,
2026-05-07,14,157.0,918.9052845345872,0.0,0.0,P,
2026-05-07,15,135.0,30.14458541919192,0.0,0.0,P,
2026-05-07,16,135.0,169.30739652777777,0.0,0.0,P,
2026-05-07,17,135.0,137.30188093497586,0.0,0.0,P,
2026-05-07,18,135.0,107.60739841599715,0.0,0.0,P,
2026-05-07,19,133.3888864336428,401.26762335464434,0.0,0.0,P,
2026-05-07,20,123.95,117.80926682800224,0.0,0.0,P,
2026-05-07,21,101.75,-230.2114121575538,0.0,0.0,N,101.75
2026-05-07,22,96.44,-275.9598186177932,0.0,0.0,N,96.44
2026-05-07,23,89.84,-427.3565693162393,0.0,0.0,N,89.84
2026-05-07,24,90.5,-117.71094824494948,0.0,0.0,N,90.5
2026-05-07,25,89.72,-301.70121491610166,0.0,0.0,N,89.72
2026-05-07,26,86.63,-130.63916126344083,0.0,0.0,N,
2026-05-07,27,84.30350703219665,-76.01027857751674,0.0,0.0,N,87.64666666666666
2026-05-07,28,92.07,-76.93881955393014,0.0,0.0,N,92.07
2026-05-07,29,110.0,74.56275791666667,0.0,0.0,P,
2026-05-07,30,110.0,41.39115430555555,0.0,0.0,P,
2026-05-07,31,115.0,56.86365565972222,0.0,0.0,P,
2026-05-07,32,115.0,93.64033910647106,0.0,0.0,P,
2026-05-07,33,124.95,448.37048837301586,0.0,0.0,P,
2026-05-07,34,104.11,-62.65871179067032,0.0,0.0,N,104.11
2026-05-07,35,111.03333523985052,-35.502276354875285,0.0,0.0,N,111.22733333333332
2026-05-07,36,153.99,-193.46269563492064,0.0,0.0,N,153.99
2026-05-07,37,99.0,-109.78143980253212,0.0,0.0,N,99.0
2026-05-07,38,130.0,50.52527818209091,0.0,0.0,P,
2026-05-07,39,99.0,-61.194242576761475,0.0,0.0,N,
2026-05-07,40,130.0,224.46292621031745,0.0,0.0,P,
2026-05-07,41,120.0,84.52011650584795,0.0,0.0,P,
2026-05-07,42,120.0,10.300658007222168,0.0,0.0,P,
2026-05-07,43,130.0,228.44448620477075,0.0,0.0,P,
2026-05-07,44,120.0,45.172223252314815,0.0,0.0,P,
2026-05-07,45,133.03,-386.4011111111111,0.0,0.0,N,133.03
2026-05-07,46,123.73,-376.119830493037,0.0,0.0,N,123.73
2026-05-07,47,109.03,-352.1641046499118,0.0,0.0,N,109.03
2026-05-07,48,120.0,31.348680709876543,0.0,0.0,P,
2026-05-08,1,120.0,109.64899141762452,0.0,0.0,P,
2026-05-08,2,120.0,18.65111111111111,0.0,0.0,P,
2026-05-08,3,120.0,97.8755675,0.0,0.0,P,
2026-05-08,4,135.0,379.4982736363637,0.0,0.0,P,
2026-05-08,5,140.0,426.3913888888889,0.0,0.0,P,
2026-05-08,6,140.0,309.47176708333336,0.0,0.0,P,
2026-05-08,7,120.0,64.87652853174603,0.0,0.0,P,
2026-05-08,8,120.0,71.85010642857142,0.0,0.0,P,
2026-05-08,9,100.88,-32.32882219135802,0.0,0.0,N,100.88
2026-05-08,10,102.06958291351924,-13.022917103174604,0.0,0.0,N,
2026-05-08,11,120.0,195.29612298481712,0.0,0.0,P,
2026-05-08,12,120.0,38.691719166666665,0.0,0.0,P,
2026-05-08,13,135.93,274.215905,0.0,0.0,P,
2026-05-08,14,120.0,166.20737429091992,0.0,0.0,P,
2026-05-08,15,139.0,319.8866523150469,0.0,0.0,P,
2026-05-08,16,139.0,278.83799968698173,0.0,0.0,P,
2026-05-08,17,120.0,92.39501924576156,0.0,0.0,P,
2026-05-08,18,120.0,192.2375970700959,0.0,0.0,P,
2026-05-08,19,68.99,-95.84150233465608,0.0,0.0,N,
2026-05-08,20,115.0,22.531513451699993,0.0,0.0,P,
2026-05-08,21,81.98532581460339,-73.30520859845844,0.0,0.0,N,82.154
2026-05-08,22,89.19,-219.20623277116405,0.0,0.0,N,89.19
2026-05-08,23,92.34,-1.6457652528021445,0.0,0.0,N,92.34
2026-05-08,24,46.0,-140.61886194444443,0.0,0.0,N,
2026-05-08,25,82.5,-183.49622222222223,0.0,0.0,N,
2026-05-08,26,82.4,-243.3821152777778,0.0,0.0,N,82.4
2026-05-08,27,78.66,-356.8699167283951,0.0,0.0,N,78.66
2026-05-08,28,82.6,-239.57360632850427,0.0,0.0,N,
2026-05-08,29,82.5,-289.7205231961698,0.0,0.0,N,
2026-05-08,30,82.5,-424.7844962445166,0.0,0.0,N,
2026-05-08,31,82.6,-344.4761405675838,0.0,0.0,N,
2026-05-08,32,82.6,-259.66277492368744,0.0,0.0,N,
2026-05-08,33,82.91,-87.31557108462161,0.0,0.0,N,
2026-05-08,34,82.85,-254.5835243580971,0.0,0.0,N,
2026-05-08,35,82.6,-312.60620166006413,0.0,0.0,N,
2026-05-08,36,89.0,-34.457254900195714,0.0,0.0,N,
2026-05-08,37,86.64,-181.56402028331237,0.0,0.0,N,
2026-05-08,38,89.0,-181.41290555555557,0.0,0.0,N,
2026-05-08,39,125.62,95.45944474358974,0.0,0.0,P,
2026-05-08,40,124.61,42.151525416666665,0.0,0.0,P,
2026-05-08,41,99.41,-18.82858486111111,0.0,0.0,N,
2026-05-08,42,131.03,31.442665555555557,0.0,0.0,P,
2026-05-08,43,145.0,77.73272486111111,0.0,0.0,P,
2026-05-08,44,135.0,212.458325,0.0,0.0,P,
2026-05-08,45,129.0,214.925,0.0,0.0,P,
2026-05-08,46,129.0,143.675,0.0,0.0,P,
2026-05-08,47,106.4,89.26886326797386,0.0,0.0,P,106.4
2026-05-08,48,83.58,-51.23518166666667,0.0,0.0,N,
2026-05-09,1,104.11,108.14345338293651,0.0,0.0,P,104.11
2026-05-09,2,96.42,58.8583775,0.0,0.0,P,96.42
2026-05-09,3,87.57,-44.11711187878788,0.0,0.0,N,
2026-05-09,4,97.64,82.44763673611111,0.0,0.0,P,97.64
2026-05-09,5,99.22,115.44916666666668,0.0,0.0,P,99.22
2026-05-09,6,111.14106454335396,115.04520833333332,0.0,0.0,P,110.50848125
2026-05-09,7,103.16,173.1316695,0.0,0.0,P,103.16
2026-05-09,8,100.31,36.87776763888889,0.0,0.0,P,100.31
2026-05-09,9,107.96899779952857,194.02140583333335,0.0,0.0,P,107.96
2026-05-09,10,103.72,173.675,0.0,0.0,P,103.72
2026-05-09,11,102.18,157.14166666666668,0.0,0.0,P,102.18
2026-05-09,12,90.44,-66.46190476190476,0.0,0.0,N,
2026-05-09,13,86.29,-7.8133928571428575,0.0,0.0,N,
2026-05-09,14,80.21,-85.62006035714286,0.0,0.0,N,
2026-05-09,15,63.56,-88.36408444444444,0.0,0.0,N,
2026-05-09,16,119.95,40.86706491161616,0.0,0.0,P,
2026-05-09,17,119.95,48.05907431818182,0.0,0.0,P,
2026-05-09,18,124.9,67.78698572222223,0.0,0.0,P,
2026-05-09,19,124.45,49.773809523809526,0.0,0.0,P,
2026-05-09,20,64.69884003489719,-44.31353174603175,0.0,0.0,N,64.769
2026-05-09,21,77.3,-33.64083333333333,0.0,0.0,N,
2026-05-09,22,77.3662415603901,82.05773055555555,0.0,0.0,P,77.3662415603901
2026-05-09,23,65.12,9.25158507936508,0.0,0.0,P,65.12
2026-05-09,24,65.0,-68.90342847222222,0.0,0.0,N,
2026-05-09,25,58.33,-77.85,0.0,0.0,N,
2026-05-09,26,53.57,-132.19999140336765,0.0,0.0,N,
2026-05-09,27,67.82,174.59948347222223,0.0,0.0,P,67.82
2026-05-09,28,46.88,-130.167662190021,0.0,0.0,N,
2026-05-09,29,24.13,-342.76695,0.0,0.0,N,
2026-05-09,30,-13.9,-699.3435028769841,0.0,0.0,N,
2026-05-09,31,21.0,-407.36337104531947,0.0,0.0,N,
2026-05-09,32,50.03,-101.81555291666666,0.0,0.0,N,
2026-05-09,33,78.68,158.95971694444444,0.0,0.0,P,78.68
2026-05-09,34,86.94,30.749827586206894,0.0,0.0,P,86.94
2026-05-09,35,130.0,44.713541666666664,0.0,0.0,P,
2026-05-09,36,96.76,-1.342665849673203,0.0,0.0,N,
2026-05-09,37,130.0,67.18416666666667,0.0,0.0,P,
2026-05-09,38,130.93,361.93565027777777,0.0,0.0,P,
2026-05-09,39,140.0,318.0028398611111,0.0,0.0,P,
2026-05-09,40,157.9,701.6402176614184,0.0,0.0,P,
2026-05-09,41,157.9,540.6039094642857,0.0,0.0,P,
2026-05-09,42,174.0,710.5023476984127,0.0,0.0,P,
2026-05-09,43,174.0,549.5587470502645,0.0,0.0,P,174.0
2026-05-09,44,169.3559383971966,296.15415930555554,0.0,0.0,P,168.81
2026-05-09,45,135.78,115.93948597222224,0.0,0.0,P,135.78
2026-05-09,46,85.42,-67.32205714566864,0.0,0.0,N,
2026-05-09,47,144.0,30.015332915140416,0.0,0.0,P,144.0
2026-05-09,48,86.58220371091727,-78.7469696969697,0.0,0.0,N,
2026-05-10,1,83.5,-118.20915477971104,0.0,0.0,N,
2026-05-10,2,84.18,-101.6031210351377,0.0,0.0,N,
2026-05-10,3,113.67,42.298487764180265,0.0,0.0,P,113.67
2026-05-10,4,98.16,55.217721455627704,0.0,0.0,P,98.16
2026-05-10,5,82.4,-21.10912772391208,0.0,0.0,N,
2026-05-10,6,116.96551064695817,6.157665833333334,0.0,0.0,P,116.965
2026-05-10,7,82.4,-81.05040083333333,0.0,0.0,N,
2026-05-10,8,86.2,57.153845277777776,0.0,0.0,P,86.2
2026-05-10,9,86.80981998323155,52.50540069444445,0.0,0.0,P,86.71044426329136
2026-05-10,10,66.79,-195.45929811507935,0.0,0.0,N,
2026-05-10,11,60.77,-350.55677050213677,0.0,0.0,N,
2026-05-10,12,54.39,-313.1298077777778,0.0,0.0,N,
2026-05-10,13,50.0,-300.43951627752523,0.0,0.0,N,
2026-05-10,14,41.82434129224144,-380.4903240872963,0.0,0.0,N,
2026-05-10,15,24.0,-345.32105336104746,0.0,0.0,N,
2026-05-10,16,30.76,-315.36415625,0.0,0.0,N,
2026-05-10,17,19.91,-273.4248346031746,0.0,0.0,N,
2026-05-10,18,42.07,19.21047181372549,0.0,0.0,P,42.07
2026-05-10,19,112.0,68.20893776960784,0.0,0.0,P,
2026-05-10,20,6.0,-152.11958302827657,0.0,0.0,N,
2026-05-10,21,6.0,-10.755560067908908,0.0,0.0,N,
2026-05-10,22,0.0,-246.5020843055555,0.0,0.0,N,
2026-05-10,23,3.02,-39.84986111111111,0.0,0.0,N,
2026-05-10,24,21.66,38.752775138888886,0.0,0.0,P,21.66
2026-05-10,25,3.03,-81.72239604915066,0.0,0.0,N,
2026-05-10,26,25.96,60.55616882936508,0.0,0.0,P,25.96
2026-05-10,27,20.9,-26.95041861111111,0.0,0.0,N,
2026-05-10,28,3.09,-99.16868843253968,0.0,0.0,N,
2026-05-10,29,-1.0,-221.20166666666665,0.0,0.0,N,
2026-05-10,30,-1.0,-316.6995980545892,0.0,0.0,N,
2026-05-10,31,-1.0,-183.88392166666668,0.0,0.0,N,
2026-05-10,32,-7.0,-492.6122602380953,0.0,0.0,N,
2026-05-10,33,-15.0,-663.2494190955033,0.0,0.0,N,
2026-05-10,34,-13.9,-275.118134096527,0.0,0.0,N,
2026-05-10,35,111.45,91.85231541666668,0.0,0.0,P,
2026-05-10,36,115.0,49.59578292184265,0.0,0.0,P,
2026-05-10,37,119.0,89.03139146686159,0.0,0.0,P,
2026-05-10,38,120.9850159806491,214.81130135721247,0.0,0.0,P,
2026-05-10,39,117.98,104.05319190412186,0.0,0.0,P,
2026-05-10,40,123.99826481518052,40.72349179289888,0.0,0.0,P,
2026-05-10,41,119.0,33.09075049612578,0.0,0.0,P,
2026-05-10,42,113.6,-49.44358317387875,0.0,0.0,N,113.6
2026-05-10,43,127.94,104.7107152459404,0.0,0.0,P,
2026-05-10,44,44.87,-11.893162265838258,0.0,0.0,N,
2026-05-10,45,121.04,64.16819028992006,0.0,0.0,P,
2026-05-10,46,80.04208968253968,-47.246587301587304,0.0,0.0,N,
2026-05-10,47,109.95,137.66112296130953,0.0,0.0,P,
2026-05-10,48,81.8158646726746,-179.20416666666668,0.0,0.0,N,81.8275
2026-05-11,1,97.03,11.38548861111111,0.0,0.0,P,
2026-05-11,2,77.2,-30.180444166666668,0.0,0.0,N,
2026-05-11,3,92.09,-18.23055555555555,0.0,0.0,N,
2026-05-11,4,114.9,38.40044191919192,0.0,0.0,P,
2026-05-11,5,81.78,-67.36962525252525,0.0,0.0,N,
2026-05-11,6,77.2,-57.69475257936508,0.0,0.0,N,
2026-05-11,7,77.2,-110.19903013888889,0.0,0.0,N,
2026-05-11,8,81.78,-44.19210944444445,0.0,0.0,N,
2026-05-11,9,114.95,145.67256944444443,0.0,0.0,P,
2026-05-11,10,77.2,-87.57585317460317,0.0,0.0,N,
2026-05-11,11,77.14,-281.88657738095236,0.0,0.0,N,
2026-05-11,12,77.13,-431.18764012930336,0.0,0.0,N,
2026-05-11,13,82.0,-259.53648042077316,0.0,0.0,N,
2026-05-11,14,129.6,162.66850723484848,0.0,0.0,P,
2026-05-11,15,130.0,254.73735521464647,0.0,0.0,P,
2026-05-11,16,141.0,530.7495768650793,0.0,0.0,P,
2026-05-11,17,127.5,90.03241766666666,0.0,0.0,P,
2026-05-11,18,125.0,43.428144211945465,0.0,0.0,P,
2026-05-11,19,87.43,-46.50257702546296,0.0,0.0,N,
2026-05-11,20,114.57,11.553388278388278,0.0,0.0,P,
2026-05-11,21,112.9,161.30950164862915,0.0,0.0,P,
2026-05-11,22,145.0,678.2874576124339,0.0,0.0,P,
2026-05-11,23,139.0,507.9124132407408,0.0,0.0,P,139.0
2026-05-11,24,141.0,667.0527716666667,0.0,0.0,P,
2026-05-11,25,149.2225607235026,766.9448797555,0.0,0.0,P,
2026-05-11,26,148.5,785.8925261111111,0.0,0.0,P,
2026-05-11,27,134.51,459.3179657892365,0.0,0.0,P,
2026-05-11,28,126.67797982383436,187.7473731746032,0.0,0.0,P,
2026-05-11,29,133.0,329.42706375,0.0,0.0,P,
2026-05-11,30,134.85,534.24618239752,0.0,0.0,P,
2026-05-11,31,119.95,205.02386559027775,0.0,0.0,P,
2026-05-11,32,119.95,28.574998194444444,0.0,0.0,P,
2026-05-11,33,90.14,-74.68631243512006,0.0,0.0,N,
2026-05-11,34,82.5,-393.54967666666664,0.0,0.0,N,
2026-05-11,35,82.05,-386.8710061309524,0.0,0.0,N,
2026-05-11,36,82.75,-216.1797560515873,0.0,0.0,N,
2026-05-11,37,82.75,-235.6090969217153,0.0,0.0,N,
2026-05-11,38,82.75,-118.88862826190476,0.0,0.0,N,
2026-05-11,39,120.0,5.65,0.0,0.0,P,
2026-05-11,40,120.0,56.22777944444445,0.0,0.0,P,120.0
2026-05-11,41,125.0,132.54151708333333,0.0,0.0,P,125.0
2026-05-11,42,125.0,88.23299227777778,0.0,0.0,P,125.0
2026-05-11,43,135.0,189.40281837257936,0.0,0.0,P,
2026-05-11,44,111.85,192.5891690009337,0.0,0.0,P,111.85
2026-05-11,45,105.6,112.82795368589744,0.0,0.0,P,105.6
2026-05-11,46,109.07,29.99174892759528,0.0,0.0,P,109.07
2026-05-11,47,89.19,-173.06512251984128,0.0,0.0,N,
2026-05-11,48,89.92,-89.19420978681343,0.0,0.0,N,
2026-05-12,1,88.03,-21.748856666666665,0.0,0.0,N,
2026-05-12,2,82.5,-13.029549444444443,0.0,0.0,N,
2026-05-12,3,82.5,-58.607470972222224,0.0,0.0,N,
2026-05-12,4,119.6,34.54514813492064,0.0,0.0,P,
2026-05-12,5,119.6,70.91166583333333,0.0,0.0,P,119.6
2026-05-12,6,82.0,-129.63749680555554,0.0,0.0,N,
2026-05-12,7,69.73024823616711,-55.3385668452381,0.0,0.0,N,72.54237284444444
2026-05-12,8,82.0,-63.60506119047619,0.0,0.0,N,
2026-05-12,9,62.0931697821699,-132.06605996031746,0.0,0.0,N,62.515
2026-05-12,10,105.0,61.74402680555555,0.0,0.0,P,
2026-05-12,11,106.51,179.065383,0.0,0.0,P,
2026-05-12,12,110.0,284.1887598015873,0.0,0.0,P,
2026-05-12,13,116.48,217.7389450190424,0.0,0.0,P,
2026-05-12,14,142.5,565.13048127849,0.0,0.0,P,
2026-05-12,15,135.0,292.1305295436343,0.0,0.0,P,
2026-05-12,16,120.06,6.5931968632756135,0.0,0.0,P,
2026-05-12,17,120.04,58.67286203297586,0.0,0.0,P,
2026-05-12,18,56.55062580305777,-603.6512488888889,0.0,0.0,N,57.39208333333333
2026-05-12,19,51.39428429596745,-317.71344021761394,0.0,0.0,N,52.72570697222222
2026-05-12,20,63.93926324936621,-18.520833333333332,0.0,0.0,N,63.98
2026-05-12,21,67.0,-69.66694444444444,0.0,0.0,N,
2026-05-12,22,25.0,-236.26416666666665,0.0,0.0,N,25.0
2026-05-12,23,40.878362047312976,-144.23749458333333,0.0,0.0,N,41.85975
2026-05-12,24,89.68,423.9072280555555,0.0,0.0,P,
2026-05-12,25,40.2,-186.9788398300166,0.0,0.0,N,40.2
2026-05-12,26,69.99,-88.58325472222222,0.0,0.0,N,69.99
2026-05-12,27,95.12,164.8792045,0.0,0.0,P,
2026-05-12,28,100.0,278.8323039823166,0.0,0.0,P,
2026-05-12,29,109.77,228.32215509920636,0.0,0.0,P,
2026-05-12,30,112.0,103.0211056465448,0.0,0.0,P,
2026-05-12,31,112.0,252.93265046296295,0.0,0.0,P,
2026-05-12,32,112.0,120.11444495370372,0.0,0.0,P,
2026-05-12,33,112.0,303.3263888888889,0.0,0.0,P,
2026-05-12,34,115.0,243.63863652777775,0.0,0.0,P,
2026-05-12,35,126.145987222648,7.939790317028986,0.0,0.0,P,
2026-05-12,36,129.6,31.20629212719298,0.0,0.0,P,
2026-05-12,37,85.0,-8.501658772492128,0.0,0.0,N,
2026-05-12,38,85.78206401188115,-130.33721936507936,0.0,0.0,N,86.19475991666667
2026-05-12,39,148.28,261.2081617598605,0.0,0.0,P,
2026-05-12,40,158.0,658.4129340750873,0.0,0.0,P,
2026-05-12,41,165.99,917.7500624886236,0.0,0.0,P,
2026-05-12,42,167.0,1332.321068888889,0.0,0.0,P,
2026-05-12,43,175.0,1060.8438719517544,0.0,0.0,P,
2026-05-12,44,167.0,581.3930875606947,0.0,0.0,P,
2026-05-12,45,167.0,204.4676827928407,0.0,0.0,P,
2026-05-12,46,85.1,-379.76315444444447,0.0,0.0,N,
2026-05-12,47,85.0,-158.64875966765874,0.0,0.0,N,
2026-05-12,48,134.64709504789587,233.80161109126985,0.0,0.0,P,133.392
2026-05-13,1,114.61,166.27589875,0.0,0.0,P,114.61
2026-05-13,2,136.2047328884968,478.9267304365079,0.0,0.0,P,135.07473333333334
2026-05-13,3,122.8,580.8609027871148,0.0,0.0,P,122.8
2026-05-13,4,135.82,335.15169797619046,0.0,0.0,P,135.82
2026-05-13,5,93.77,6.142663316544566,0.0,0.0,P,
2026-05-13,6,85.2,-15.942419460678211,0.0,0.0,N,
2026-05-13,7,108.81,87.09029811647173,0.0,0.0,P,108.81
2026-05-13,8,87.25607697012803,-15.394239415356394,0.0,0.0,N,
2026-05-13,9,145.18685244186946,109.62192551282052,0.0,0.0,P,143.96962390869913
2026-05-13,10,129.78350598184912,301.1299160042735,0.0,0.0,P,125.0540445496932
2026-05-13,11,139.0,241.35884196429168,0.0,0.0,P,139.0
2026-05-13,12,89.32,-188.28459135078103,0.0,0.0,N,
2026-05-13,13,139.0,103.67960305585204,0.0,0.0,P,
2026-05-13,14,150.0,447.8890179960317,0.0,0.0,P,150.0
2026-05-13,15,140.0978334047622,829.8583370833334,0.0,0.0,P,139.638475
2026-05-13,16,139.0,813.6501472685185,0.0,0.0,P,139.0
2026-05-13,17,136.0,273.421559751462,0.0,0.0,P,
2026-05-13,18,90.25,-127.88104673001948,0.0,0.0,N,
2026-05-13,19,119.5,89.94200469729344,0.0,0.0,P,
2026-05-13,20,119.5,88.11121758730158,0.0,0.0,P,
2026-05-13,21,90.03,-17.83396678197065,0.0,0.0,N,
2026-05-13,22,89.3,-26.116218333333332,0.0,0.0,N,
2026-05-13,23,130.0,199.1405092592593,0.0,0.0,P,
2026-05-13,24,132.20926074074077,110.3682101234568,0.0,0.0,P,
2026-05-13,25,136.0,166.79014833333332,0.0,0.0,P,
2026-05-13,26,82.68,-170.52817458333334,0.0,0.0,N,
2026-05-13,27,54.0,-153.4947236111111,0.0,0.0,N,
2026-05-13,28,83.05,-123.94023680555556,0.0,0.0,N,
2026-05-13,29,130.0,35.10852305555556,0.0,0.0,P,
2026-05-13,30,80.68,-58.92314642094017,0.0,0.0,N,
2026-05-13,31,135.47,268.7977739672365,0.0,0.0,P,
2026-05-13,32,136.0,216.38691084034792,0.0,0.0,P,
2026-05-13,33,130.0,110.75187880718954,0.0,0.0,P,
2026-05-13,34,138.0,189.1570325593354,0.0,0.0,P,
2026-05-13,35,152.6491026411124,609.5112532157794,0.0,0.0,P,
2026-05-13,36,154.87,786.9850567063095,0.0,0.0,P,
2026-05-13,37,151.4,658.8587471014492,0.0,0.0,P,
2026-05-13,38,167.5,950.5166427192984,0.0,0.0,P,
2026-05-13,39,168.78,658.9424964473684,0.0,0.0,P,
2026-05-13,40,168.78,545.3749988492063,0.0,0.0,P,
2026-05-13,41,153.99010752688173,545.66328125,0.0,0.0,P,
2026-05-13,42,135.0,167.14020208333332,0.0,0.0,P,
2026-05-13,43,108.36,-30.16720435185185,0.0,0.0,N,
2026-05-13,44,108.36,-12.323611111111113,0.0,0.0,N,
2026-05-13,45,100.52,-54.289867361111114,0.0,0.0,N,
2026-05-13,46,96.83,-94.2677669570707,0.0,0.0,N,
2026-05-13,47,96.21,-37.14106751860712,0.0,0.0,N,
2026-05-13,48,90.0,-50.83954826190476,0.0,0.0,N,
2026-05-14,1,86.14,-291.08502756265665,0.0,0.0,N,
2026-05-14,2,80.0,-661.76,0.0,0.0,N,
2026-05-14,3,80.0,-855.0794493820847,0.0,0.0,N,
2026-05-14,4,82.6,-159.1131573391813,0.0,0.0,N,
2026-05-14,5,112.28335893041243,57.795082638888886,0.0,0.0,P,111.86808333333332
2026-05-14,6,86.12,-85.22816163887282,0.0,0.0,N,
2026-05-14,7,82.6,-107.18744464349976,0.0,0.0,N,
2026-05-14,8,80.16,-57.728077030771374,0.0,0.0,N,
2026-05-14,9,85.62,28.44999875,0.0,0.0,P,85.62
2026-05-14,10,86.12,-18.70765316993464,0.0,0.0,N,
2026-05-14,11,77.05,-158.3055464137385,0.0,0.0,N,
2026-05-14,12,75.1,-306.8922332602339,0.0,0.0,N,
2026-05-14,13,74.6,-507.7386680769231,0.0,0.0,N,
2026-05-14,14,80.0,-92.761021590738,0.0,0.0,N,
2026-05-14,15,120.0,205.48795124236875,0.0,0.0,P,
2026-05-14,16,123.02,42.3304385625,0.0,0.0,P,
2026-05-14,17,77.58185645530156,-355.06668125,0.0,0.0,N,77.76666666666667
2026-05-14,18,78.8,-207.4360268452381,0.0,0.0,N,78.8
2026-05-14,19,80.01,-32.22741392857143,0.0,0.0,N,
2026-05-14,20,84.09725345253489,-119.1582873611111,0.0,0.0,N,84.17184438040346
2026-05-14,21,88.0,-186.1010579365079,0.0,0.0,N,88.0
2026-05-14,22,83.77010384434234,-8.178258185045948,0.0,0.0,N,83.99166666666666
2026-05-14,23,84.3,-416.2072238888889,0.0,0.0,N,84.3
2026-05-14,24,82.47389011400253,-322.26668445121953,0.0,0.0,N,82.57166666666667
2026-05-14,25,75.0,-438.9737862193362,0.0,0.0,N,75.0
2026-05-14,26,86.13,-68.22130655844155,0.0,0.0,N,86.13
2026-05-14,27,2.07,-336.50770944444446,0.0,0.0,N,2.07
2026-05-14,28,57.03390602664902,-394.9031025,0.0,0.0,N,57.721583333333335
2026-05-14,29,70.0,-656.6944444444445,0.0,0.0,N,70.0
2026-05-14,30,59.553205094029266,-314.50138888888887,0.0,0.0,N,59.621
2026-05-14,31,109.45,143.8699634502924,0.0,0.0,P,
2026-05-14,32,108.0,139.4771232142857,0.0,0.0,P,
2026-05-14,33,73.64,-2.2237301587301586,0.0,0.0,N,
2026-05-14,34,82.15,-3.5002339814814816,0.0,0.0,N,
2026-05-14,35,109.56,131.7980654068366,0.0,0.0,P,
2026-05-14,36,116.85,325.2957567318455,0.0,0.0,P,
2026-05-14,37,4.79,-95.7517312684054,0.0,0.0,N,
2026-05-14,38,85.0,-162.05367171023966,0.0,0.0,N,85.0
2026-05-14,39,135.0,117.89142665722224,0.0,0.0,P,
2026-05-14,40,135.0,71.45986161064425,0.0,0.0,P,
2026-05-14,41,135.0,91.26931263347764,0.0,0.0,P,
2026-05-14,42,101.66,-28.39308721260221,0.0,0.0,N,
2026-05-14,43,120.0,29.05330536111111,0.0,0.0,P,
2026-05-14,44,120.0,134.22259041666666,0.0,0.0,P,
2026-05-14,45,120.0,61.023372003968255,0.0,0.0,P,
2026-05-14,46,120.0,171.99575488038568,0.0,0.0,P,
2026-05-14,47,125.69,536.8802888892741,0.0,0.0,P,
2026-05-14,48,120.0,422.11909736574074,0.0,0.0,P,
2026-05-15,1,120.0,208.30545833333332,0.0,0.0,P,
2026-05-15,2,70.02,-84.53118686868687,0.0,0.0,N,
2026-05-15,3,120.0,59.1460820959596,0.0,0.0,P,
2026-05-15,4,120.0,153.57111872835495,0.0,0.0,P,
2026-05-15,5,119.85,12.19690373015873,0.0,0.0,P,
2026-05-15,6,119.85,207.1486059722222,0.0,0.0,P,
2026-05-15,7,119.85,93.0294396031746,0.0,0.0,P,
2026-05-15,8,119.85,195.58448106962103,0.0,0.0,P,
2026-05-15,9,119.85,36.03194527777778,0.0,0.0,P,
2026-05-15,10,129.0,310.9555101388889,0.0,0.0,P,
2026-05-15,11,119.85,114.58375137973138,0.0,0.0,P,
2026-05-15,12,119.85,57.31858901709402,0.0,0.0,P,
2026-05-15,13,123.84,190.71765819444445,0.0,0.0,P,
2026-05-15,14,134.45,605.5596212085859,0.0,0.0,P,
2026-05-15,15,134.45,657.0466866133249,0.0,0.0,P,
2026-05-15,16,134.0,611.0785480561568,0.0,0.0,P,
2026-05-15,17,130.0,383.6685621265771,0.0,0.0,P,
2026-05-15,18,129.0,63.91659050925926,0.0,0.0,P,
2026-05-15,19,126.0,105.53769371761668,0.0,0.0,P,
2026-05-15,20,114.88,2.6586274567562067,0.0,0.0,P,
2026-05-15,21,101.59,-26.69288718253968,0.0,0.0,N,101.59
2026-05-15,22,113.18,96.59909992559524,0.0,0.0,P,
2026-05-15,23,117.0,136.0402380952381,0.0,0.0,P,
2026-05-15,24,112.47,35.99959069444444,0.0,0.0,P,
2026-05-15,25,117.0,83.81916974358974,0.0,0.0,P,
2026-05-15,26,109.87,12.425160256410257,0.0,0.0,P,
2026-05-15,27,122.0,396.1013888888889,0.0,0.0,P,
2026-05-15,28,122.0,280.20972518518516,0.0,0.0,P,
2026-05-15,29,117.0,38.42309212962963,0.0,0.0,P,
2026-05-15,30,82.3,-11.154409778429455,0.0,0.0,N,82.3
2026-05-15,31,83.5904568022799,-55.754900221570544,0.0,0.0,N,85.753
2026-05-15,32,84.9325999164366,-78.84081235556408,0.0,0.0,N,86.19316666666667
2026-05-15,33,91.56149035979962,-19.44611111111111,0.0,0.0,N,93.72083333333332
2026-05-15,34,70.0,-209.01706413686492,0.0,0.0,N,70.0
2026-05-15,35,81.0,-395.9932133134921,0.0,0.0,N,81.0
2026-05-15,36,81.0,-595.1118935353535,0.0,0.0,N,81.0
2026-05-15,37,81.0,-257.31808357843136,0.0,0.0,N,81.0
2026-05-15,38,56.579900760396605,-66.46083333333333,0.0,0.0,N,57.31544105555555
2026-05-15,39,115.09,-84.39104588519466,0.0,0.0,N,115.09
2026-05-15,40,139.45,425.8482797466422,0.0,0.0,P,
2026-05-15,41,139.45,276.0915346230159,0.0,0.0,P,
2026-05-15,42,129.0,25.478331654040403,0.0,0.0,P,
2026-05-15,43,20.0,-276.7073551487431,0.0,0.0,N,20.0
2026-05-15,44,84.77036710450103,-86.77190235690236,0.0,0.0,N,84.89846085020308
2026-05-15,45,89.43,-115.39742175925926,0.0,0.0,N,89.43
2026-05-15,46,90.0,-85.53596429654672,0.0,0.0,N,90.0
2026-05-15,47,98.39,-14.607223055555556,0.0,0.0,N,
2026-05-15,48,125.0,145.41076694444445,0.0,0.0,P,
2026-05-16,1,125.0,73.64166666666667,0.0,0.0,P,
2026-05-16,2,125.0,88.14791666666666,0.0,0.0,P,
2026-05-16,3,125.0,126.51388888888889,0.0,0.0,P,
2026-05-16,4,120.0,106.50139666666666,0.0,0.0,P,
2026-05-16,5,120.0,68.2953125,0.0,0.0,P,
2026-05-16,6,93.79,-9.236922811004783,0.0,0.0,N,
2026-05-16,7,93.71,-64.20457029040404,0.0,0.0,N,
2026-05-16,8,85.82,-35.78333333333333,0.0,0.0,N,
2026-05-16,9,85.8,-38.397222222222226,0.0,0.0,N,
2026-05-16,10,120.0,23.677487916666667,0.0,0.0,P,
2026-05-16,11,120.0,100.58703703703704,0.0,0.0,P,
2026-05-16,12,89.63,-4.755290925925926,0.0,0.0,N,
2026-05-16,13,85.81,-61.08944295973674,0.0,0.0,N,
2026-05-16,14,86.32,-156.79437943476577,0.0,0.0,N,
2026-05-16,15,90.37,-92.32198869007536,0.0,0.0,N,
2026-05-16,16,85.8,-103.6222438216486,0.0,0.0,N,
2026-05-16,17,86.32,-67.46691083333333,0.0,0.0,N,
2026-05-16,18,86.32,-231.34368242811396,0.0,0.0,N,
2026-05-16,19,86.12,-510.8319561111111,0.0,0.0,N,
2026-05-16,20,85.8,-697.8780933333334,0.0,0.0,N,
2026-05-16,21,85.1,-593.0947880743084,0.0,0.0,N,
2026-05-16,22,86.32,-219.84772833603773,0.0,0.0,N,
2026-05-16,23,86.32,-202.74285714285713,0.0,0.0,N,
2026-05-16,24,86.41,-98.99166666666666,0.0,0.0,N,
2026-05-16,25,86.41,-111.444595754662,0.0,0.0,N,
2026-05-16,26,120.0,5.092518482905983,0.0,0.0,P,
2026-05-16,27,92.8,-34.69177657051282,0.0,0.0,N,
2026-05-16,28,92.8,-60.276524027777775,0.0,0.0,N,
2026-05-16,29,91.16,-127.89679472222224,0.0,0.0,N,
2026-05-16,30,91.81,-98.96082930555556,0.0,0.0,N,
2026-05-16,31,91.52,-256.59055125,0.0,0.0,N,
2026-05-16,32,86.56,-212.41292694444445,0.0,0.0,N,
2026-05-16,33,98.2,-52.774776959064326,0.0,0.0,N,
2026-05-16,34,135.0,39.07285347222222,0.0,0.0,P,
2026-05-16,35,101.62,-44.75166588122222,0.0,0.0,N,
2026-05-16,36,135.0,111.36000416666668,0.0,0.0,P,
2026-05-16,37,103.59,-70.9652048611111,0.0,0.0,N,
2026-05-16,38,103.05,-110.45722388888888,0.0,0.0,N,
2026-05-16,39,103.78,-56.708333333333336,0.0,0.0,N,
2026-05-16,40,130.0,18.66666625,0.0,0.0,P,
2026-05-16,41,130.0,23.639814166666667,0.0,0.0,P,
2026-05-16,42,94.0,-169.28721774193548,0.0,0.0,N,
2026-05-16,43,94.0,-162.07415501262625,0.0,0.0,N,
2026-05-16,44,95.0,-17.462499729532162,0.0,0.0,N,
2026-05-16,45,96.3,-5.330421245421245,0.0,0.0,N,
2026-05-16,46,95.0,-15.417307692307691,0.0,0.0,N,
2026-05-16,47,133.0,43.74008892280559,0.0,0.0,P,
2026-05-16,48,117.60565204036736,35.67009924269006,0.0,0.0,P,115.39980701754386
2026-05-17,1,101.08,4.950023611111111,0.0,0.0,P,101.08
2026-05-17,2,89.9,-105.44166666666666,0.0,0.0,N,
2026-05-17,3,82.29,-253.62999916666664,0.0,0.0,N,
2026-05-17,4,85.55,-145.00331548148148,0.0,0.0,N,
2026-05-17,5,77.26,-115.93333333333334,0.0,0.0,N,
2026-05-17,6,77.35,-119.18333333333334,0.0,0.0,N,
2026-05-17,7,81.87,41.49,0.0,0.0,P,81.87
2026-05-17,8,80.41,-89.075,0.0,0.0,N,
2026-05-17,9,75.0,-73.0,0.0,0.0,N,
2026-05-17,10,79.04,25.0,0.0,0.0,P,79.04
2026-05-17,11,100.68,155.275,0.0,0.0,P,
2026-05-17,12,99.2,74.84166666666667,0.0,0.0,P,
2026-05-17,13,99.18131967822984,60.51056083333334,0.0,0.0,P,
2026-05-17,14,35.99,-38.0,0.0,0.0,N,
2026-05-17,15,111.7924570640661,424.6754027419355,0.0,0.0,P,111.64209133333334
2026-05-17,16,86.79,223.34504704301077,0.0,0.0,P,86.79
2026-05-17,17,89.91,51.078155315656566,0.0,0.0,P,89.91
2026-05-17,18,95.45,26.254581073232323,0.0,0.0,P,95.45
2026-05-17,19,74.47,-302.7977428200496,0.0,0.0,N,
2026-05-17,20,100.12,5.931873444011608,0.0,0.0,P,100.12
2026-05-17,21,80.41,-56.26481736111111,0.0,0.0,N,
2026-05-17,22,80.02,-114.67842090643276,0.0,0.0,N,
2026-05-17,23,108.27,50.64123083333333,0.0,0.0,P,108.27
2026-05-17,24,106.25,76.93821305555555,0.0,0.0,P,106.25
2026-05-17,25,109.07,51.15694444444444,0.0,0.0,P,109.07
2026-05-17,26,85.11,-86.41843486111111,0.0,0.0,N,
2026-05-17,27,60.16706708729749,-367.2466447307596,0.0,0.0,N,
2026-05-17,28,3.0,-786.0317414300026,0.0,0.0,N,
2026-05-17,29,3.0,-828.1752592365486,0.0,0.0,N,
2026-05-17,30,3.0,-1047.7001809470808,0.0,0.0,N,
2026-05-17,31,3.0,-805.5691672222222,0.0,0.0,N,
2026-05-17,32,5.0,-495.7958264805135,0.0,0.0,N,
2026-05-17,33,80.41,-58.50171537698413,0.0,0.0,N,
2026-05-17,34,129.0,40.76864315083802,0.0,0.0,P,
2026-05-17,35,93.0,-149.1513733367776,0.0,0.0,N,
2026-05-17,36,157.45,129.64556277056278,0.0,0.0,P,
2026-05-17,37,132.85,114.9483234469697,0.0,0.0,P,
2026-05-17,38,135.64,260.8256051587302,0.0,0.0,P,
2026-05-17,39,137.98,45.72976236110948,0.0,0.0,P,
2026-05-17,40,106.0,-164.99223119261202,0.0,0.0,N,
2026-05-17,41,137.98,16.99341609006734,0.0,0.0,P,
2026-05-17,42,137.98,68.89009698933859,0.0,0.0,P,
2026-05-17,43,157.45,129.01718698773448,0.0,0.0,P,
2026-05-17,44,157.85,162.28333333333333,0.0,0.0,P,
2026-05-17,45,105.11,-32.108333055555555,0.0,0.0,N,
2026-05-17,46,102.53,-28.828796296296296,0.0,0.0,N,
2026-05-17,47,121.91,99.87540944444444,0.0,0.0,P,121.91
2026-05-17,48,117.92,142.30694444444444,0.0,0.0,P,117.92
2026-05-18,1,139.78,190.2552802777778,0.0,0.0,P,139.78
2026-05-18,2,119.32,106.14916680555557,0.0,0.0,P,119.32
2026-05-18,3,115.38,89.94375,0.0,0.0,P,115.38
2026-05-18,4,118.29,129.7078698148148,0.0,0.0,P,118.29
2026-05-18,5,119.63,220.97666666666663,0.0,0.0,P,119.63
2026-05-18,6,136.94,326.0871277991435,0.0,0.0,P,136.94
2026-05-18,7,115.62,154.90833333333333,0.0,0.0,P,115.62
2026-05-18,8,115.97,300.95104166666664,0.0,0.0,P,115.97
2026-05-18,9,118.89,211.35833333333332,0.0,0.0,P,118.89
2026-05-18,10,132.0213696041667,8.77749486111111,0.0,0.0,P,
2026-05-18,11,102.0,-120.56213222884392,0.0,0.0,N,
2026-05-18,12,111.35,-10.509093055555557,0.0,0.0,N,
2026-05-18,13,150.0,66.79125019323672,0.0,0.0,P,
2026-05-18,14,155.57,150.05209083333332,0.0,0.0,P,
2026-05-18,15,109.36,-11.91249523148148,0.0,0.0,N,
2026-05-18,16,103.0,-45.00833305555555,0.0,0.0,N,
2026-05-18,17,101.06,-30.620237345679012,0.0,0.0,N,
2026-05-18,18,92.0,-118.3533298611111,0.0,0.0,N,
2026-05-18,19,150.0,6.6298825,0.0,0.0,P,
2026-05-18,20,155.57,144.23277777777778,0.0,0.0,P,
2026-05-18,21,129.25,133.24320512820512,0.0,0.0,P,
2026-05-18,22,135.85,477.5345780555555,0.0,0.0,P,
2026-05-18,23,131.74,232.34326388888888,0.0,0.0,P,
2026-05-18,24,143.45,330.01925396825396,0.0,0.0,P,
2026-05-18,25,129.25,2.5504422222222223,0.0,0.0,P,
2026-05-18,26,90.75,-88.61666666666666,0.0,0.0,N,90.75
2026-05-18,27,90.75,-56.04401709401709,0.0,0.0,N,90.75
2026-05-18,28,89.5,-116.11028444444445,0.0,0.0,N,
2026-05-18,29,90.21,-113.38571547123016,0.0,0.0,N,
2026-05-18,30,117.0,9.863094126984128,0.0,0.0,P,
2026-05-18,31,88.0,-236.16104465608467,0.0,0.0,N,
2026-05-18,32,90.8,-29.927850315753545,0.0,0.0,N,
2026-05-18,33,90.8,-123.9509825,0.0,0.0,N,
2026-05-18,34,90.8,-155.16512876908038,0.0,0.0,N,
2026-05-18,35,134.98,5.64484492750529,0.0,0.0,P,
2026-05-18,36,87.25,-132.8740590808316,0.0,0.0,N,87.25
2026-05-18,37,134.87444560666688,3.7438969642857143,0.0,0.0,P,
2026-05-18,38,102.87573897078336,-17.08010980612476,0.0,0.0,N,
2026-05-18,39,86.44,-227.77240341189835,0.0,0.0,N,
2026-05-18,40,97.73,-321.8452146825397,0.0,0.0,N,97.73
2026-05-18,41,126.57,-178.90208458333333,0.0,0.0,N,126.57
2026-05-18,42,87.43471751649209,-132.01745777777776,0.0,0.0,N,88.02462176666667
2026-05-18,43,100.41,-52.160300422904456,0.0,0.0,N,100.41
2026-05-18,44,140.85,208.84023595901093,0.0,0.0,P,
2026-05-18,45,133.95,291.91010453582066,0.0,0.0,P,
2026-05-18,46,118.0,4.683333333333334,0.0,0.0,P,
2026-05-18,47,90.01,-138.67569444444445,0.0,0.0,N,90.01
2026-05-18,48,90.02,-177.55707194444443,0.0,0.0,N,90.02
2026-05-19,1,79.09,-65.30210763888888,0.0,0.0,N,79.09
2026-05-19,2,65.74522175803557,-87.24388888888889,0.0,0.0,N,66.2045
2026-05-19,3,66.50125048732767,-97.13138888888888,0.0,0.0,N,66.5124
2026-05-19,4,59.5893514470847,-386.375,0.0,0.0,N,59.64345
2026-05-19,5,58.85940592789681,-267.72673583333335,0.0,0.0,N,58.98903596666667
2026-05-19,6,88.21,-208.55119002556316,0.0,0.0,N,88.21
2026-05-19,7,67.38,-162.37994188271605,0.0,0.0,N,67.38
2026-05-19,8,65.87,-12.389477083333333,0.0,0.0,N,65.87
2026-05-19,9,76.34295862971277,-118.90534208333334,0.0,0.0,N,76.52645739936386
2026-05-19,10,13.27,-76.08645458333334,0.0,0.0,N,13.27
2026-05-19,11,103.95,138.8475026388889,0.0,0.0,P,
2026-05-19,12,103.95,31.371785833333337,0.0,0.0,P,
2026-05-19,13,119.13,198.66302904761903,0.0,0.0,P,
2026-05-19,14,120.13,88.85852722633012,0.0,0.0,P,
2026-05-19,15,132.35053331179213,113.36180992062798,0.0,0.0,P,
2026-05-19,16,135.0,378.5857729340278,0.0,0.0,P,
2026-05-19,17,124.72,36.932073186480174,0.0,0.0,P,
2026-05-19,18,109.62,-349.3284704642857,0.0,0.0,N,109.62
2026-05-19,19,105.06,-303.8323984722222,0.0,0.0,N,105.06
2026-05-19,20,101.23,-184.82182519927537,0.0,0.0,N,101.23
2026-05-19,21,102.14,-112.51246097222224,0.0,0.0,N,102.14
2026-05-19,22,123.59,191.4668992081129,0.0,0.0,P,
2026-05-19,23,127.51,142.99568587585034,0.0,0.0,P,
2026-05-19,24,127.9,179.597083015873,0.0,0.0,P,
2026-05-19,25,126.4,95.35237650793653,0.0,0.0,P,
2026-05-19,26,-4.0,-112.87738331349206,0.0,0.0,N,
2026-05-19,27,-4.0,-183.21241111111112,0.0,0.0,N,
2026-05-19,28,66.24,-338.11348583333336,0.0,0.0,N,66.24
2026-05-19,29,79.98,-186.6341086742424,0.0,0.0,N,79.98
2026-05-19,30,73.35,-177.075,0.0,0.0,N,73.35
2026-05-19,31,62.952450674202936,-159.36711065476192,0.0,0.0,N,63.598166666666664
2026-05-19,32,66.24,-24.539164166666662,0.0,0.0,N,
2026-05-19,33,127.95,153.48025395909647,0.0,0.0,P,
2026-05-19,34,127.95,49.89931623931624,0.0,0.0,P,
2026-05-19,35,129.9,92.77541958333332,0.0,0.0,P,
2026-05-19,36,127.52,26.091665833333337,0.0,0.0,P,
2026-05-19,37,100.0,2.1228025,0.0,0.0,P,
2026-05-19,38,144.5,115.26799944444444,0.0,0.0,P,
2026-05-19,39,144.5,73.48892847222223,0.0,0.0,P,
2026-05-19,40,144.5,175.6565675016886,0.0,0.0,P,
2026-05-19,41,143.9,286.8523583730159,0.0,0.0,P,
2026-05-19,42,134.9,324.9385010010823,0.0,0.0,P,
2026-05-19,43,134.45,407.37199348309986,0.0,0.0,P,
2026-05-19,44,134.45,198.31241434472935,0.0,0.0,P,
2026-05-19,45,134.45,410.0060097122393,0.0,0.0,P,
2026-05-19,46,134.45,324.58399302229225,0.0,0.0,P,
2026-05-19,47,135.0,459.58988095238095,0.0,0.0,P,
2026-05-19,48,135.0,376.62499972222224,0.0,0.0,P,
2026-05-20,1,130.0,205.23147916666667,0.0,0.0,P,
2026-05-20,2,129.9,64.94916654761904,0.0,0.0,P,
2026-05-20,3,98.34,60.1049625,0.0,0.0,P,98.34
2026-05-20,4,98.75,337.7873725,0.0,0.0,P,98.75
2026-05-20,5,94.17,474.4507568055555,0.0,0.0,P,94.17
2026-05-20,6,94.65,380.17083333333335,0.0,0.0,P,94.65
2026-05-20,7,97.77,488.3333306944445,0.0,0.0,P,97.77
2026-05-20,8,98.41,371.0538838888889,0.0,0.0,P,98.41
2026-05-20,9,98.37,110.55604166666669,0.0,0.0,P,98.37
2026-05-20,10,130.0,9.146666666666668,0.0,0.0,P,
2026-05-20,11,78.38,-222.94523587301583,0.0,0.0,N,
2026-05-20,12,101.92,-42.071561304347824,0.0,0.0,N,
2026-05-20,13,130.0,77.96319847222222,0.0,0.0,P,
2026-05-20,14,118.21,55.041254623015874,0.0,0.0,P,118.21
2026-05-20,15,121.403972309585,335.4369815664428,0.0,0.0,P,119.73053333333333
2026-05-20,16,113.04845163679184,677.3608974358974,0.0,0.0,P,108.89398230088496
2026-05-20,17,125.14,728.7,0.0,0.0,P,125.14
2026-05-20,18,122.31,595.65,0.0,0.0,P,122.31
2026-05-20,19,119.78,670.5875,0.0,0.0,P,119.78
2026-05-20,20,120.58,749.1,0.0,0.0,P,120.58
2026-05-20,21,120.77,757.5,0.0,0.0,P,120.77
2026-05-20,22,118.86,691.7666763888889,0.0,0.0,P,118.86
2026-05-20,23,115.91,449.716666489899,0.0,0.0,P,115.91
2026-05-20,24,114.8,656.0375,0.0,0.0,P,114.8
2026-05-20,25,127.36318916086022,654.9743038888889,0.0,0.0,P,127.12116666666668
2026-05-20,26,132.26,707.3958520833334,0.0,0.0,P,132.26
2026-05-20,27,138.68358863427508,743.0328434330787,0.0,0.0,P,138.577
2026-05-20,28,139.25,397.46583555555554,0.0,0.0,P,139.25
2026-05-20,29,136.0,59.28270218207718,0.0,0.0,P,
2026-05-20,30,62.05,-212.3539236111111,0.0,0.0,N,
2026-05-20,31,136.0,6.454988111111111,0.0,0.0,P,
2026-05-20,32,136.0,44.091585741129784,0.0,0.0,P,
2026-05-20,33,90.0,-37.953349253034546,0.0,0.0,N,
2026-05-20,34,62.15,-394.0434858198465,0.0,0.0,N,
2026-05-20,35,87.5,-170.49420159722223,0.0,0.0,N,
2026-05-20,36,82.5,-434.2600997665733,0.0,0.0,N,
2026-05-20,37,87.5,-155.68028046296297,0.0,0.0,N,
2026-05-20,38,87.5,-428.0965679407037,0.0,0.0,N,
2026-05-20,39,80.22,-461.1494519924797,0.0,0.0,N,80.22
2026-05-20,40,87.5,-328.4851799074074,0.0,0.0,N,87.5
2026-05-20,41,87.5,-386.00472873020544,0.0,0.0,N,87.5
2026-05-20,42,139.0,229.45263063492064,0.0,0.0,P,
2026-05-20,43,96.72490510436118,-44.541666921306195,0.0,0.0,N,96.85187485485548
2026-05-20,44,133.22,191.5998313293651,0.0,0.0,P,
2026-05-20,45,155.9,494.5921626984127,0.0,0.0,P,
2026-05-20,46,130.52,113.01365726851851,0.0,0.0,P,
2026-05-20,47,88.08,-256.9248015873016,0.0,0.0,N,
2026-05-20,48,88.08,-269.195901622807,0.0,0.0,N,
2026-05-21,1,91.01,-70.19909266436292,0.0,0.0,N,
2026-05-21,2,88.13,-6.704545454545454,0.0,0.0,N,
2026-05-21,3,88.13,-74.82184921296296,0.0,0.0,N,
2026-05-21,4,88.13,-115.6792094011544,0.0,0.0,N,
2026-05-21,5,85.0,-509.79611825757576,0.0,0.0,N,
2026-05-21,6,88.15,-271.51103109126984,0.0,0.0,N,
2026-05-21,7,88.15,-345.2098728998779,0.0,0.0,N,
2026-05-21,8,88.15,-340.7916984920635,0.0,0.0,N,
2026-05-21,9,85.2,-398.0900267261905,0.0,0.0,N,
2026-05-21,10,85.2,-376.5916522679434,0.0,0.0,N,
2026-05-21,11,88.2,-14.54326923076923,0.0,0.0,N,
2026-05-21,12,98.1,121.61549946581196,0.0,0.0,P,98.1
2026-05-21,13,133.0,289.82165064102566,0.0,0.0,P,133.0
2026-05-21,14,140.0,96.00980936560566,0.0,0.0,P,
2026-05-21,15,90.54,-13.215394736842104,0.0,0.0,N,
2026-05-21,16,142.0,25.830813636363636,0.0,0.0,P,
2026-05-21,17,142.0,153.9231349206349,0.0,0.0,P,142.0
2026-05-21,18,133.0,66.14583333333333,0.0,0.0,P,133.0
2026-05-21,19,129.29,47.25833333333333,0.0,0.0,P,
2026-05-21,20,123.49402603888888,6.183921944444444,0.0,0.0,P,
2026-05-21,21,85.22,-100.77380952380952,0.0,0.0,N,85.22
2026-05-21,22,84.5,-270.0361111111111,0.0,0.0,N,84.5
2026-05-21,23,77.61014054767043,-441.5028381944445,0.0,0.0,N,78.07443472222222
2026-05-21,24,68.65740441499997,-499.7330303030303,0.0,0.0,N,69.20625
2026-05-21,25,61.81841983648497,-182.59483858242623,0.0,0.0,N,62.586
2026-05-21,26,70.49601279557594,-148.05208333333334,0.0,0.0,N,70.57733333333333
2026-05-21,27,66.01724310204787,-329.5423211111111,0.0,0.0,N,66.15925
2026-05-21,28,63.97,-850.1644518055556,0.0,0.0,N,63.97
2026-05-21,29,51.82112800320072,-734.8001200512836,0.0,0.0,N,52.68884578770666
2026-05-21,30,35.53,-625.9149493368839,0.0,0.0,N,35.53
2026-05-21,31,43.00088694482823,-103.6926388888889,0.0,0.0,N,43.05466666666667
2026-05-21,32,68.04,-37.90049805555556,0.0,0.0,N,
2026-05-21,33,149.9,56.198177083333334,0.0,0.0,P,
2026-05-21,34,143.0,60.71209962498398,0.0,0.0,P,
2026-05-21,35,149.9,268.96840519282074,0.0,0.0,P,
2026-05-21,36,149.9,307.46076955153035,0.0,0.0,P,
2026-05-21,37,152.9,293.8588252447552,0.0,0.0,P,
2026-05-21,38,156.0,626.6528823931624,0.0,0.0,P,
2026-05-21,39,160.0,771.8363379319292,0.0,0.0,P,
2026-05-21,40,176.22,738.9038924120518,0.0,0.0,P,
2026-05-21,41,189.0,749.9268427966903,0.0,0.0,P,
2026-05-21,42,197.51,1024.713895236928,0.0,0.0,P,
2026-05-21,43,193.78407040211624,757.1636759187217,0.0,0.0,P,
2026-05-21,44,134.0,123.8685137085137,0.0,0.0,P,
2026-05-21,45,180.81,542.2960507683982,0.0,0.0,P,
2026-05-21,46,134.0,18.16958140873016,0.0,0.0,P,
2026-05-21,47,156.0,160.0361111111111,0.0,0.0,P,156.0
2026-05-21,48,99.6,-53.06426287037037,0.0,0.0,N,
2026-05-22,1,117.68,52.40165521164021,0.0,0.0,P,117.68
2026-05-22,2,165.0,411.8122222222222,0.0,0.0,P,165.0
2026-05-22,3,132.98,569.7877043969177,0.0,0.0,P,132.98
2026-05-22,4,117.52,321.7509904733424,0.0,0.0,P,117.52
2026-05-22,5,116.55,106.77675766081872,0.0,0.0,P,116.55
2026-05-22,6,111.34,48.12656375,0.0,0.0,P,111.34
2026-05-22,7,116.01,120.16182507936507,0.0,0.0,P,116.01
2026-05-22,8,108.4,298.00416666666666,0.0,0.0,P,108.4
2026-05-22,9,140.0,317.60146579545454,0.0,0.0,P,140.0
2026-05-22,10,140.0,115.77905625,0.0,0.0,P,140.0
2026-05-22,11,90.8875200800475,-109.00344930555556,0.0,0.0,N,
2026-05-22,12,86.71,-395.43978625132905,0.0,0.0,N,
2026-05-22,13,86.71,-365.86199498538014,0.0,0.0,N,
2026-05-22,14,85.0,-224.35940527777777,0.0,0.0,N,85.0
2026-05-22,15,129.45,20.89991338134083,0.0,0.0,P,
2026-05-22,16,88.43,-40.733549203296704,0.0,0.0,N,
2026-05-22,17,86.53962315983257,-107.64071805555557,0.0,0.0,N,
2026-05-22,18,88.43,-37.35173815025252,0.0,0.0,N,
2026-05-22,19,119.0,17.94782005952381,0.0,0.0,P,
2026-05-22,20,104.75916804328206,75.45282740740741,0.0,0.0,P,
2026-05-22,21,104.85,55.073109537037034,0.0,0.0,P,
2026-05-22,22,114.85,232.32976845238096,0.0,0.0,P,
2026-05-22,23,112.9,199.90458508903137,0.0,0.0,P,
2026-05-22,24,60.0,-152.60551583355138,0.0,0.0,N,60.0
2026-05-22,25,101.24,11.158333333333331,0.0,0.0,P,
2026-05-22,26,111.31259887825614,139.2616669871795,0.0,0.0,P,
2026-05-22,27,105.16,417.5833375462963,0.0,0.0,P,105.16
2026-05-22,28,83.42,393.86333333333334,0.0,0.0,P,83.42
2026-05-22,29,74.47,-27.85883634637188,0.0,0.0,N,
2026-05-22,30,55.01,-16.854304305555555,0.0,0.0,N,
2026-05-22,31,51.3,-184.425,0.0,0.0,N,
2026-05-22,32,112.9,107.29167066094868,0.0,0.0,P,
2026-05-22,33,73.84,-42.001806375661374,0.0,0.0,N,
2026-05-22,34,71.18,-68.9350451887294,0.0,0.0,N,
2026-05-22,35,106.94,-57.788542453703705,0.0,0.0,N,106.94
2026-05-22,36,129.7,121.15537037037036,0.0,0.0,P,
2026-05-22,37,140.16,196.80925305555556,0.0,0.0,P,
2026-05-22,38,148.69,529.6426899361629,0.0,0.0,P,
2026-05-22,39,154.91,125.27143365457675,0.0,0.0,P,
2026-05-22,40,157.32,82.5055104225443,0.0,0.0,P,
2026-05-22,41,152.85,201.2087534185341,0.0,0.0,P,
2026-05-22,42,184.64,729.492835469544,0.0,0.0,P,
2026-05-22,43,202.7,733.2482913805552,0.0,0.0,P,
2026-05-22,44,183.12,512.8043459286547,0.0,0.0,P,
2026-05-22,45,99.34,-83.66402261904761,0.0,0.0,N,
2026-05-22,46,99.35,-54.67017204359623,0.0,0.0,N,
2026-05-22,47,152.85,293.497354509741,0.0,0.0,P,152.85
2026-05-22,48,152.85,249.61368077498344,0.0,0.0,P,152.85
2026-05-23,1,152.85,147.51485809920635,0.0,0.0,P,
2026-05-23,2,94.35,-57.72893884502924,0.0,0.0,N,
2026-05-23,3,97.3304,-86.6682575,0.0,0.0,N,
2026-05-23,4,95.62,-132.45256208333333,0.0,0.0,N,
2026-05-23,5,96.79,-30.748251845238094,0.0,0.0,N,
2026-05-23,6,93.33,-98.3638888888889,0.0,0.0,N,
2026-05-23,7,90.0,-67.37435897435897,0.0,0.0,N,
2026-05-23,8,93.0,-41.23472805555556,0.0,0.0,N,
2026-05-23,9,128.79,38.86776694444445,0.0,0.0,P,
2026-05-23,10,83.0,-8.208822222222222,0.0,0.0,N,
2026-05-23,11,47.0,-233.425,0.0,0.0,N,47.0
2026-05-23,12,47.0,-539.6696497185026,0.0,0.0,N,47.0
2026-05-23,13,75.0,-251.02078128563485,0.0,0.0,N,75.0
2026-05-23,14,114.0,15.075611574074074,0.0,0.0,P,
2026-05-23,15,85.0,-8.466159953703704,0.0,0.0,N,
2026-05-23,16,109.12,76.0547325,0.0,0.0,P,
2026-05-23,17,87.5,-132.58262861111112,0.0,0.0,N,87.5
2026-05-23,18,96.25,-69.5451248611111,0.0,0.0,N,96.25
2026-05-23,19,115.0,209.4588586111111,0.0,0.0,P,
2026-05-23,20,115.0,245.8202202429717,0.0,0.0,P,
2026-05-23,21,128.45,417.7575092118178,0.0,0.0,P,
2026-05-23,22,125.0,250.319539761396,0.0,0.0,P,
2026-05-23,23,75.15598072967086,-150.64578592592594,0.0,0.0,N,75.1568281938326
2026-05-23,24,96.19,-135.2785827876984,0.0,0.0,N,96.19
2026-05-23,25,110.33042333418643,7.344364384920635,0.0,0.0,P,
2026-05-23,26,75.0,-36.808337083333335,0.0,0.0,N,
2026-05-23,27,106.48,151.90814,0.0,0.0,P,
2026-05-23,28,110.08,227.35109333333332,0.0,0.0,P,
2026-05-23,29,110.0,114.3987428001792,0.0,0.0,P,
2026-05-23,30,124.0,335.60505605637655,0.0,0.0,P,
2026-05-23,31,124.0,145.9798011111111,0.0,0.0,P,
2026-05-23,32,124.0,93.17833333333331,0.0,0.0,P,
2026-05-23,33,124.0,106.73679487179488,0.0,0.0,P,
2026-05-23,34,124.0,38.12738231329495,0.0,0.0,P,
2026-05-23,35,124.23,-58.51867414139825,0.0,0.0,N,124.23
2026-05-23,36,105.5,-20.52916204520697,0.0,0.0,N,105.5
2026-05-23,37,119.54,-2.652766698179272,0.0,0.0,N,119.54
2026-05-23,38,141.0,33.99412125,0.0,0.0,P,
2026-05-23,39,107.36,-4.430551987547893,0.0,0.0,N,107.36
2026-05-23,40,141.0,129.00865158270236,0.0,0.0,P,
2026-05-23,41,141.0,77.96944444444445,0.0,0.0,P,
2026-05-23,42,141.0,149.2532917008628,0.0,0.0,P,
2026-05-23,43,156.9,329.17259993686866,0.0,0.0,P,
2026-05-23,44,146.36,219.89885722222223,0.0,0.0,P,
2026-05-23,45,144.52,212.0510203661616,0.0,0.0,P,
2026-05-23,46,137.28827048412407,66.72823428751803,0.0,0.0,P,
2026-05-23,47,105.41,-7.556,0.0,0.0,N,
2026-05-23,48,113.41,-76.02908133724833,0.0,0.0,N,113.41
2026-05-24,1,111.81,-5.381060606060606,0.0,0.0,N,111.81
2026-05-24,2,129.6,37.376296296296296,0.0,0.0,P,
2026-05-24,3,86.0,-45.00859754629629,0.0,0.0,N,86.0
2026-05-24,4,110.81,-5.919742083333333,0.0,0.0,N,110.81
2026-05-24,5,122.19606817751892,13.410606388888889,0.0,0.0,P,
2026-05-24,6,106.19,-17.679027777777776,0.0,0.0,N,106.19
2026-05-24,7,127.28,214.69739208333337,0.0,0.0,P,
2026-05-24,8,125.0,375.9615541820988,0.0,0.0,P,
2026-05-24,9,119.9,114.30773828385205,0.0,0.0,P,
2026-05-24,10,104.69,-17.991666666666667,0.0,0.0,N,104.69
2026-05-24,11,78.17546022087502,-65.31666666666666,0.0,0.0,N,78.28125694444445
2026-05-24,12,100.3,-26.404015511695903,0.0,0.0,N,
2026-05-24,13,80.0,-122.1058382870139,0.0,0.0,N,80.0
2026-05-24,14,87.17,-149.16666666666666,0.0,0.0,N,87.17
2026-05-24,15,109.01,42.53109993421052,0.0,0.0,P,
2026-05-24,16,80.0,-169.66360342013888,0.0,0.0,N,80.0
2026-05-24,17,20.0,-248.82604166666667,0.0,0.0,N,20.0
2026-05-24,18,80.0,-230.281629318394,0.0,0.0,N,
2026-05-24,19,20.0,-191.94927058239963,0.0,0.0,N,
2026-05-24,20,75.0,-105.85297619047618,0.0,0.0,N,75.0
2026-05-24,21,84.3,70.48083166874758,0.0,0.0,P,84.3
2026-05-24,22,77.54,18.669425116959065,0.0,0.0,P,77.54
2026-05-24,23,82.34,13.213608444444445,0.0,0.0,P,
2026-05-24,24,90.0,75.0825,0.0,0.0,P,
2026-05-24,25,86.99,23.733086944444445,0.0,0.0,P,
2026-05-24,26,118.0,45.37661611111111,0.0,0.0,P,
2026-05-24,27,105.05087359663256,164.01594847126609,0.0,0.0,P,103.84735
2026-05-24,28,72.08,100.578125,0.0,0.0,P,72.08
2026-05-24,29,37.62,-88.73333333333333,0.0,0.0,N,
2026-05-24,30,63.0,-27.215,0.0,0.0,N,
2026-05-24,31,-6.2,-273.4559782608696,0.0,0.0,N,
2026-05-24,32,-13.6,-350.69666680555554,0.0,0.0,N,
2026-05-24,33,118.0,148.4110521474359,0.0,0.0,P,
2026-05-24,34,1.22,-36.12969959986773,0.0,0.0,N,
2026-05-24,35,94.91,-252.5242960167835,0.0,0.0,N,94.91
2026-05-24,36,55.0,-345.6886106092108,0.0,0.0,N,
2026-05-24,37,79.0,-843.7606974140211,0.0,0.0,N,79.0
2026-05-24,38,89.2,-227.89559921296296,0.0,0.0,N,
2026-05-24,39,130.0,57.93498464646465,0.0,0.0,P,
2026-05-24,40,131.68,157.44289722222223,0.0,0.0,P,
2026-05-24,41,135.01,237.1886751839827,0.0,0.0,P,
2026-05-24,42,91.5,-6.799705019841269,0.0,0.0,N,
2026-05-24,43,133.18584089468044,74.79872402777778,0.0,0.0,P,
2026-05-24,44,130.0,70.74387884401709,0.0,0.0,P,
2026-05-24,45,144.49,114.27596504629628,0.0,0.0,P,
2026-05-24,46,85.0,-107.50277861111113,0.0,0.0,N,85.0
2026-05-24,47,93.01,-10.429166666666667,0.0,0.0,N,
2026-05-24,48,89.3,-24.108562335858583,0.0,0.0,N,
2026-05-25,1,89.3,-24.339843304843303,0.0,0.0,N,
2026-05-25,2,145.0,28.074999963235292,0.0,0.0,P,145.0
2026-05-25,3,145.0,38.8618269742094,0.0,0.0,P,145.0
2026-05-25,4,89.3,-20.829902869117166,0.0,0.0,N,
2026-05-25,5,87.8,-3.2041670512820515,0.0,0.0,N,
2026-05-25,6,87.45,-54.7533350595,0.0,0.0,N,87.45
2026-05-25,7,87.45,-115.04791666666668,0.0,0.0,N,87.45
2026-05-25,8,75.0,-221.95,0.0,0.0,N,
2026-05-25,9,85.0,-83.94666666666667,0.0,0.0,N,
2026-05-25,10,80.0,-168.60239348370928,0.0,0.0,N,
2026-05-25,11,80.0,-171.85245098039215,0.0,0.0,N,80.0
2026-05-25,12,80.0,-224.2259259259259,0.0,0.0,N,80.0
2026-05-25,13,75.0,-290.95145625,0.0,0.0,N,
2026-05-25,14,75.0,-451.020686325188,0.0,0.0,N,75.0
2026-05-25,15,81.45,-108.63230597222224,0.0,0.0,N,
2026-05-25,16,94.47,58.61949494949495,0.0,0.0,P,94.47
2026-05-25,17,70.0,-197.59040282828283,0.0,0.0,N,70.0
2026-05-25,18,70.0,-96.06588888888888,0.0,0.0,N,70.0
2026-05-25,19,87.0,-263.1782471626984,0.0,0.0,N,
2026-05-25,20,75.5,-603.7017401953602,0.0,0.0,N,
2026-05-25,21,76.95,-108.01606646655812,0.0,0.0,N,
2026-05-25,22,76.0,-176.65195767195766,0.0,0.0,N,
2026-05-25,23,73.1,-126.3306425925926,0.0,0.0,N,
2026-05-25,24,73.2,-206.9592003968254,0.0,0.0,N,
2026-05-25,25,73.25,-191.11751164021163,0.0,0.0,N,
2026-05-25,26,85.28,86.41425925925925,0.0,0.0,P,85.28
2026-05-25,27,86.23,3.3166527777777777,0.0,0.0,P,86.23
2026-05-25,28,74.7,-123.20748327809856,0.0,0.0,N,
2026-05-25,29,75.1,-66.36491315789473,0.0,0.0,N,
2026-05-25,30,107.9,22.955500731940123,0.0,0.0,P,
2026-05-25,31,81.11,-52.79376557741589,0.0,0.0,N,
2026-05-25,32,94.02,-12.099511124244692,0.0,0.0,N,
2026-05-25,33,90.79,-35.92027808006536,0.0,0.0,N,
2026-05-25,34,92.74,-113.05374517509289,0.0,0.0,N,
2026-05-25,35,65.1,-374.76666208333336,0.0,0.0,N,
2026-05-25,36,75.37659168360953,-294.98580321428574,0.0,0.0,N,75.72166666666666
2026-05-25,37,138.8,84.07083277777778,0.0,0.0,P,
2026-05-25,38,150.9,335.202249724026,0.0,0.0,P,
2026-05-25,39,152.64,397.2392987736578,0.0,0.0,P,
2026-05-25,40,174.99,598.1821356223958,0.0,0.0,P,
2026-05-25,41,178.3,717.9811777168408,0.0,0.0,P,
2026-05-25,42,178.99,707.3465563566782,0.0,0.0,P,
2026-05-25,43,138.8,60.22278965885817,0.0,0.0,P,
2026-05-25,44,138.8,7.147422325268817,0.0,0.0,P,
2026-05-25,45,129.89,90.98023996031746,0.0,0.0,P,
2026-05-25,46,128.89,97.76576873655914,0.0,0.0,P,
2026-05-25,47,128.89,281.4667738888889,0.0,0.0,P,128.89
2026-05-25,48,128.49,34.988680555555554,0.0,0.0,P,
2026-05-26,1,128.49,99.31313409090907,0.0,0.0,P,128.49
2026-05-26,2,108.28,25.57111111111111,0.0,0.0,P,108.28
2026-05-26,3,95.48572621745024,-10.077777777777778,0.0,0.0,N,
2026-05-26,4,93.99,-26.184571266233768,0.0,0.0,N,
2026-05-26,5,117.47,106.26522574494948,0.0,0.0,P,117.47
2026-05-26,6,107.04,97.7796672077922,0.0,0.0,P,107.04
2026-05-26,7,85.55,-141.45071753885003,0.0,0.0,N,
2026-05-26,8,85.56,-92.05781842948718,0.0,0.0,N,
2026-05-26,9,87.51,-150.18833333333333,0.0,0.0,N,
2026-05-26,10,86.7,-131.03008547008548,0.0,0.0,N,
2026-05-26,11,111.21,138.20300061050062,0.0,0.0,P,111.21
2026-05-26,12,96.35,-32.31964285714286,0.0,0.0,N,
2026-05-26,13,96.35,-147.90515831349205,0.0,0.0,N,
2026-05-26,14,93.99,-409.9230031901318,0.0,0.0,N,
2026-05-26,15,85.75,-343.24831425518926,0.0,0.0,N,
2026-05-26,16,86.9,-164.25127508087988,0.0,0.0,N,
2026-05-26,17,144.49,91.74995957251082,0.0,0.0,P,
2026-05-26,18,144.49,83.10051101190476,0.0,0.0,P,
2026-05-26,19,150.0,164.1818382936508,0.0,0.0,P,
2026-05-26,20,144.49,39.030549722222226,0.0,0.0,P,
2026-05-26,21,144.49,85.49444444444444,0.0,0.0,P,
2026-05-26,22,96.6,-44.19200496031746,0.0,0.0,N,
2026-05-26,23,86.25,-63.77671717171717,0.0,0.0,N,
2026-05-26,24,134.32,10.60952380952381,0.0,0.0,P,
2026-05-26,25,86.25,-34.40000236111111,0.0,0.0,N,86.25
2026-05-26,26,86.50143254370848,-125.34280833333334,0.0,0.0,N,86.50533333333334
2026-05-26,27,86.52,-153.19493537037036,0.0,0.0,N,86.52
2026-05-26,28,128.65,34.76138597222222,0.0,0.0,P,
2026-05-26,29,86.52,-3.1419626960784313,0.0,0.0,N,
2026-05-26,30,125.0,94.91699652777778,0.0,0.0,P,
2026-05-26,31,145.37,135.98066700396825,0.0,0.0,P,
2026-05-26,32,150.0,54.603219662698415,0.0,0.0,P,
2026-05-26,33,158.95,19.304166666666667,0.0,0.0,P,
2026-05-26,34,150.0,110.66030825617284,0.0,0.0,P,
2026-05-26,35,150.0,22.716996617101657,0.0,0.0,P,
2026-05-26,36,86.05,-276.8185654936355,0.0,0.0,N,
2026-05-26,37,144.65070361250142,40.01044714118021,0.0,0.0,P,
2026-05-26,38,166.9,257.03995353357936,0.0,0.0,P,
2026-05-26,39,165.0,186.7612712529709,0.0,0.0,P,
2026-05-26,40,165.0,89.00007395833333,0.0,0.0,P,
2026-05-26,41,141.0,131.4736650925926,0.0,0.0,P,
2026-05-26,42,117.1,-58.49967902777778,0.0,0.0,N,
2026-05-26,43,141.0,67.4203373015873,0.0,0.0,P,
2026-05-26,44,141.0,96.0686507936508,0.0,0.0,P,
2026-05-26,45,141.0,53.78888666666667,0.0,0.0,P,
2026-05-26,46,141.0,170.91555555555556,0.0,0.0,P,
2026-05-26,47,167.6,568.7488059290486,0.0,0.0,P,167.6
2026-05-26,48,167.6,490.86627903439154,0.0,0.0,P,167.6
2026-05-27,1,90.94,-106.36662097973786,0.0,0.0,N,
2026-05-27,2,87.25,-296.65264484848484,0.0,0.0,N,
2026-05-27,3,91.52,-65.84722208333334,0.0,0.0,N,
2026-05-27,4,90.58,-16.172122235449734,0.0,0.0,N,
2026-05-27,5,108.53,37.92049847883598,0.0,0.0,P,108.53
2026-05-27,6,87.25,-92.3564761574074,0.0,0.0,N,
2026-05-27,7,130.0,15.466668672839504,0.0,0.0,P,
2026-05-27,8,88.0,-55.60543484126984,0.0,0.0,N,
2026-05-27,9,87.1,-55.72265881250751,0.0,0.0,N,
2026-05-27,10,129.9,72.64584277777777,0.0,0.0,P,
2026-05-27,11,129.9,261.7943796957672,0.0,0.0,P,129.9
2026-05-27,12,142.0,275.8708195679012,0.0,0.0,P,142.0
2026-05-27,13,139.49,225.55192432192808,0.0,0.0,P,
2026-05-27,14,139.4,266.27154488773573,0.0,0.0,P,
2026-05-27,15,135.0,28.789838472222225,0.0,0.0,P,
2026-05-27,16,87.1,-263.3960336462149,0.0,0.0,N,
2026-05-27,17,87.1,-158.8023560689484,0.0,0.0,N,
2026-05-27,18,87.1,-94.26427898809524,0.0,0.0,N,
2026-05-27,19,87.1,-184.7433690079365,0.0,0.0,N,
2026-05-27,20,85.5,-53.681118958032705,0.0,0.0,N,
2026-05-27,21,85.67,-13.105432202206396,0.0,0.0,N,
2026-05-27,22,135.0,178.0831651914576,0.0,0.0,P,
2026-05-27,23,77.0,-32.52157956567477,0.0,0.0,N,
2026-05-27,24,135.0,94.1185334960022,0.0,0.0,P,
2026-05-27,25,112.0,5.732344944168735,0.0,0.0,P,
2026-05-27,26,75.1,-41.166668888888886,0.0,0.0,N,
2026-05-27,27,70.0,-277.22361472222224,0.0,0.0,N,
2026-05-27,28,70.0,-125.18154111111112,0.0,0.0,N,
2026-05-27,29,63.8,-577.5826172420635,0.0,0.0,N,
2026-05-27,30,64.5,-455.3350678968254,0.0,0.0,N,
2026-05-27,31,64.5,-593.2773901388889,0.0,0.0,N,
2026-05-27,32,64.5,-609.9654911309524,0.0,0.0,N,
2026-05-27,33,65.0,-494.6424812788468,0.0,0.0,N,
2026-05-27,34,60.1,-440.9724588425926,0.0,0.0,N,
2026-05-27,35,60.1,-805.7225508740826,0.0,0.0,N,
2026-05-27,36,67.61,-347.07766041353386,0.0,0.0,N,
2026-05-27,37,71.0,-308.5332680952381,0.0,0.0,N,
2026-05-27,38,139.48,122.52958375,0.0,0.0,P,
2026-05-27,39,139.48,130.56469131411112,0.0,0.0,P,
2026-05-27,40,139.48,129.66142676587302,0.0,0.0,P,
2026-05-27,41,139.48,126.90912767857142,0.0,0.0,P,
2026-05-27,42,139.48,35.785713888888885,0.0,0.0,P,
2026-05-27,43,110.01,29.81399523809524,0.0,0.0,P,
2026-05-27,44,148.88,342.67536861111114,0.0,0.0,P,
2026-05-27,45,124.4,91.57461458333331,0.0,0.0,P,
2026-05-27,46,121.9,148.85414305555557,0.0,0.0,P,
2026-05-27,47,94.02,-36.4675075,0.0,0.0,N,
2026-05-27,48,90.48,-59.34166666666667,0.0,0.0,N,
2026-05-28,1,89.92,-69.88318342592592,0.0,0.0,N,
2026-05-28,2,89.92,-67.74138472222222,0.0,0.0,N,
2026-05-28,3,101.58,23.162996944444444,0.0,0.0,P,101.58
2026-05-28,4,83.1,-322.9270833333333,0.0,0.0,N,
2026-05-28,5,81.6,-306.2338236111111,0.0,0.0,N,
2026-05-28,6,78.09,-546.83125,0.0,0.0,N,
2026-05-28,7,78.09,-447.8252503703704,0.0,0.0,N,
2026-05-28,8,78.2,-216.775,0.0,0.0,N,
2026-05-28,9,78.2,-118.79583333333332,0.0,0.0,N,
2026-05-28,10,78.2,-150.09721152777777,0.0,0.0,N,
2026-05-28,11,104.56,102.67555244444443,0.0,0.0,P,104.56
2026-05-28,12,100.0,270.9697007828283,0.0,0.0,P,100.0
2026-05-28,13,98.3,264.9368558333333,0.0,0.0,P,98.3
2026-05-28,14,103.77,185.2650229761905,0.0,0.0,P,103.77
2026-05-28,15,129.0,256.5532058333333,0.0,0.0,P,129.0
2026-05-28,16,78.91,-60.49370194353311,0.0,0.0,N,
2026-05-28,17,74.94,-453.6262028703704,0.0,0.0,N,
2026-05-28,18,51.15,-531.5713047812736,0.0,0.0,N,
2026-05-28,19,51.1,-993.95368166023,0.0,0.0,N,
2026-05-28,20,50.83,-1030.461325691473,0.0,0.0,N,
2026-05-28,21,27.73,-939.5478852838828,0.0,0.0,N,
2026-05-28,22,9.996556523864545,-702.7839516619769,0.0,0.0,N,
2026-05-28,23,-14.06,-162.04619083333333,0.0,0.0,N,
2026-05-28,24,-20.0,-438.3474754545455,0.0,0.0,N,
2026-05-28,25,-25.53,-539.7222230555556,0.0,0.0,N,
2026-05-28,26,-25.53,-580.4825905555556,0.0,0.0,N,
2026-05-28,27,-27.51,-635.675,0.0,0.0,N,
2026-05-28,28,-27.51,-686.725,0.0,0.0,N,
2026-05-28,29,-26.58,-603.8194666666667,0.0,0.0,N,
2026-05-28,30,-26.58,-547.5383980555556,0.0,0.0,N,
2026-05-28,31,-14.06,-242.12759777777777,0.0,0.0,N,
2026-05-28,32,9.44,157.2712037037037,0.0,0.0,P,
2026-05-28,33,107.0,46.15393329739232,0.0,0.0,P,
2026-05-28,34,79.5,-10.916666921610837,0.0,0.0,N,79.5
2026-05-28,35,98.24,-143.98778841889592,0.0,0.0,N,98.24
2026-05-28,36,93.74,-590.4213776388889,0.0,0.0,N,93.74
2026-05-28,37,101.3835949922386,-236.38515568580544,0.0,0.0,N,107.77879981223391
2026-05-28,38,123.5,-349.11689417524235,0.0,0.0,N,123.5
2026-05-28,39,94.72,-267.7679260684745,0.0,0.0,N,94.72
2026-05-28,40,112.52,-384.8959807482079,0.0,0.0,N,112.52
2026-05-28,41,114.52,-47.625255753968254,0.0,0.0,N,114.52
2026-05-28,42,123.23,17.10439011824571,0.0,0.0,P,
2026-05-28,43,114.03,-18.998111994958332,0.0,0.0,N,114.03
2026-05-28,44,134.9,148.13768478157107,0.0,0.0,P,
2026-05-28,45,128.49,197.4308195017544,0.0,0.0,P,
2026-05-28,46,119.4,28.573019319087702,0.0,0.0,P,
2026-05-28,47,120.89,40.90309205808081,0.0,0.0,P,
2026-05-28,48,101.71,-158.62241196088888,0.0,0.0,N,101.71
2026-05-29,1,120.89,46.4303785,0.0,0.0,P,
2026-05-29,2,105.81,-62.685415416666665,0.0,0.0,N,105.81
2026-05-29,3,126.85,226.6609826315787,0.0,0.0,P,
2026-05-29,4,126.85,140.1029125545635,0.0,0.0,P,
2026-05-29,5,126.85,268.22038594444444,0.0,0.0,P,
2026-05-29,6,130.0,433.95840444444445,0.0,0.0,P,
2026-05-29,7,129.0,394.4608862247592,0.0,0.0,P,
2026-05-29,8,126.85,110.91436445665444,0.0,0.0,P,
2026-05-29,9,125.8,23.485134834147335,0.0,0.0,P,
2026-05-29,10,110.03,-291.224347232906,0.0,0.0,N,110.03
2026-05-29,11,125.2,78.26681875,0.0,0.0,P,
2026-05-29,12,126.85,70.60410680555556,0.0,0.0,P,
2026-05-29,13,80.96,-109.71870245368056,0.0,0.0,N,
2026-05-29,14,87.57,-43.99625180555555,0.0,0.0,N,
2026-05-29,15,78.0,-300.71265569444444,0.0,0.0,N,
2026-05-29,16,78.2,-201.9577643768423,0.0,0.0,N,78.2
2026-05-29,17,93.66543803927588,-381.4853403218695,0.0,0.0,N,95.20062158302468
2026-05-29,18,86.2,-331.5322552777778,0.0,0.0,N,86.2
2026-05-29,19,61.108075178876206,-58.84643244543876,0.0,0.0,N,61.357191066666665
2026-05-29,20,120.1,172.45883902380066,0.0,0.0,P,
2026-05-29,21,112.0,188.50273112484737,0.0,0.0,P,
2026-05-29,22,104.5,60.88193403906051,0.0,0.0,P,
2026-05-29,23,53.267973300294514,-174.14909562601665,0.0,0.0,N,54.04070493333333
2026-05-29,24,59.86377048334619,-228.20899930575663,0.0,0.0,N,60.70483333333333
2026-05-29,25,48.82864600966159,-400.2341762962963,0.0,0.0,N,49.632
2026-05-29,26,71.32,-641.0254432407407,0.0,0.0,N,71.32
2026-05-29,27,54.0,-254.00548069866204,0.0,0.0,N,54.0
2026-05-29,28,97.5,95.46292463331449,0.0,0.0,P,
2026-05-29,29,76.07153782049727,-78.17744544433688,0.0,0.0,N,
2026-05-29,30,4.74,-759.5105152584845,0.0,0.0,N,4.74
2026-05-29,31,1.0,-1129.5824093431336,0.0,0.0,N,1.0
2026-05-29,32,24.63603070315569,-1349.4575993101112,0.0,0.0,N,25.322916666666668
2026-05-29,33,53.0,-572.8125156139517,0.0,0.0,N,53.0
2026-05-29,34,88.74,-338.9362366870869,0.0,0.0,N,88.74
2026-05-29,35,89.77,-280.8859694632936,0.0,0.0,N,89.77
2026-05-29,36,95.76,-147.95184674144662,0.0,0.0,N,95.76
2026-05-29,37,101.3,-340.7419887631394,0.0,0.0,N,101.3
2026-05-29,38,113.96,-166.03128630502272,0.0,0.0,N,113.96
2026-05-29,39,127.01690949543682,-403.94250093610134,0.0,0.0,N,130.35352968344762
2026-05-29,40,91.5,-98.28874806421469,0.0,0.0,N,91.5
2026-05-29,41,149.0,81.42451541666667,0.0,0.0,P,
2026-05-29,42,149.0,65.67447283831152,0.0,0.0,P,
2026-05-29,43,129.02,-219.2369362293693,0.0,0.0,N,129.02
2026-05-29,44,128.02,-152.22066315893926,0.0,0.0,N,128.02
2026-05-29,45,117.2,-100.17726125571664,0.0,0.0,N,117.2
2026-05-29,46,116.16,-197.78176373917748,0.0,0.0,N,116.16
2026-05-29,47,124.6,47.86223461335587,0.0,0.0,P,
2026-05-29,48,110.96,-205.03259503968255,0.0,0.0,N,110.96
2026-05-30,1,109.94,-105.198032702755,0.0,0.0,N,109.94
2026-05-30,2,107.54,-270.22177798705366,0.0,0.0,N,107.54
2026-05-30,3,-3.62,-45.40582077788757,0.0,0.0,N,
2026-05-30,4,107.47,-196.1118163163818,0.0,0.0,N,107.47
2026-05-30,5,96.4,0.032507032935917,0.0,0.0,P,
2026-05-30,6,118.61574165111442,179.89191043209877,0.0,0.0,P,
2026-05-30,7,108.12,-3.1281944444444445,0.0,0.0,N,108.12
2026-05-30,8,133.0,60.57666416666667,0.0,0.0,P,
2026-05-30,9,99.0,-6.283900138888889,0.0,0.0,N,
2026-05-30,10,133.0,110.57777777777778,0.0,0.0,P,
2026-05-30,11,133.0,299.44444444444446,0.0,0.0,P,133.0
2026-05-30,12,90.5,-45.95804521825397,0.0,0.0,N,
2026-05-30,13,133.0,271.5952380952381,0.0,0.0,P,133.0
2026-05-30,14,133.0,70.15972222222223,0.0,0.0,P,
2026-05-30,15,133.0,195.6653059126984,0.0,0.0,P,133.0
2026-05-30,16,133.0,38.19047619047619,0.0,0.0,P,
2026-05-30,17,82.99,-8.330556186868687,0.0,0.0,N,
2026-05-30,18,83.09510639920174,-166.3426324228395,0.0,0.0,N,
2026-05-30,19,87.0,-72.43395166666667,0.0,0.0,N,
2026-05-30,20,99.34,10.366492777777776,0.0,0.0,P,99.34
2026-05-30,21,112.61459462319056,38.02972347222222,0.0,0.0,P,112.13038030166192
2026-05-30,22,108.87,32.07769685946438,0.0,0.0,P,108.87
2026-05-30,23,94.16,27.571248611111113,0.0,0.0,P,94.16
2026-05-30,24,120.0,66.25894799603175,0.0,0.0,P,120.0
2026-05-30,25,120.0,20.14471741452991,0.0,0.0,P,
2026-05-30,26,106.56206616307747,176.31763033831763,0.0,0.0,P,106.552
2026-05-30,27,96.74,108.15899627172344,0.0,0.0,P,96.74
2026-05-30,28,87.0,-25.921832959085933,0.0,0.0,N,
2026-05-30,29,119.83028586915376,161.75899591269842,0.0,0.0,P,118.00391666666668
2026-05-30,30,125.04017909782766,483.6715326644048,0.0,0.0,P,123.92204166666669
2026-05-30,31,138.1548313231781,396.569726287788,0.0,0.0,P,136.9258573011342
2026-05-30,32,153.3169216913631,440.572985473138,0.0,0.0,P,151.25866666666667
2026-05-30,33,133.38836668263048,316.94221175266864,0.0,0.0,P,132.16263427777778
2026-05-30,34,136.17685660074395,63.98555402777778,0.0,0.0,P,135.48841666666667
2026-05-30,35,90.01,-94.21459748737374,0.0,0.0,N,
2026-05-30,36,68.0,-137.93106371360665,0.0,0.0,N,
2026-05-30,37,115.27,37.28023390756302,0.0,0.0,P,115.27
2026-05-30,38,100.41,-13.961849537037038,0.0,0.0,N,
2026-05-30,39,120.69,165.72132002100693,0.0,0.0,P,120.69
2026-05-30,40,121.3,9.12332889644036,0.0,0.0,P,121.3
2026-05-30,41,99.4,-124.2,0.0,0.0,N,
2026-05-30,42,132.22363834970224,29.624257399455907,0.0,0.0,P,131.75998897210866
2026-05-30,43,134.78336487152336,308.2118725,0.0,0.0,P,134.6606596111111
2026-05-30,44,115.67,84.12501055555556,0.0,0.0,P,115.67
2026-05-30,45,131.04300499672368,503.7699954166667,0.0,0.0,P,130.59333333333333
2026-05-30,46,116.48,239.81762820512824,0.0,0.0,P,116.48
2026-05-30,47,90.43,-62.72534947182158,0.0,0.0,N,
2026-05-30,48,87.11,-126.52871654320988,0.0,0.0,N,
2026-05-31,1,90.26,-39.37833448717949,0.0,0.0,N,
2026-05-31,2,98.29,199.3347619047619,0.0,0.0,P,98.29
2026-05-31,3,94.59,393.7202380952381,0.0,0.0,P,94.59
2026-05-31,4,102.08,494.1455555555556,0.0,0.0,P,102.08
2026-05-31,5,99.56,342.23333333333335,0.0,0.0,P,99.56
2026-05-31,6,99.87,438.75,0.0,0.0,P,99.87
2026-05-31,7,103.06,599.2022596320346,0.0,0.0,P,103.06
2026-05-31,8,101.66,377.56439393939394,0.0,0.0,P,101.66
2026-05-31,9,103.16,340.1333333333333,0.0,0.0,P,103.16
2026-05-31,10,102.75,322.6458333333333,0.0,0.0,P,102.75
2026-05-31,11,104.67,403.70416666666665,0.0,0.0,P,104.67
2026-05-31,12,101.86,459.2924603174603,0.0,0.0,P,101.86
2026-05-31,13,99.96,566.8824763888889,0.0,0.0,P,99.96
2026-05-31,14,100.05,431.1902292238562,0.0,0.0,P,100.05
2026-05-31,15,85.0,-38.98857988672469,0.0,0.0,N,
2026-05-31,16,98.23,48.595627837301585,0.0,0.0,P,98.23
2026-05-31,17,85.0,-182.3934132376284,0.0,0.0,N,
2026-05-31,18,77.0,-123.20615837865836,0.0,0.0,N,
2026-05-31,19,77.0,-102.7593265079365,0.0,0.0,N,
2026-05-31,20,87.3,86.01047288359788,0.0,0.0,P,87.3
2026-05-31,21,86.6,78.81658597222223,0.0,0.0,P,86.6
2026-05-31,22,123.95,32.26942805555556,0.0,0.0,P,
2026-05-31,23,77.0,-70.15206513888889,0.0,0.0,N,
2026-05-31,24,79.4,-32.46734125,0.0,0.0,N,
2026-05-31,25,77.68,-126.42261515873015,0.0,0.0,N,
2026-05-31,26,77.0,-192.5923998743386,0.0,0.0,N,
2026-05-31,27,77.0,-115.55732381613755,0.0,0.0,N,
2026-05-31,28,74.0,-307.90688036180876,0.0,0.0,N,
2026-05-31,29,66.0,-381.9636399641577,0.0,0.0,N,
2026-05-31,30,60.0,-479.8698539569797,0.0,0.0,N,
2026-05-31,31,73.06,-186.1086047605364,0.0,0.0,N,
2026-05-31,32,78.8,-14.925833974849208,0.0,0.0,N,
2026-05-31,33,82.0,-10.682144477513228,0.0,0.0,N,
2026-05-31,34,129.5,72.47389716176252,0.0,0.0,P,
2026-05-31,35,131.0,159.119145241379,0.0,0.0,P,
2026-05-31,36,131.0,78.96952901404151,0.0,0.0,P,
2026-05-31,37,143.49,96.06013715141766,0.0,0.0,P,
2026-05-31,38,154.9,229.75533763485052,0.0,0.0,P,
2026-05-31,39,143.49,203.62830438436785,0.0,0.0,P,
2026-05-31,40,145.0,205.39606319444445,0.0,0.0,P,
2026-05-31,41,143.49,23.87357036816174,0.0,0.0,P,
2026-05-31,42,154.9,314.8999973611111,0.0,0.0,P,
2026-05-31,43,144.0,227.49259023148147,0.0,0.0,P,
2026-05-31,44,143.49,78.89074074074074,0.0,0.0,P,
2026-05-31,45,143.49,152.64523809523808,0.0,0.0,P,
2026-05-31,46,143.49,33.50833361111111,0.0,0.0,P,
2026-05-31,47,143.49,162.5920833333333,0.0,0.0,P,143.49
2026-05-31,48,103.68,-17.26375,0.0,0.0,N,
2026-06-01,1,145.0,173.33333333333334,0.0,0.0,P,145.0
2026-06-01,2,103.7,-12.917425,0.0,0.0,N,
2026-06-01,3,101.58,-0.5833316666666667,0.0,0.0,N,
2026-06-01,4,120.64,216.85,0.0,0.0,P,120.64
2026-06-01,5,100.0,302.34940472222223,0.0,0.0,P,100.0
2026-06-01,6,123.18,196.0503002116402,0.0,0.0,P,123.18
2026-06-01,7,104.98,73.14166666666667,0.0,0.0,P,104.98
2026-06-01,8,102.43,44.78958333333333,0.0,0.0,P,102.43
2026-06-01,9,86.1,-87.51258863095238,0.0,0.0,N,
2026-06-01,10,86.1,-86.81401824074074,0.0,0.0,N,
2026-06-01,11,86.1,-150.36962306899642,0.0,0.0,N,
2026-06-01,12,86.06,-381.4806896794872,0.0,0.0,N,
2026-06-01,13,86.07,-236.4320622934473,0.0,0.0,N,
2026-06-01,14,86.07,-229.43857805204223,0.0,0.0,N,
2026-06-01,15,86.06,-150.86501267857142,0.0,0.0,N,
2026-06-01,16,134.0,88.68412698412699,0.0,0.0,P,
2026-06-01,17,134.0,63.54426501803752,0.0,0.0,P,
2026-06-01,18,86.07,-25.837209595543342,0.0,0.0,N,
2026-06-01,19,134.0,11.862210012210012,0.0,0.0,P,
2026-06-01,20,134.0,20.947222222222223,0.0,0.0,P,
2026-06-01,21,134.0,114.61111111111111,0.0,0.0,P,
2026-06-01,22,134.0,56.66665916666667,0.0,0.0,P,
2026-06-01,23,77.0,-402.925,0.0,0.0,N,
2026-06-01,24,77.01,-130.05231949619824,0.0,0.0,N,
2026-06-01,25,82.1,-91.50764790764792,0.0,0.0,N,
2026-06-01,26,78.0,-200.17640873015873,0.0,0.0,N,
2026-06-01,27,77.01,-153.6213888888889,0.0,0.0,N,
2026-06-01,28,68.81,-576.6765536111111,0.0,0.0,N,
2026-06-01,29,70.5,-256.4023300462963,0.0,0.0,N,
2026-06-01,30,124.0,57.26621491452991,0.0,0.0,P,
2026-06-01,31,159.95,149.05632472222223,0.0,0.0,P,
2026-06-01,32,159.95,87.37491091269841,0.0,0.0,P,
2026-06-01,33,82.5,-181.20044609126984,0.0,0.0,N,
2026-06-01,34,82.5,-208.77603731386097,0.0,0.0,N,
2026-06-01,35,87.1,-208.4965909275702,0.0,0.0,N,
2026-06-01,36,114.5,-9.478467159826756,0.0,0.0,N,
2026-06-01,37,163.0,149.2957449633603,0.0,0.0,P,
2026-06-01,38,173.5,512.8733319444444,0.0,0.0,P,
2026-06-01,39,163.0,278.49486762363426,0.0,0.0,P,
2026-06-01,40,173.5,507.8881263888889,0.0,0.0,P,
2026-06-01,41,163.0,240.36423562368972,0.0,0.0,P,
2026-06-01,42,159.95,56.94127638888889,0.0,0.0,P,
2026-06-01,43,173.5,333.0990678525641,0.0,0.0,P,
2026-06-01,44,148.54464529005347,397.1487091951567,0.0,0.0,P,148.49
2026-06-01,45,100.58,-262.7711571957672,0.0,0.0,N,
2026-06-01,46,110.01,-111.50421875719827,0.0,0.0,N,
2026-06-01,47,105.75645943825587,-73.98299730263157,0.0,0.0,N,
2026-06-01,48,113.68,147.12476631944443,0.0,0.0,P,113.68
2026-06-02,1,98.44,-9.66007257936508,0.0,0.0,N,
2026-06-02,2,135.0,27.618809226190475,0.0,0.0,P,135.0
2026-06-02,3,103.85,158.52740603174604,0.0,0.0,P,103.85
2026-06-02,4,103.16,403.22169726851854,0.0,0.0,P,103.16
2026-06-02,5,104.51,295.0969001133461,0.0,0.0,P,104.51
2026-06-02,6,106.76,436.4420634920635,0.0,0.0,P,106.76
2026-06-02,7,102.76,98.23680173782157,0.0,0.0,P,102.76
2026-06-02,8,104.9,401.07106823572343,0.0,0.0,P,104.9
2026-06-02,9,114.42,617.03158127925,0.0,0.0,P,114.42
2026-06-02,10,118.96,686.0166666666667,0.0,0.0,P,118.96
2026-06-02,11,131.51,657.9548385779976,0.0,0.0,P,131.51
2026-06-02,12,136.28,663.0078297140523,0.0,0.0,P,136.28
2026-06-02,13,136.16,629.4291666666667,0.0,0.0,P,136.16
2026-06-02,14,139.03,398.22301402777777,0.0,0.0,P,139.03
2026-06-02,15,109.22,-21.506985525485124,0.0,0.0,N,
2026-06-02,16,110.92452229321675,-38.26586596413889,0.0,0.0,N,
2026-06-02,17,146.9175029666322,312.1608836111111,0.0,0.0,P,146.7473923125
2026-06-02,18,159.2960810236432,287.28749591576434,0.0,0.0,P,159.17766666666665
2026-06-02,19,159.0,321.14134138888886,0.0,0.0,P,159.0
2026-06-02,20,155.58021071028088,305.9929950071677,0.0,0.0,P,155.50739151550388
2026-06-02,21,130.53,26.016113432539683,0.0,0.0,P,130.53
2026-06-02,22,88.11,-45.59917953348966,0.0,0.0,N,
2026-06-02,23,82.31,-504.06244240531606,0.0,0.0,N,
2026-06-02,24,82.5,-475.3185668820477,0.0,0.0,N,
2026-06-02,25,87.0,-109.6083412549678,0.0,0.0,N,
2026-06-02,26,159.9,117.04268251068376,0.0,0.0,P,
2026-06-02,27,159.9,31.87606143772894,0.0,0.0,P,
2026-06-02,28,87.05,-2.8849602777777776,0.0,0.0,N,
2026-06-02,29,159.9,45.19277397875817,0.0,0.0,P,
2026-06-02,30,159.9,65.32906785175246,0.0,0.0,P,
2026-06-02,31,159.9,271.0224358974359,0.0,0.0,P,
2026-06-02,32,124.97,13.726746742424243,0.0,0.0,P,
2026-06-02,33,105.11,193.63422715201463,0.0,0.0,P,
2026-06-02,34,155.0,244.82582387931512,0.0,0.0,P,
2026-06-02,35,90.92,-135.03099070767195,0.0,0.0,N,
2026-06-02,36,94.36,-143.17239094333837,0.0,0.0,N,
2026-06-02,37,91.79,-444.0045986514504,0.0,0.0,N,
2026-06-02,38,110.2,-4.397040757413882,0.0,0.0,N,
2026-06-02,39,99.76,-153.48798321216108,0.0,0.0,N,
2026-06-02,40,155.0,28.389170746865563,0.0,0.0,P,
2026-06-02,41,163.75,176.37074305555555,0.0,0.0,P,
2026-06-02,42,155.0,49.46345281592802,0.0,0.0,P,
2026-06-02,43,90.1,-16.50373426158565,0.0,0.0,N,
2026-06-02,44,129.99,4.141675,0.0,0.0,P,
2026-06-02,45,135.28,154.48708708333334,0.0,0.0,P,135.28
2026-06-02,46,85.0,-180.48611712098088,0.0,0.0,N,
2026-06-02,47,104.82,98.51906278328924,0.0,0.0,P,104.82
2026-06-02,48,124.25,427.8630822314815,0.0,0.0,P,124.25
2026-06-03,1,144.0,248.1386910248202,0.0,0.0,P,144.0
2026-06-03,2,88.99,-18.23503281746032,0.0,0.0,N,
2026-06-03,3,129.8072213541166,25.93846851851389,0.0,0.0,P,127.8045
2026-06-03,4,87.9,-123.61377791548148,0.0,0.0,N,
2026-06-03,5,88.8,-31.81405844523267,0.0,0.0,N,
2026-06-03,6,105.01,13.774669457066498,0.0,0.0,P,
2026-06-03,7,91.7,-23.439974438826525,0.0,0.0,N,
2026-06-03,8,104.54,39.90051694444445,0.0,0.0,P,104.54
2026-06-03,9,144.0,69.05193125,0.0,0.0,P,144.0
2026-06-03,10,152.0,145.5498735620915,0.0,0.0,P,152.0
2026-06-03,11,94.6,-36.80365268518056,0.0,0.0,N,
2026-06-03,12,152.0,10.566055562609371,0.0,0.0,P,
2026-06-03,13,143.75,239.64256091614934,0.0,0.0,P,
2026-06-03,14,140.0,242.4734607919537,0.0,0.0,P,
2026-06-03,15,144.0,421.85472644355644,0.0,0.0,P,
2026-06-03,16,139.0,108.64849537902707,0.0,0.0,P,
2026-06-03,17,160.0,586.1916680555555,0.0,0.0,P,
2026-06-03,18,144.0,407.9166584477124,0.0,0.0,P,
2026-06-03,19,88.1,-55.41325359968735,0.0,0.0,N,
2026-06-03,20,140.0,218.3706328373016,0.0,0.0,P,
2026-06-03,21,140.0,276.0635879722222,0.0,0.0,P,
2026-06-03,22,133.85,26.619533656821027,0.0,0.0,P,
2026-06-03,23,135.5,254.30333537948871,0.0,0.0,P,
2026-06-03,24,64.7,-86.97759411796636,0.0,0.0,N,
2026-06-03,25,45.36,-532.8696488487608,0.0,0.0,N,
2026-06-03,26,26.85,-457.39282333971903,0.0,0.0,N,
2026-06-03,27,32.43,-154.8335131653019,0.0,0.0,N,
2026-06-03,28,34.56,-97.35550763748905,0.0,0.0,N,
2026-06-03,29,28.74,48.70239109126984,0.0,0.0,P,28.74
2026-06-03,30,28.6,83.58124818181818,0.0,0.0,P,28.6
2026-06-03,31,52.1,541.8702677053141,0.0,0.0,P,52.1
2026-06-03,32,90.0,448.2451036111111,0.0,0.0,P,90.0
2026-06-03,33,90.0,517.4794444444444,0.0,0.0,P,90.0
2026-06-03,34,139.8,411.4783674894405,0.0,0.0,P,
2026-06-03,35,128.0,98.54765738095239,0.0,0.0,P,
2026-06-03,36,133.0,26.03782914682639,0.0,0.0,P,
2026-06-03,37,133.0,167.05000069444444,0.0,0.0,P,
2026-06-03,38,133.0,33.82258861111111,0.0,0.0,P,
2026-06-03,39,116.41,-99.51443805555556,0.0,0.0,N,116.41
2026-06-03,40,118.35,-93.99166625,0.0,0.0,N,118.35
2026-06-03,41,74.5,-77.74134596153846,0.0,0.0,N,
2026-06-03,42,80.0,-35.50482257132132,0.0,0.0,N,
2026-06-03,43,139.0,268.78747140688426,0.0,0.0,P,
2026-06-03,44,147.5,341.225,0.0,0.0,P,
2026-06-03,45,139.0,236.4107843137255,0.0,0.0,P,
2026-06-03,46,139.0,209.63768818627452,0.0,0.0,P,
2026-06-03,47,132.5,92.94890639430014,0.0,0.0,P,
2026-06-03,48,52.97,-114.15939347222222,0.0,0.0,N,
